CONTROLLER_ERROR_CODE,CONTROLLERTEMPERATUREPUMP,BATTERYCURRENTPUMP,MOTORTEMPERATUREREAR,BATTERYLOWESTCELLVOLTAGE,MOTORTORQUEFR,MOTORRPMPUMP,BATTERYARRAYCURRENT,BATTERYCURRENTFR,BATTERYCURRENTREAR,CONTROLLERTEMPERATUREFR,BATTERYPOWERPUMP,MOTORTORQUEREAR,MOTORPOWERPUMP,MOTORPOWERREAR,BATTERYPOWERFR,BATTERYARRAYVOLTAGE,BATTERYSYSTEMHIGHTEMPERATURE,MOTORTEMPERATUREFL,BATTERYHIGHESTCELLVOLTAGE,BATTERYSTATEOFCHARGE,MOTORPOWERFL,BATTERYPOWERFL,MOTORTORQUEFL,BATTERYSYSTEMLOWTEMPERATURE,MOTORTEMPERATUREPUMP,BATTERYCURRENTFL,MOTORRPMFR,MOTORTORQUEPUMP,MOTORTEMPERATUREFR,CONTROLLERTEMPERATUREREAR,MOTORPOWERFR,MOTORRPMFL,STEERANGLEPUMP,CONTROLLERTEMPERATUREFL
"56,66",9.1,85,4,3.839,-0.46,-2,-59,1.3,2.2,7.8,0.19,0.47,1.42,0,0,53.6,5.8,4.4,3.841,87,0,0,0.21,4,9,-0.5,455,1.95,10.6,4.5,0,14,0,7.9
"56,64,65,66",15.6,0,13.4,3.924,0,-7,0,0,0,16.8,0,0,0,0,0,55.1,13.2,13.4,3.941,86,0,0,0,11.9,12,0,0,0,17.5,14.4,0,0,4,17.4
"56,64,65,66",15.7,0,13.4,3.924,0,0,0,0,0,17,0,0,0,0,0,55.1,13.2,13.4,3.941,86,0,0,0,12,12,0,-3,0,17.5,14.7,0,0,3,17.5
"56,64,65,66",16.1,0,13.4,3.924,0,0,0,0,0,17.4,0,0,0,0,0,55.1,13.3,13.4,3.94,86,0,0,0,12,12,0,3,0,17.5,15,0,0,4,18.1
55,16.6,0,13.4,3.924,0,-7,0,0,0,17.8,0,0,0,0,0,55.1,13.4,13.4,3.94,86,0,0,0,12,12,0,0,0,17.5,15.3,0,-1,4,18.6
"52,55",16.6,0,13.4,3.924,0,0,0,0,0,17.8,0,0,0,0,0,55.1,13.4,13.4,3.94,86,0,0,0,12,12,0,0,0,17.5,15.3,0,1,4,18.6
52,16.6,0,13.4,3.923,0,3,0,0,0,17.8,0,0,0,0,0,55.1,13.4,13.4,3.94,86,0,0,0,12,12,0,0,0,17.5,15.3,0,1,3,18.6
52,16.8,0,13.4,3.924,0,3,0,0,0,18,0,0,0,0,0,55.1,13.5,13.4,3.94,86,0,0,0,12,12,0,0,0,17.5,15.5,0,0,3,18.9
59,17,0,13.4,3.923,0,-6,0,0,0,18.2,0,0,0,0,0,55.1,13.5,13.4,3.94,86,0,0,0,12.1,12,0,0,0,17.5,15.7,0,0,4,19.1
"56,59,66",17,0,13.4,3.923,0,3,0,0,0,18.2,0,0,0,0,0,55.1,13.5,13.4,3.939,86,0,0,0,12.1,12,0,0,0,17.5,15.7,0,0,4,19.1
"56,59,66",17,0,13.4,3.923,0,-3,0,0,0,18.3,0,0,0,0,0,55.1,13.5,13.4,3.939,86,0,0,0,12.1,12,0,0,0,17.5,15.7,0,0,3,19.1
"53,56,66",17,0,13.4,3.923,0,-6,0,0,0,18.3,0,0,0,0,0,55.1,13.5,13.4,3.939,86,0,0,0,12.1,12,0,0,0,17.5,15.7,0,-5,3,19.1
"56,62,66",17.2,0,13.4,3.923,0,-3,0,0,0,18.5,0,0,0,0,0,55,13.6,13.4,3.939,86,0,0,0,12.1,12,0,0,0,17.5,16,0,0,3,19.4
"56,62,66",17.2,0,13.4,3.923,0,3,0,0,0,18.5,0,0,0,0,0,55,13.6,13.4,3.939,86,0,0,0,12.1,12,0,0,0,17.5,16,0,0,4,19.4
"54,56,62,66",17.2,0,13.4,3.922,0,3,0,0,0,18.5,0,0,0,0,0,55,13.6,13.4,3.939,86,0,0,0,12.1,12,0,-2,0,17.5,16,0,0,4,19.4
"54,56,66",17.2,0,13.4,3.923,0,3,0,0,0,18.5,0,0,0,0,0,55,13.6,13.4,3.938,86,0,0,0,12.1,12,0,-2,0,17.5,16,0,0,4,19.4
"51,56",31.1,21.5,0,3.262,-0.17,0,0,-24.4,-18.1,24.6,0.06,-0.01,0.85,0,0,0.1,15,0,3.269,89,0,0,-0.15,15,0,0.4,188,0,0,20,0,110,-2,25.8
58,,,,,,,,,,,,,,,,,,,,,,,,,,,,,,,,,,
58,19.1,0,21.7,3.308,0,-7,-1,0,0,18.7,0,0,0,0,0,53.1,17,14.3,3.317,81,0,0,0,16,16.2,0,2,0,16.2,16.6,0,0,-2,19.5
58,,,,,,,,,,,,,,,,,,,,,,,,,,,,,,,,,,
58,,,,,,,,,,,,,,,,,,,,,,,,,,,,,,,,,,
"23,24,51",28.3,5.5,31.3,3.202,-0.52,0,0,74.9,63.2,17,0.04,-1.48,0.44,3.12,0.3,51.4,17,0,3.217,51,0.32,-0.01,-0.79,16,0,10.7,1530,1.23,0,13.4,-0.16,2902,-6,19.4
"51,56",24.2,5.6,17.1,3.287,-0.05,0,-25,-7.7,-22.7,21.1,0.03,0.15,0.63,-0.49,0,52.4,14,0,3.295,94,0.16,0.04,-0.32,13,0,1.5,520,1.64,0,17.8,0.38,840,0,21.4
58,,,,,,,,,,,,,,,,,,,,,,,,,,,,,,,,,,
58,9.6,0,6.5,3.338,0,0,-1,0,0,10.7,0,0,0,0,0,53.5,10,2.4,3.347,77,0,0,0,9,3.7,0,0,0,3.5,8.4,0,0,6,10.7
58,12.8,0,9.4,3.343,0,-6,-1,0,0,13.3,0,0,0,0,0,53.6,11,4.6,3.351,79,0,0,0,10,7.9,0,0,0,6.5,11.1,0,0,-1,13.5
58,12.9,0,9.3,3.344,0,-3,-1,0,0,13.5,0,0,0,0,0,53.6,11,4.1,3.353,79,0,0,0,11,7.9,0,0,0,6.5,11.2,0,0,-1,13.7
58,,,,,,,,,,,,,,,,,,,,,,,,,,,,,,,,,,
"56,64,65,66",34.5,0,14.3,3.312,0,0,-2,0,0,26.5,0,0,0,0,0,53.1,20,11.5,3.32,74,0,0,0,19,50.6,0,-175,0,13.1,21.1,0,31,3,30.4
"64,66",34.5,0,14.3,3.315,0,0,5,0,0,26.5,0,0,0,0,0,53.2,20,0,3.323,75,0,0,0,19,0,0,-13,0,0,21.1,0,809,3,30.4
"56,66",,,,,,,,,,,,,,,,,,,,,,,,,,,,,,,,,,
"56,66",32.3,0,14.6,3.312,0,0,0,0,0,26.3,0,0,0,0,0,53.1,20,12.1,3.32,74,0,0,0,19,47.6,0,0,0,14.2,21.4,0,-1,3,29.6
"56,66",31.9,0,14.2,3.313,0,0,0,0,0,26.3,0,0,0,0,0,53.1,20,12.1,3.321,75,0,0,0,19,46.5,0,0,0,14.5,21.4,0,0,3,29.4
58,,,,,,,,,,,,,,,,,,,,,,,,,,,,,,,,,,
58,16.4,0,14.7,3.384,0,0,-2,0,0,16.5,0,0,0,0,0,54.3,16,10.6,3.398,100,0,0,0,15,11.9,0,0,0,12.1,15,0,0,3,16.7
58,28,0,20.3,4.129,0,0,0,0,0,29,0,0,0,0,0,57.9,16,25.8,4.142,100,0,0,0,12.1,10.1,0,0,0,24.4,28,0,-1,0,15.9
58,,0,,,,0,,,0,,0,0,0,0,,,,,,,,,,,,,,0,,3.4,,,-17,
58,,0,-1.7,,,-3,,,0,,0,0,0,0,,,,,,,,,,,,,,0,,3.4,,,-17,
58,3,0,-5.8,,,0,,,0,,0,0,0,0,,,,,,,,,,,-1.6,,,0,,4.7,,,-17,
58,,,,,,,,,,,,,,,,,,,,,,,,,,,,,,,,,,
58,,,,,,,,,,,,,,,,,,,,,,,,,,,,,,,,,,
58,,,,,,,,,,,,,,,,,,,,,,,,,,,,,,,,,,
58,4,0,-4.5,,,0,,,0,,0,0,0,0,,,,,,,,,,,-0.4,,,0,,5,,,-17,
58,4,0,-5.7,,,0,,,0,,0,0,0,0,,,,,,,,,,,-0.4,,,0,,5,,,-17,
58,,,,,,,,,,,,,,,,,,,,,,,,,,,,,,,,,,
58,3.5,0,-4.4,,,0,,,0,,0,0,0,0,,,,,,,,,,,-1.9,,,0,,4.5,,,-16,
58,3,0,-4.1,,,-3,,,0,,0,0,0,0,,,,,,,,,,,-1.8,,,0,,4,,,-16,
58,3.3,0,-1.9,,,0,,,0,,0,0,0,0,,,,,,,,,,,-1.8,,,0,,4.1,,,-16,
58,,,,,,,,,,,,,,,,,,,,,,,,,,,,,,,,,,
58,3.3,0,-2,,,0,,,0,,0,0,0,0,,,,,,,,,,,-1.8,,,0,,4.3,,,-16,
58,3.5,0,-2,,,0,,,0,,0,0,0,0,,,,,,,,,,,-1.8,,,0,,4.3,,,-16,
58,,,,,,,,,,,,,,,,,,,,,,,,,,,,,,,,,,
58,,,,,,,,,,,,,,,,,,,,,,,,,,,,,,,,,,
58,3.7,0,-3.1,,,0,,,0,,0,0,0,0,,,,,,,,,,,-1.8,,,0,,4.5,,,-16,
58,5.5,0,-1.8,,,-9,,,0,,0,0,0,0,,,,,,,,,,,-1.8,,,0,,4.6,,,-16,
58,,,,,,,,,,,,,,,,,,,,,,,,,,,,,,,,,,
58,8.9,1.3,-1.8,,,391,,,0,,0,0,0,0,,,,,,,,,,,-1.6,,,0.02,,5,,,-16,
58,,,,,,,,,,,,,,,,,,,,,,,,,,,,,,,,,,
58,,,,,,,,,,,,,,,,,,,,,,,,,,,,,,,,,,
58,6.3,0,-1.8,,,0,,,0,,0,0,0,0,,,,,,,,,,,-0.4,,,0.31,,4.8,,,-15,
58,,,,,,,,,,,,,,,,,,,,,,,,,,,,,,,,,,
58,,,,,,,,,,,,,,,,,,,,,,,,,,,,,,,,,,
58,5.1,0,-3.1,,,0,,,0,,0,0,0,0,,,,,,,,,,,-0.4,,,0,,5,,,-16,
58,,,,,,,,,,,,,,,,,,,,,,,,,,,,,,,,,,
58,5.1,0,-2.8,,,0,,,0,,0,0,0,0,,,,,,,,,,,-1.6,,,0,,5,,,-16,
58,,,,,,,,,,,,,,,,,,,,,,,,,,,,,,,,,,
58,,,,,,,,,,,,,,,,,,,,,,,,,,,,,,,,,,
58,4.4,0,-2.9,,,0,,,0,,0,0,0,0,,,,,,,,,,,-0.5,,,0,,5,,,-15,
58,4.2,0,-8.1,,,0,,,0,,0,0,0,0,,,,,,,,,,,-1,,,0,,4.8,,,-15,
58,4.1,0,-20.2,,,0,,,0,,0,0,0,0,,,,,,,,,,,-1.7,,,0,,4.9,,,-16,
58,4.1,0,-40,,,0,,,0,,0,0,0,0,,,,,,,,,,,-1.8,,,0,,5,,,-15,
58,,,,,,,,,,,,,,,,,,,,,,,,,,,,,,,,,,
58,,,,,,,,,,,,,,,,,,,,,,,,,,,,,,,,,,
58,0.5,0,-16,,,0,,,0,,0,0,0,0,,,,,,,,,,,-4.5,,,0,,-0.6,,,-70,
58,,,,,,,,,,,,,,,,,,,,,,,,,,,,,,,,,,
"21,29,58",,,,,,,,,,,,,,,,,,,,,,,,,,,,,,,,,,
"21,29,32,58",,,,,,,,,,,,,,,,,,,,,,,,,,,,,,,,,,
"21,29,32,58",12.2,0,200,,,0,,,0,,0,0,0,0,,,,,,,,,,,5.1,,,0,,13.1,,,-63,
"21,29,32,58",12.4,0,200,,,-3,,,0,,0,0,0,0,,,,,,,,,,,5.3,,,0,,13.2,,,-63,
"21,29,32,58",12.7,0,200,,,7,,,0,,0,0,0,0,,,,,,,,,,,6.2,,,0,,13.5,,,-63,
"21,29,32,58",12.9,0,200,,,0,,,0,,0,0,0,0,,,,,,,,,,,6.4,,,0,,13.7,,,-63,
"21,29,32,58",13.2,0,200,,,0,,,0,,0,0,0,0,,,,,,,,,,,6.5,,,0,,14,,,-63,
"21,29,32,58",13.3,0,200,,,-7,,,0,,0,0,0,0,,,,,,,,,,,6.5,,,0,,14.1,,,-63,
17,12.2,0,7.9,4.044,0.79,420,-10,0,0,11.2,0.01,-0.01,0.15,0,0.01,56.7,12.4,12,4.058,100,0,0,0.62,11.3,13,0,-109,0.19,12,9.7,0,-67,0,11.2
"21,29",13.3,30.9,173.8,3.972,0,900,-125,0,0,11.8,0.21,0,7.99,0.04,0.02,56.2,11.6,13.4,4.027,100,0,0,0,10.6,13.4,0,-100,0,12,10.3,0,-22,75,12.2
"21,29",13.3,4.4,200,4.044,0,0,0,0,0,11.8,0,0,0,0,0,56.7,11.6,13.4,4.058,100,0,0,0,10.6,14.8,0,5,0,12,10.3,0,-7,76,12.2
"21,29",13.6,0,200,4.05,0,0,0,0,0,11.9,0,0,0,0,0,56.8,11.6,13.4,4.064,100,0,0,0,10.7,14.8,0,2,0,12,10.4,0,5,74,12.3
"21,29",13.2,43.4,183.6,4.037,0,775,-48,0.5,0,13.2,0.27,0,2.2,0,0,56.7,12.4,13.4,4.062,100,0,0,0,11.2,13.4,-3.9,-1,0,13.4,11.5,0,-2,32,13.3
"12,21,29",15.4,18.6,181.5,4,-0.51,798,-69,15.9,27.4,14.9,0.09,-2.01,0.22,1.39,0,56.5,12.5,15.8,4.046,100,0.95,0.1,-0.88,11.2,16.2,12.2,-1513,0.17,13.4,13.5,0.46,-1169,73,15.3
"21,29",,,,,,,,,,,,,,,,,,,,,,,,,,,,,,,,,,
"21,29",15.3,30.9,99.7,4.041,0,806,-1,0,0,14.8,0.14,0,1.22,0,0,56.8,12.6,13.1,4.066,100,0,0,0,11.3,15.9,0,-14,1.66,11.7,12.8,0,7,69,15.2
"21,29",15.3,30.9,43.9,4.041,0,792,-1,0,0,14.8,0.14,0,1.22,0,0,56.8,12.6,13.1,4.066,100,0,0,0,11.3,15.9,0,-14,1.66,11.7,12.8,0,7,69,15.2
"21,29",18.5,179.2,171.7,3.978,-1.34,787,-72,0.8,9.8,16.8,0.95,-0.15,4.18,0,0,55.9,13.5,17.4,3.999,100,0,0,-0.07,12,21.4,0,-2,0.27,18,14.1,0,0,10,16
"21,29",18.5,8.8,199.6,4.013,-1.34,892,-13,0.8,9.8,16.8,0.08,-0.15,0.67,0,0,56.3,13.5,17.4,4.028,100,0,0,-0.07,12,21.4,0,0,0.27,18,14.1,0,0,89,16
"21,29",18.7,0,185.7,3.993,0,0,-22,0,2.1,18.1,0.03,0,0.38,0,0,56.2,14.1,17.2,4.034,100,0,0,0,12.4,20.9,0,0,0,15.8,16,0,-3,90,18.9
"21,29",15.3,0,200,4.046,0,0,0,0,0,16.4,0,0,0,0,0,56.7,14,14.8,4.058,100,0,0,0,12.5,17.5,0,0,0,14.8,14.3,0,0,89,16.6
"21,29",18.1,-2.2,180.1,4.039,-0.03,740,-44,10.2,-24.1,18.2,0.04,-0.57,0.51,-0.19,0.05,56.9,16.1,19.5,4.072,100,1.01,0.12,0.4,14.5,17.1,0,-21,3.18,17.5,17.8,0.3,-10,-2,18.5
"21,29",21.7,31.3,199.6,4.057,0,544,-5,-0.1,-0.1,22.2,0.02,-0.01,0.71,0,0,56.9,16.9,21.6,4.07,100,0,0,0.05,15.2,21.6,0,0,0.42,18.9,20.6,0,0,70,22.1
"21,29",21.8,0,200,4.067,0,0,0,0,0,22.1,0,0,0,0,0,57,17,16.3,4.078,100,0,0,0,15.2,14.7,0,0,0,19.1,20.4,0,-3,89,22.1
"21,29",14.5,0,200,4.066,0,-9,0,0,0,22.1,0,0,0,0,0,57,16.5,16.3,4.078,100,0,0,0,15.5,14.7,0,-7,0,14.9,20.4,0,3,89,22.1
"21,29",,,,,,,,,,,,,,,,,,,,,,,,,,,,,,,,,,
"21,29",19.4,4.2,97.4,4,0,816,-22,0,0,20.5,0.05,0,0.23,0,0,56.3,15.1,21.7,4.032,100,0,0,0,13.8,16.2,0,-1,0,20.3,18.1,0,17,90,20.7
"21,29",19.9,-1.5,168.7,3.999,0,853,-39,0,0,20.5,0.24,0,1.66,0,0,56.1,15.1,21.7,4.013,100,0,0,0,13.8,17.2,0,-2,0,20.3,18.1,0,1,77,20.7
"21,29",20.4,4.7,189.2,3.99,0,794,-44,0,0,20.5,0.03,0,0.34,0,0,56,15.1,21.7,4.008,100,0,0,0,13.8,17.5,0,20,0,20.3,18.2,0,16,30,20.8
"21,29",15.8,42.3,174.3,4.001,0,853,-42,0,0,16.1,0.22,0,1.87,0,0,56.1,16.9,17.6,4.013,100,0,0,0,16.1,15.8,0,0,0,16.2,15.6,0,0,16,16.5
"21,29",15.9,5,194.3,3.992,0,810,-30,0,0,16.1,0.04,0,0.34,0,0,56,16.9,17.9,4.03,100,0,0,0,16.1,16,0,0,0.4,16.3,15.6,0,3,90,16.5
"21,29",16.9,64.5,171.1,3.99,0,840,-47,0,0,16.2,0.26,0,2.16,0,0,56,17,18.8,4.005,100,0,0,0,16.2,17,0,21,0.93,17.4,15.8,0,0,90,16.6
"21,29",17.3,2.2,186.7,3.994,0,802,-32,-0.1,0,17.2,0.02,0,0.21,0,0,56.1,17.1,18.4,4.016,100,0,0,0,16.2,17.5,0,0,0.26,17.5,16.4,0,-2,66,17.5
"12,21",6.7,7.8,6.1,3.802,0.06,916,-69,47.6,0,2.2,0.09,0.03,1,-1.91,0.04,53.9,5.3,2.4,3.89,90,-0.27,0.31,0.76,1.9,21.2,-2.9,2916,2.08,0.2,1.7,2.6,671,20,3.7
"12,21",10.2,48,13.4,3.716,0.53,818,-49,-0.4,106.1,9.9,0.24,0.13,2.11,0,0,52.4,8,10.6,3.753,72,0,0,0.51,5.5,16.2,0,2,0.5,6.5,9.9,0,0,69,10.8
"12,21",10.4,0,13.4,3.751,0,0,0,0,0,9.7,0,0,0,0,0,52.7,8.1,10.6,3.771,71,0,0,0,5.6,16.2,0,0,0,7.9,9.4,0,2,75,10.7
"12,21",11.6,0,13.4,3.752,0,0,0,0,0,9.7,0,0,0,0,0,52.7,8.1,10.6,3.773,71,0,0,0,5.6,16.2,0,0,0,7.9,9.4,0,0,86,10.8
12,8.5,160.9,3.7,3.869,-0.14,1688,-198,14.1,8.8,2.7,0.81,-0.73,6.81,0,0,55.1,6.6,2.4,3.965,100,0,0,0.19,2.4,16.2,18.3,-2702,3.63,-0.4,2.2,-0.08,-1370,10,3.7
"12,21",8.5,5.7,3.7,4.016,-0.14,0,-5,0,8.8,2.7,0.02,-0.73,0.25,0,0,56.3,6.6,2.4,4.032,100,0,0,0.19,2.5,16.2,0,0,3.63,-0.4,2.2,0,1,61,3.7
"12,21,64",8.1,13.8,9.3,4.009,0,823,-63,1,0,6.1,0.07,0.07,0.27,-0.03,0,56.5,8.4,6.5,4.046,100,-0.11,0,0.72,4.5,13.4,-4.9,4,0.87,3.7,6,0,-3,86,7.8
"12,21,64",8.1,0,7.9,4.058,0,7,0,0,0,6.3,0,0,0,0,0,56.9,8.5,6.5,4.071,100,0,0,0,4.5,13.4,0,0,0,3.9,5.6,0,0,85,7.8
"12,21",7.9,39.9,8.3,3.934,0,875,-52,16.3,11.4,6,0.15,0,1.22,0,0,56.3,9.4,6.5,4.038,100,0,0.09,0,6.1,17.3,22.8,1849,0,3.7,6.6,-0.02,-100,38,7.1
"12,21",2.9,19.3,5.6,4.067,0,821,-55,0.2,-1,3.3,0.06,0,0.51,0.92,0.02,57.4,7.6,3.6,4.107,100,0.05,0.08,0,3.5,6.6,3.1,-814,0,0.9,3.1,0.16,-102,64,3.6
"12,21",3,22,7.5,3.72,0,922,-85,9,0,3.7,0.16,0,0.86,0.12,0,53.2,5.2,3.6,3.82,84,0,0,0,2.8,9.3,18.3,-2201,0.11,1,3.5,0.16,-1326,52,4.1
12,,,,,,,,,,,,,,,,,,,,,,,,,,,,,,,,,,
"12,21",6.9,28.3,9.8,3.654,-0.15,812,-55,1.9,108.4,5.5,0.03,-0.99,0.74,0.97,0,52.1,6,6.5,3.731,78,0,0,0.21,3.6,16.1,-1.2,1,0.57,3.7,5.3,0.01,-3,43,6.4
"12,21",5,45.7,8.9,3.938,0,1048,-111,0,0,5.4,0.4,0,4.7,1.81,0,55.7,8.6,5,3.985,100,0,0,0,5.5,14.7,0,-100,0,2.4,5,1.96,296,4,6.1
"12,21",5.7,34.3,7.5,3.881,-0.49,871,-38,-0.1,-0.1,4.4,0.1,0,1.48,0.02,0.02,54.6,7.7,4.7,3.903,98,0.02,0,0.06,4.8,13.3,0.5,267,3.27,2.4,4.3,0.01,6,74,4.8
12,5.7,5.5,7.5,3.909,-0.49,808,-6,-0.1,-0.1,4.4,0.02,0,0.27,0,0,54.9,7.8,4.7,3.927,98,0,0,0.06,4.8,13.3,0.5,0,3.27,2.4,4.3,0.01,-1,34,4.8
12,4,69.8,7.9,3.873,0,798,-63,0,0,4.5,0.4,0,3.04,3.27,0,54.4,7.5,5,3.892,95,0,0,0,4.8,9.3,0,12,0,2.4,4.3,0,32,-37,5.2
"12,21",4,10,7.9,3.903,0,794,-24,0,0,4.5,0.19,0,1.67,0,0,54.8,7.5,5,3.929,95,0,0,0,4.8,10.2,0,0,0,2.4,4.3,0,0,0,5.2
"12,21",5,0,7.9,3.927,0,0,0,0,0,4.8,0,0,0,0,0,55.1,7.6,5.1,3.938,95,0,0,0,4.9,10.6,0,0,0,3.6,4.6,0,0,0,5.5
12,0.9,28.9,2.1,3.852,0,900,-38,0,0,0.1,0.02,0,0.03,0.02,0,54.2,2.3,-0.4,3.881,94,-0.02,0,0,-0.2,5.1,0,6,0,-1.9,0.4,0.02,5,-9,0.8
"12,21",0.9,0,2.1,3.895,0,5,0,0,0,0.1,0.06,0,1.09,0,0,54.6,2.3,-0.4,3.909,94,0,0,0,-0.2,5.1,0,0,0,-1.9,0.4,0,0,21,0.8
"12,21",1.4,20.4,2,3.863,0,716,-40,0,0,0.4,0.02,0,1.48,0.02,0,54.5,2.3,-0.4,3.898,93,0.02,0,0,-0.2,5.1,0,19,0,-1.8,0.7,-0.04,73,42,1
12,9.7,25,3.7,3.734,0.22,820,-45,1,-5.6,3.7,0.04,-0.01,0.76,-0.51,0.16,52.8,3.2,3.7,3.783,87,0.84,0.02,0.16,0.5,21.4,28,1600,0.36,-0.4,3.1,0.85,395,31,5.6
"12,21",9.7,3.9,3.7,3.779,0.22,787,-6,1,-5.6,3.7,0.02,-0.01,0.34,0,0,53.1,3.2,3.7,3.796,87,0,0,0.16,0.6,21.4,-0.1,0,0.36,-0.4,3.1,0,0,17,5.6
"12,21",2.5,6.7,5.1,3.771,-0.19,803,-65,0.5,49.8,2.2,0.16,-1.49,1.35,2.31,0.01,53.4,3.2,1,3.844,86,-0.39,-0.03,0.99,0.5,12,-7.4,-2028,1.62,-1.8,2,0.4,-432,28,3.2
"12,21",7.6,6.8,6.5,3.545,0.26,985,-218,11.8,3,2.8,0.78,0.94,6.45,0.02,0.02,50.5,4,5.1,3.691,70,0,-0.02,0.56,1.2,17.6,2.9,-1435,0.29,-0.4,3,0.74,53,-6,4.7
"12,21",2.5,25.5,4.4,4.039,0,836,-52,-38.1,0,3.6,0.24,0,0.44,0.05,0,57.4,7.9,2,4.105,100,-0.12,0,0,4,4.7,0,-2037,0,-0.4,4,0.01,0,43,3.8
"12,21",6.2,32.6,6.7,3.956,0.04,791,-83,-1.3,-0.9,3.5,0.99,0,8.53,0.83,-0.02,55.6,6.8,3.7,3.983,100,1.06,0,0.5,3.7,14.2,4.6,417,1.71,2,3.8,-0.03,755,-50,4.4
"12,21",-1.7,27.9,0.9,3.798,-0.19,864,-127,7.5,0.7,-1.5,0.21,0.02,1.7,1.97,-0.02,54.9,0.1,-1.2,3.947,92,2.31,0,0.69,-2.5,2,4.2,3845,1.35,-4.5,-0.4,0.99,-39,7,-0.5
12,-0.7,6.7,0.9,3.935,-0.19,2,-3,7.5,0.7,-1.5,0,0.02,0,0,0,55.2,0.2,-1.2,3.953,92,0,0,0.69,-2.5,2,4.2,0,1.35,-3.9,-0.4,0,0,46,-0.5
"12,21",6,33.9,2,3.755,0,2524,-136,-1,13.8,-0.2,0.05,-0.01,1.12,0.02,-0.02,53.2,0.7,-0.3,3.812,90,0.03,0.02,0.06,-1.8,15.3,12.1,-2137,2.61,-3.2,0.2,0.02,-514,52,1.2
"12,21",8.4,22.8,5.4,3.683,-0.03,925,-102,7.2,0.9,2.3,0.25,-0.01,2.22,0,0,52.8,2.7,3.4,3.782,81,0.04,0,0.12,0,23.6,-0.1,169,2.58,-0.4,1.9,0.04,0,29,3.6
"12,21",11.2,3.5,9.3,3.676,0.18,689,-28,-3.4,2.3,6.4,0.33,-0.92,0.72,0.32,0,51.8,4,7.9,3.709,62,-0.02,0.06,-1.24,1.6,21.7,8.5,0,0.51,3.7,6,0.1,3,55,8.7
"12,21",5.8,40.9,4,3.955,-0.01,805,-91,-15.5,3.5,2.3,0.84,-0.29,7.08,0,-0.02,55.5,7.5,2.4,3.987,100,0.02,0.02,0.01,3.2,12,22.3,-751,1.09,-0.4,2.5,0,-3,52,3
"21,29",4.5,0,2.5,4.046,0,0,0,0,0,9.7,0,0,0,0,0,56.7,6.6,9.4,4.059,99,0,0,0,3.1,13.1,0,-10,0,7.8,10,0,0,41,4.3
"21,29",4.5,0,2.5,4.05,0,0,0,0,0,9.7,0,0,0,0,0,56.8,9.7,9.4,4.062,99,0,0,0,7.8,13.1,0,-10,0,7.8,10,0,0,41,4.3
"21,29",4.5,0,200,4.049,0,0,0,0,0,9.7,0,0,0,0,0,56.8,9.7,9.3,4.062,99,0,0,0,7.8,12,0,1,0,7.9,10,0,0,-18,10.3
"51,56",,,,,,,,,,,,,,,,,,,,,,,,,,,,,,,,,,
24,3.4,6.8,11.9,3.937,-0.38,804,-199,18.4,-95.5,5.1,0.03,-1.16,0.72,2.22,0.4,55.7,8.8,2,4.005,100,3.45,0,0.78,5.9,1,76.4,3459,0.77,3.7,3.2,3.45,3966,-13,4.1
"51,56",,,,,,,,,,,,,,,,,,,,,,,,,,,,,,,,,,
17,,,,,,,,,,,,,,,,,,,,,,,,,,,,,,,,,,
"56,64,66",15.8,0,16.2,3.851,0,-7,0,0,0,15,0,0,0,0,0,54,13.7,85.6,3.866,81,0,0,0,11.8,10.6,0,6,0,14.8,14.1,0,15,3,14.9
"56,64,66",16,0,16.2,3.848,0,0,0,0,0,15.4,0,0,0,0,0,54,13.7,85.6,3.864,81,0,0,0,11.8,11.7,0,0,0,14.8,14.4,0,19,3,14.9
"56,64,66",,,,,,,,,,,,,,,,,,,,,,,,,,,,,,,,,,
"56,64,66",16.6,0,16.2,3.847,0,0,0,0,0,15.8,0,0,0,0,0,54,13.7,85.6,3.863,81,0,0,0,11.8,11.9,0,7,0,14.8,14.7,0,14,3,14.9
"56,64,66",16.6,0,16.2,3.848,0,-7,0,0,0,15.8,0,0,0,0,0,54,13.7,85.6,3.863,81,0,0,0,11.8,11.6,0,-6,0,14.8,14.7,0,11,3,14.9
"56,64,66",17,0,16.2,3.845,0,0,0,0,0,16.4,0,0,0,0,0,54,13.7,85.6,3.862,81,0,0,0,11.8,12,0,5,0,14.8,14.9,0,11,2,14.9
"56,64,66",17.5,0,16.7,3.845,0,0,0,0,0,16.8,0,0,0,0,0,54,13.7,85.6,3.861,81,0,0,0,11.8,12,0,7,0,14.8,15.2,0,17,3,14.9
"56,64,66",17.8,0,16.2,3.844,0,0,0,0,0,17.1,0,0,0,0,0,53.9,13.7,85.6,3.86,81,0,0,0,11.9,12,0,-7,0,14.8,15.6,0,13,2,14.9
"56,64,66",15.4,0,16.2,3.845,0,0,0,0,0,14.9,0,0,0,0,0,54,13.7,84.6,3.86,81,0,0,0,11.8,10.6,0,0,0,13.4,14.3,0,8,3,14.7
"56,64,66",15.7,0,16.2,3.844,0,0,0,0,0,15,0,0,0,0,0,53.9,13.7,84.6,3.859,81,0,0,0,11.8,10.6,0,-9,0,14.8,14.4,0,20,3,14.7
"56,64,66",,,,,,,,,,,,,,,,,,,,,,,,,,,,,,,,,,
"56,64,66",16.8,0,16.2,3.841,0,0,0,0,0,16,0,0,0,0,0,53.9,13.7,105,3.857,81,0,0,0,11.8,10.7,0,2,0,14.8,14.9,0,11,2,17
"56,64,66",,,,,,,,,,,,,,,,,,,,,,,,,,,,,,,,,,
"56,64,66",17.2,0,16.2,3.839,0,-3,0,0,0,16.5,0,0,0,0,0,53.9,13.7,105,3.856,81,0,0,0,11.8,10.7,0,3,0,14.8,15.3,0,14,2,17
"56,64,66",17.5,0,16.2,3.838,0,0,0,0,0,16.9,0,0,0,0,0,53.9,13.8,107.5,3.855,80,0,0,0,11.8,10.6,0,0,0,13.4,15.5,0,9,2,18.6
"56,64,66",17.7,0,16.2,3.836,0,-51,0,0,0,17,0,0,0,0,0,53.9,13.8,107.5,3.855,80,0,0,0,11.9,10.6,0,-3,0,11.5,15.7,0,18,2,18.6
"56,64,66",,,,,,,,,,,,,,,,,,,,,,,,,,,,,,,,,,
"56,64,66",,,,,,,,,,,,,,,,,,,,,,,,,,,,,,,,,,
"56,64,66",17,0,16.2,3.811,0,7,-3,0,0,16.5,0,0,0,0,0,53.5,14.1,73.6,3.832,78,0,0,0,12.2,12,0,-7,0,14.8,15.8,0,700,2,16.1
"56,64,66",17.3,0,16.2,3.812,0,0,0,0,0,16.8,0,0,0,0,0,53.5,14.1,73.6,3.832,78,0,0,0,12.2,12,0,7,0,14.8,16,0,20,2,16.1
"56,64,66",17.5,0,16.2,3.811,0,7,0,0,0,17,0,0,0,0,0,53.5,14.1,73.6,3.832,78,0,0,0,12.3,12,0,7,0,14.8,16.1,0,19,2,16.1
"56,64,66",17.8,0,16.2,3.81,0,-7,0,0,0,17.2,0,0,0,0,0,53.5,14.1,73.6,3.831,78,0,0,0,12.2,12,0,5,0,14.8,16.2,0,19,2,16.1
"56,64,66",18.1,0,16.2,3.809,0,0,0,0,0,17.4,0,0,0,0,0,53.5,14.2,73.6,3.831,78,0,0,0,12.3,12,0,-3,0,14.8,16.5,0,14,2,16.1
"56,64,66",18.2,0,16.2,3.808,0,7,0,0,0,17.6,0,0,0,0,0,53.5,14.2,73.6,3.83,78,0,0,0,12.3,12,0,5,0,14.8,16.5,0,14,2,16.1
"53,56,65,66",15.7,0,15.1,3.828,0,0,-3,0,0,15.4,0,0,0,0,0,53.7,14.4,125.5,3.846,79,0,0,0,12.3,10.6,0,0,0,13.4,14.5,0,-4,87,15.1
"53,56,58,59,65,66",15.7,0,15.1,3.826,0,-3,-3,0,0,15.4,0,0,0,0,0,53.7,14.4,125.5,3.845,79,0,0,0,12.3,10.6,0,0,0,13.4,14.5,0,-4,87,15.1
"53,56,65,66",15.7,0,15.1,3.825,0,7,-3,0,0,15.4,0,0,0,0,0,53.7,14.4,125.5,3.845,79,0,0,0,12.3,10.6,0,0,0,13.4,14.5,0,-4,87,15.1
"53,56,59,65,66",15.7,0,16.1,3.825,0,3,-3,0,0,15.4,0,0,0,0,0,53.7,14.4,125.5,3.845,79,0,0,0,12.3,10.6,0,0,0,13.4,14.5,0,-4,87,15.1
"53,56,59,65,66",15.7,0,16.1,3.826,0,-3,-3,0,0,15.4,0,0,0,0,0,53.7,14.4,125.5,3.845,79,0,0,0,12.3,10.6,0,7,0,13.4,14.5,0,-4,87,15.1
"53,56,58,59,65,66",15.7,0,16.1,3.825,0,-3,0,0,0,15.4,0,0,0,0,0,53.7,14.4,125.5,3.845,79,0,0,0,12.3,10.6,0,0,0,13.4,14.5,0,-4,87,15.1
"53,56,59,65,66",15.7,0,16.2,3.825,0,0,0,0,0,15.5,0,0,0,0,0,53.7,14.4,125.5,3.845,79,0,0,0,12.3,10.6,0,-5,0,13.5,14.5,0,-4,87,15.1
"53,56,59,65,66",15.7,0,16.2,3.825,0,-3,0,0,0,15.5,0,0,0,0,0,53.7,14.3,125.5,3.845,79,0,0,0,12.3,10.6,0,9,0,13.5,14.5,0,-4,87,15.1
"53,56,58,59,65,66",15.7,0,16.2,3.825,0,-3,0,0,0,15.5,0,0,0,0,0,53.7,14.3,125.5,3.845,79,0,0,0,12.4,10.6,0,9,0,13.5,14.5,0,-4,87,15.1
"53,56,59,65,66",15.7,0,16.2,3.825,0,3,0,0,0,15.5,0,0,0,0,0,53.7,14.3,125.5,3.845,79,0,0,0,12.4,10.6,0,0,0,13.5,14.5,0,-4,87,15.1
"53,56,58,59,65,66",15.8,0,16.2,3.824,0,7,0,0,0,15.6,0,0,0,0,0,53.7,14.3,125.5,3.843,79,0,0,0,12.4,11,0,2,0,14.8,14.7,0,-4,87,15.1
"53,56,59,65,66",,,,,,,,,,,,,,,,,,,,,,,,,,,,,,,,,,
"53,56,58,59,65,66",15.8,0,16.2,3.823,0,7,0,0,0,15.6,0,0,0,0,0,53.7,14.3,125.5,3.843,79,0,0,0,12.4,11.6,0,3,0,14.8,14.7,0,-4,87,15.1
"53,56,59,65,66",15.8,0,16.2,3.823,0,-6,0,0,0,15.6,0,0,0,0,0,53.7,14.3,125.5,3.843,79,0,0,0,12.4,11.6,0,-1,0,14.8,14.7,0,-4,87,15.1
"53,56,65,66",,,,,,,,,,,,,,,,,,,,,,,,,,,,,,,,,,
"53,56,59,65,66",16,0,16.2,3.823,0,-7,0,0,0,15.7,0,0,0,0,0,53.7,14.3,125.5,3.843,79,0,0,0,12.4,11.6,0,0,0,14.8,14.8,0,-4,87,15.1
"53,56,58,59,65,66",16,0,17.2,3.822,0,3,0,0,0,15.7,0,0,0,0,0,53.7,14.3,125.5,3.842,79,0,0,0,12.4,11.7,0,3,0,14.8,14.8,0,-4,87,15.1
"53,56,59,65,66",,,,,,,,,,,,,,,,,,,,,,,,,,,,,,,,,,
"53,56,59,65,66",16.1,0,16.4,3.822,0,-3,0,0,0,15.8,0,0,0,0,0,53.7,14.3,125.5,3.842,79,0,0,0,12.4,12,0,-3,0,14.8,14.9,0,-4,87,15.1
"53,56,58,59,65,66",16.1,0,17.2,3.821,0,3,0,0,0,15.8,0,0,0,0,0,53.7,14.3,125.5,3.842,79,0,0,0,12.4,12,0,3,0,14.8,14.9,0,-4,87,15.1
"53,56,59,65,66",,,,,,,,,,,,,,,,,,,,,,,,,,,,,,,,,,
"53,56,58,59,65,66",,,,,,,,,,,,,,,,,,,,,,,,,,,,,,,,,,
"53,56,59,65,66",16.2,0,16.8,3.821,0,0,0,0,0,16,0,0,0,0,0,53.7,14.3,125.5,3.841,79,0,0,0,12.4,12,0,3,0,14.8,14.9,0,-4,87,15.1
"53,56,58,59,65,66",16.3,0,17.4,3.821,0,3,0,0,0,16,0,0,0,0,0,53.7,14.3,125.5,3.841,79,0,0,0,12.4,12,0,3,0,14.8,15,0,-4,87,15.1
"53,56,59,65,66",16.3,0,17.4,3.821,0,3,0,0,0,16,0,0,0,0,0,53.7,14.3,125.5,3.841,79,0,0,0,12.4,12,0,3,0,14.8,15,0,-4,87,15.1
"53,56,58,59,65,66",16.3,0,17.4,3.821,0,3,0,0,0,16,0,0,0,0,0,53.7,14.3,125.5,3.841,79,0,0,0,12.4,12,0,-3,0,14.8,15,0,-4,87,15.1
"53,56,59,65,66",,,,,,,,,,,,,,,,,,,,,,,,,,,,,,,,,,
"53,56,59,65,66",16.6,0,17.4,3.819,0,0,0,0,0,16.4,0,0,0,0,0,53.7,14.3,125.5,3.84,79,0,0,0,12.4,12,0,3,0,14.8,15.2,0,-4,87,15.1
"53,56,58,59,65,66",,,,,,,,,,,,,,,,,,,,,,,,,,,,,,,,,,
"53,56,59,65,66",,,,,,,,,,,,,,,,,,,,,,,,,,,,,,,,,,
"53,56,58,59,65,66",,,,,,,,,,,,,,,,,,,,,,,,,,,,,,,,,,
"53,56,59,65,66",,,,,,,,,,,,,,,,,,,,,,,,,,,,,,,,,,
"53,56,58,59,65,66",,,,,,,,,,,,,,,,,,,,,,,,,,,,,,,,,,
"53,56,59,65,66",16.8,0,17.5,3.818,0,0,0,0,0,16.5,0,0,0,0,0,53.6,14.3,125.5,3.839,79,0,0,0,12.4,12,0,3,0,14.8,15.5,0,-4,87,15.1
"53,56,58,59,65,66",,,,,,,,,,,,,,,,,,,,,,,,,,,,,,,,,,
"53,56,59,65,66",,,,,,,,,,,,,,,,,,,,,,,,,,,,,,,,,,
"53,56,59,65,66",17,0,17.5,3.817,0,0,0,0,0,16.8,0,0,0,0,0,53.6,14.3,125.5,3.839,79,0,0,0,12.5,12,0,-3,0,14.8,15.7,0,-4,87,15.1
"53,56,57,58,59,65,66",,,,,,,,,,,,,,,,,,,,,,,,,,,,,,,,,,
"53,56,59,65,66",,,,,,,,,,,,,,,,,,,,,,,,,,,,,,,,,,
"53,56,58,59,65,66",,,,,,,,,,,,,,,,,,,,,,,,,,,,,,,,,,
"53,56,59,65,66",17.3,0,17.3,3.815,0,0,0,0,0,17,0,0,0,0,0,53.6,14.4,125.5,3.837,79,0,0,0,12.5,12,0,2,0,14.8,16.1,0,-4,87,15.1
"53,56,59,65,66",17.4,0,17.5,3.814,0,0,0,0,0,17.2,0,0,0,0,0,53.6,14.4,125.5,3.836,79,0,0,0,12.5,12,0,-1,0,14.8,16.2,0,-4,87,15.1
"53,56,58,59,65,66",,,,,,,,,,,,,,,,,,,,,,,,,,,,,,,,,,
"53,56,59,65,66",,,,,,,,,,,,,,,,,,,,,,,,,,,,,,,,,,
"53,56,65,66",,,,,,,,,,,,,,,,,,,,,,,,,,,,,,,,,,
"53,56,65,66",17.7,0,17.5,3.812,0,0,0,0,0,17.4,0,0,0,0,0,53.6,14.4,119.7,3.835,78,0,0,0,12.5,12,0,3,0,14.9,16.5,0,-7,87,17.8
"53,56,65,66",17.9,0,17.5,3.81,0,0,0,0,0,17.7,0,0,0,0,0,53.5,14.4,107.9,3.833,78,0,0,0,12.6,12,0,3,0,15.1,16.8,0,0,87,18.2
"53,65,66",,,,,,,,,,,,,,,,,,,,,,,,,,,,,,,,,,
"56,64,66",18.2,0,17.5,3.808,0,0,0,0,0,17.9,0,0,0,0,0,53.5,14.4,112.8,3.832,78,0,0,0,12.6,12,0,-3,0,14.8,16.9,0,19,87,18.7
"56,64,66",18.3,0,17.5,3.807,0,0,0,0,0,18.1,0,0,0,0,0,53.5,14.4,111.9,3.83,78,0,0,0,12.6,12,0,-3,0,15.6,17.2,0,10,87,18.6
"56,64,66",,,,,,,,,,,,,,,,,,,,,,,,,,,,,,,,,,
"56,64,66",17.8,0,17.5,3.78,0,0,-1,0,0,17.2,0,0,0,0,0,53.1,15.4,96,3.803,76,0,0,0,13.6,13.4,0,7,0,16.2,16.5,0,607,0,16.4
"56,64,66",18.7,0,18.5,3.772,0,0,0,0,0,18.5,0,0,0,0,0,52.9,15.5,-40,3.791,76,0,0,0,13.7,13.4,0,-5,0,16.2,17.4,0,14,0,18.9
"56,66",18.7,0,18.5,3.771,0,7,0,0,0,18.5,0,0,0,0,0,52.9,15.5,-40,3.791,76,0,0,0,13.7,13.4,0,5,0,16.2,17.4,0,9,0,18.9
"56,64,66",18.7,0,18.5,3.771,0,-7,0,0,0,18.5,0,0,0,0,0,53,15.5,-40,3.791,75,0,0,0,13.7,13.4,0,4,0,16.2,17.4,0,20,0,18.9
"56,64,66",18.7,0,18.9,3.771,0,0,0,0,0,18.6,0,0,0,0,0,53,15.5,-40,3.79,75,0,0,0,13.7,13.4,0,7,0,16.2,17.5,0,10,0,19.1
"56,66",18.7,0,18.9,3.77,0,0,0,0,0,18.6,0,0,0,0,0,52.9,15.5,-40,3.79,75,0,0,0,13.7,13.4,0,-1,0,16.2,17.5,0,14,0,19.1
"56,64,66",18.7,0,18.9,3.769,0,0,-4,0,0,18.6,0,0,0,0,0,52.9,15.5,-40,3.79,75,0,0,0,13.7,13.4,0,-1,0,16.2,17.5,0,699,0,19.1
"56,64,66",19,0,18.9,3.755,0,0,-15,0,0,18.7,0,0,0,0,0,52.8,15.5,-40,3.785,75,0,0,0,13.8,13.4,0,0,0,16.7,17.7,0,406,0,19.1
"56,64,66",21.1,0,20.3,3.755,0,0,0,0,0,20.7,0,0,0,0,0,52.7,15.6,-40,3.77,74,0,0,0,13.9,14.8,0,7,0,17.5,19.5,0,84,-4,21.1
"56,64,66",,,,,,,,,,,,,,,,,,,,,,,,,,,,,,,,,,
"56,64,66",22.3,0,21.7,3.746,0,-3,0,0,0,21.9,0,0,0,0,0,52.6,15.6,71.4,3.76,73,0,0,0,14,16.2,0,0,0,18.9,20.6,0,4,-3,23.3
"56,64,66",22.4,0,21.7,3.742,0,7,-8,0,0,21.8,0,0,0,0,0,52.5,15.7,71.4,3.755,73,0,0,0,13.9,16.2,0,1,0,18.9,20.4,0,135,-3,23.2
"56,65,66",25,0,21.7,3.742,0,-3,0,0,0,24.5,0,0,0,0,0,52.5,15.7,79.8,3.756,72,0,0,0,14,16.2,0,20,0,18.9,23.1,0,0,-3,26
"56,65,66",24.7,0,21.7,3.741,0,3,0,0,0,24.8,0,0,0,0,0,52.5,15.8,80.6,3.756,72,0,0,0,14,16.2,0,5,0,17.4,22.6,0,2,-3,25.3
"56,65,66",24.7,0,21.7,3.741,0,3,0,0,0,24.8,0,0,0,0,0,52.5,15.8,81.3,3.756,72,0,0,0,14,16.2,0,0,0,17.4,22.6,0,3,-3,25.3
"56,65",24.4,0,19.8,3.741,0,3673,0,0,0,24.8,0,0,0,0,0,52.5,15.8,120.1,3.756,72,0,0,0,14,14.5,0,8,0,17.4,22.5,0,5,-18,25
"56,65,66",24.3,0,21.7,3.742,0,0,0,0,0,25.8,0,0,0,0,0,52.5,15.8,94.1,3.756,72,0,0,0,14,16.2,0,10,0,19.8,22.4,0,-9,-3,24.9
"56,65,66",24.3,0,21.7,3.741,0,-3,0,0,0,25.8,0,0,0,0,0,52.5,15.8,74.4,3.755,72,0,0,0,14,16.2,0,5,0,19.8,22.3,0,0,-3,24.8
"56,65,66",,,,,,,,,,,,,,,,,,,,,,,,,,,,,,,,,,
"56,65,66",24.1,0,21.7,3.739,0,-3,0,0,0,25.3,0,0,0,0,0,52.5,15.8,74.8,3.754,72,0,0,0,14,16.2,0,29,0,18.7,22.2,0,-6,-3,24.4
"56,65,66",24.1,0,21.7,3.741,0,3,0,0,0,25.3,0,0,0,0,0,52.5,15.8,75.9,3.754,72,0,0,0,14,16.2,0,2,0,21.7,22.1,0,-7,-3,24.3
"56,66",,,,,,,,,,,,,,,,,,,,,,,,,,,,,,,,,,
"56,65,66",24,0,21.7,3.739,0,3,0,0,0,26.6,0,0,0,0,0,52.5,15.9,74.4,3.753,72,0,0,0,14,16.2,0,17,0,21.7,22.1,0,3,-3,24.2
62,23.9,0,21.7,3.739,0,0,0,0,0,26.3,0,0,0,0,0,52.5,15.9,89.9,3.753,72,0,0,0,14,16.2,0,0,0,21.7,22,0,-1,-2,24.1
"56,62,66",23.9,0,21.7,3.739,0,0,0,0,0,26.3,0,0,0,0,0,52.5,15.9,92.8,3.753,72,0,0,0,14,16.2,0,0,0,21.7,22,0,7,-2,24.1
"56,66",23.9,0,21.7,3.738,0,-3,0,0,0,26,0,0,0,0,0,52.5,15.9,91.6,3.753,72,0,0,0,14,16.2,0,6,0,0,22,0,-1,-3,24.1
"54,56,66",23.9,0,21.7,3.739,0,3,0,0,0,26,0,0,0,0,0,52.5,15.9,91.4,3.753,72,0,0,0,14,16.2,0,-1,0,21.7,22,0,-5,-2,24.1
"56,65,66",23.9,0,21.7,3.738,0,3,0,0,0,25.8,0,0,0,0,0,52.5,15.9,85.4,3.753,72,0,0,0,14,16.2,0,5,0,21.7,22,0,7,-2,24.1
"56,65,66",23.9,0,21.7,3.734,0,-3,-1,0,0,25.8,0,0,0,0,0,52.4,15.9,81.3,3.752,72,0,0,0,14,16.2,0,117,0,21.7,22,0,-7,-2,24
"56,65,66",23.8,0,21.7,3.73,0,7,-9,0,0,25.8,0,0,0,0,0,52.3,16,109.8,3.744,71,0,0,0,14.1,16.2,0,96,0,21.7,21.9,0,0,-3,24
"56,64,66",16.1,0,16.2,3.643,0,7,0,-0.1,0,19.7,0,0,0,0,0,51.1,13.8,54.2,3.655,47,0,0,-0.03,11.9,10.6,-0.1,-2,0,13.4,15,0,14,-6,14.9
"56,64,66",16.2,0,16.3,3.641,0,3,0,0,0,15.7,0,0,0,0,0,51.1,13.8,53.3,3.654,47,0,0,-0.03,11.9,10.6,0,7,0,14.8,14.9,0,11,-6,15
"56,64,66",16.4,0,16.2,3.641,0,0,0,0,0,15.8,0,0,0,0,0,51.1,13.8,53.3,3.654,47,0,0,-0.03,12,10.6,0,6,0,14.8,14.9,0,13,-6,15
"56,64,66",16.8,0,16.3,3.638,0,0,0,0,0,16.2,0,0,0,0,0,51,13.8,53.3,3.651,47,0,0,-0.03,12,11.1,0,-4,0,14.8,15.2,0,17,-6,15
"64,66",,,,,,,,,,,,,,,,,,,,,,,,,,,,,,,,,,
"64,65",15.4,0,17.5,3.9,0,-7,0,0,0,14.9,0,0,0,0,0,54.7,14.6,-40,3.914,82,0,0,0,12.8,12.1,0,3,0,175.5,14.4,0,0,-9,14.4
"64,65",15.6,0,17.9,3.9,0,-7,0,0,0,14.9,0,0,0,0,0,54.7,14.6,-40,3.914,82,0,0,0,12.8,12.3,0,0,0,200,14.4,0,0,-10,14.5
"64,65",15.8,0,17.5,3.899,0,7,0,0,0,15.3,0,0,0,0,0,54.7,14.5,-40,3.912,82,0,0,0,12.8,13.3,0,0,0,16.2,14.7,0,0,-9,14.9
17,22,27.2,21.7,3.55,2.21,2144,-98,-18.4,-0.1,19.1,0.28,0.85,0.94,0.1,0,50.8,11.5,18,3.646,57,0.61,-0.01,0.3,9.9,23,37.6,-3,1.1,17.5,16.9,0.93,1011,34,20.3
17,,,,,,,,,,,,,,,,,,,,,,,,,,,,,,,,,,
41,23.2,0,21.7,3.759,0,0,0,0,0,22.1,0,0,0.03,0,0,52.7,11.1,20.3,3.773,51,0,0,0,9.6,24.4,0,1,0,17.5,21.6,0,0,3,23
"56,66",20.3,65.8,35.2,3.713,0,-849,-5,0,0,18.9,0.04,0,-0.11,0,0,52,21.4,28.2,3.727,48,0,0,0,19.6,19,0,-5,0,25.8,18.2,0,0,-68,19.7
24,22.7,-7.6,23.1,3.966,0.55,794,-223,2.8,-9.5,21.3,0.7,0.46,6.62,2.13,0.25,55.7,21.1,21.7,4.024,100,0.24,0.03,0.05,19.1,20.3,-3.2,4251,2.95,20.3,20.8,2.46,4519,-1,21.7
24,22.7,42.3,23.1,3.992,0.55,817,-104,50.6,17.2,21.6,0.57,0.46,0.81,3.81,-0.48,56.8,21.3,22.4,4.069,100,3.91,-0.44,0.05,19.3,20.3,-19.9,3579,2.95,21.2,20.8,3.73,3691,3,21.7
"51,56",,,,,,,,,,,,,,,,,,,,,,,,,,,,,,,,,,
67,18.6,34.2,16,3.864,-0.06,780,-34,0,0,12,0.15,-0.02,1.41,0,0,54.2,3.9,11.9,3.878,90,0,0,0,2.8,17.5,0,0,1.46,10.5,9,0,1,66,14.1
67,12,51.6,11.8,4.074,0.05,681,-14,0,13.2,9.8,0.01,0,1.6,0.09,0,57.3,11.6,6.5,4.104,100,0,0,0.03,9.7,5.1,0,7,0.2,7.9,7.9,-0.02,-3,89,9.6
67,20.5,0,16,3.977,0,805,-1,0,0,12.5,0.02,0,0.02,0,0,55.8,10.9,12,4,90,0,0,0,9,17.5,0,-7,0,13.4,8.7,0,-6,90,13.3
67,25.6,59.3,13.4,3.952,0.92,799,-79,2.1,-2.3,23,0.33,-0.13,2.62,-0.13,0.01,55.5,14.9,7.4,3.989,92,0.29,0,0.83,11.2,14.4,8.9,0,1.41,9.1,14.9,0.01,6,90,23.5
67,20.7,190.3,23.7,3.58,0,1354,-31,8.7,8.7,13.2,0.99,0,8.54,0.04,0,51.6,15.3,14.8,3.665,44,-0.01,0.01,0,13.1,25.8,5.2,0,0,15.8,10.5,0.01,-4,90,13.5
67,24.6,192.3,33.5,3.622,0.67,2040,-20,0.1,5.4,17,0.97,0.47,3.97,0.01,0,51,16.6,22.4,3.643,44,0,0,0.48,14.6,28.6,0,-28,1.55,23.1,14.3,0,-14,90,17.5
67,20.3,92,14.8,3.819,0.26,794,-165,0,0,10.5,0.17,-0.49,3.95,0,0,54.1,8.5,13.4,3.885,100,0,0,0.81,7.2,18.3,0,0,1.95,12.9,8.4,0,-5,90,11.4
67,25.9,50.2,24.4,3.732,0.04,889,-125,0,6.3,16.5,0.05,0.42,0.56,0,0,52.6,16.4,17.5,3.779,83,0,0,2.25,14.7,26.6,0,0,3.33,16.7,14,0,0,90,18.4
67,30.6,1.4,33,3.869,0.04,802,-7,0,5.6,23,0.02,0.24,0.19,0,0,54.3,17.8,26.1,3.891,100,0,0,-0.06,15.9,30.8,0,-6,1,27.1,18.6,0,-11,90,23.6
17,8,-2,14.3,3.637,0.18,799,-12,0.7,1.4,6.9,0.03,0.27,0.27,-0.75,0,51,14.6,3.7,3.646,25,0,0.01,0.44,12.1,2.1,-4,0,0.23,6.2,5.6,0.03,0,21,6.6
32,22.9,20.4,21.7,3.961,-0.11,787,-16,12.9,-0.3,17.4,0.03,-0.83,0.41,-0.04,0.03,55.7,13.7,18.8,4.006,100,0.16,0,0.74,12.2,18.5,4,736,1.2,21.6,13.7,-0.08,570,14,17.2
32,22.9,20.6,21.7,3.996,-0.11,825,-5,0,-0.3,17.4,0.02,-0.83,0.03,0,0,56.2,13.8,18.9,4.019,100,0,0,0.74,12.3,18.9,4,1,1.2,20.3,13.7,0,0,-43,17.2
32,22.9,0,21.7,4.003,0,-3,0,0,0,17.2,0,-0.02,0,0,0,56.3,13.8,18.9,4.025,100,0,0,0,0,18.9,0,-6,0.11,20.3,13.6,0,6,-56,17.3
32,22.9,1.3,20.3,4.016,0,3,0,0,0,17.2,0,-0.02,0,0,0,56.4,13.7,17.5,4.035,100,0,0,0,0,17.5,0,0,0.11,18.9,13.6,0,0,-54,17.3
32,22.3,0,20.3,4.017,0,7,0,0,0,16.2,0,-0.01,0,0,0,56.4,13.7,17.5,4.037,100,0,0,0,0,17.5,0,-4,0.12,17.5,13.3,0,0,-54,16.8
32,21.7,0,20.6,4.014,0,813,-5,0,-0.1,16.2,0.02,-0.01,0.26,0,0,56.4,13.8,17.5,4.038,100,0,0,0,12.1,17.5,0,0,0.03,17.5,13.2,0,0,-1,16.6
32,20.2,0,20.6,4.025,0,0,0,0,0,14.8,0,0,0,0,0,56.6,13.6,14.7,4.048,100,0,0,0,11.8,14.7,0,0,0,17,12.4,0,0,0,16.5
32,20.2,0,20.6,4.023,0,802,-8,0,0,10.4,0,0,0,0,0,56.5,13,9.6,4.045,100,0,0,0,11.2,7,0,0,0,17,12.4,0,0,0,16.5
32,11,20.9,17.6,4.022,0.01,795,-13,0,0,10.4,0.05,-0.01,0.58,0,0,56.5,13.1,10.1,4.046,100,0,0,-0.02,11.2,7.8,0,1,0.34,10.6,9.4,0,0,0,10.3
32,11.1,0.8,17.5,4.024,0.01,808,0,0,0,10.4,0.02,-0.01,0.04,0,0,56.5,13,10.5,4.048,100,0,0,-0.02,11.3,7.9,0,0,0.34,11.6,9.4,0,0,1,10.3
32,11.2,0,17.5,4.017,0,804,-2,0,0,10.6,0.02,-0.01,0.02,0,0.02,56.6,13,9.3,4.048,100,0.02,0.02,0,11.1,7.9,0,25,0.16,10.6,9.6,0.02,10,1,10.6
32,11.2,0,17.5,4.023,0,0,-11,0,0,10.6,0,-0.01,0,0,0,56.5,13,9.3,4.043,100,0,0,0,11.2,7.9,0,0,0.16,10.6,10.7,0,1,2,10.6
32,11.2,0,17.6,4.023,0,805,-1,0,0,10.6,0.02,0,0.03,0,0,56.5,13,10.3,4.047,100,0,0,0,11.2,7.9,0,0,0,10.9,9.7,0,7,2,10.4
32,11.4,0,17.5,4.024,0,-3,0,0,0,10.6,0,0,0,0,0,56.6,13,0,4.048,100,0,0,0,11.2,0,0,0,0,0,9.7,0,-1,1,10.6
32,11.4,0,16.2,4.023,0,806,-2,0,0,10.6,0.02,0,0.03,0,0,56.6,12.9,9.3,4.048,100,0,0,0,11.1,6.8,0,0,0,10.6,9.7,0,0,1,10.6
32,10.4,0,17.1,4.013,0,3,-5,0,4.4,10.2,0,1.88,0,0,0,56.4,12.7,9.8,4.038,100,0,0,0,10.9,6.9,0,0,0,11.1,9.7,0,0,-33,10.6
32,10.4,0,17.1,4.013,0,-3,-5,0,4.4,10.2,0,1.88,0,0,0,56.4,12.7,9.8,4.038,100,0,0,0,10.9,6.9,0,0,0,11.1,11.9,0,0,-33,10.6
32,10.4,0,17.1,4.019,0,7,0,0,4.4,10.2,0,1.88,0,0,0,56.5,12.7,9.8,4.042,100,0,0,0,10.9,6.9,0,0,0,11.1,10.9,0,0,-33,9.9
32,9.7,45.4,17.5,3.98,0,878,-22,0,0,9.4,0.25,0,2.24,0,0,56.3,12.6,9.3,4.007,100,0,0,0,10.8,5.1,0,0,0,10.6,9.2,0,0,57,9.4
32,9.9,21.7,17.5,3.954,0,721,-24,0,0,9.4,0.01,0,0.06,0,0,55.9,12.7,9.3,4.027,100,0,0,0,10.8,6.5,0,-1,0,10.6,9.1,0,-19,90,9.4
32,10.6,23.8,17.5,4.013,0,762,-3,0,0,9.6,0.03,0,0.02,0,0,56.4,12.6,9.3,4.037,100,0,0,0,10.8,6.5,0,0,0,9.6,8.9,0,6,88,9.6
32,10.6,24.5,17.5,4.015,0,457,-1,0,0,9.6,0.02,0,0.02,0,0,56.4,12.7,9.3,4.039,100,0,0,0,10.8,6.5,0,7,0,10.5,8.9,0,43,89,9.7
32,11.2,0,17.6,4.012,0,4,0,0,0,9.7,0,0,0,0,0,56.4,12.7,9.3,4.036,99,0,0,0,10.8,7.9,0,-1,0,10.4,9.1,0,0,89,9.7
32,12.7,0,17.7,3.997,0,0,0,0,0,9.7,0,0,0,0,0,56.1,12.7,9.3,4.022,99,0,0,0,10.8,9.3,0,0,0,10.4,9.2,0,0,90,9.8
32,12.5,0,17.8,4.008,0,2,0,0,0,9.7,0,0,0,0,0,56.3,12.8,9.3,4.03,99,0,0,0,10.9,9.3,0,-5,0,10.5,9.1,0,-18,0,9.9
32,8.1,5.2,15.8,3.95,0,802,-104,23.1,24.7,7.6,0.03,0,0.47,0.14,0.06,55.8,12,6.1,3.985,91,0.43,0.07,0,10.1,3.7,24.9,-92,0,8.5,8.3,0,-23,5,7.1
32,7.1,18.5,5.8,3.931,0,802,-39,25.7,36.9,6.6,0.11,-0.01,1.04,0.27,0.11,55.6,2.7,2.4,3.991,87,0.47,0.1,-0.05,1.5,-0.4,20.4,186,1.95,4.6,7.1,0.47,201,-8,6.2
32,7.9,6.1,10.6,3.999,0,0,0,0,-0.1,7.1,0,4.17,0,0,0,56.1,2.5,2.4,4.02,88,0,0,0,0,-0.4,0,6,0.35,3.7,8.7,0,-7,0,6.3
32,8.9,0,8,3.999,0,0,0,0,0,7.3,0,0,0,0,0,56.2,3,2.4,4.024,87,0,0,0,1.8,-0.4,0,0,0,3.7,6.7,0,0,71,6.6
32,8.9,0,9,4,0,7,0,0,0,8.1,0,0,0,0,0,56.2,3.1,3.7,4.024,86,0,0,0,2,2.1,0,3,0,6.5,6.9,0,7,69,7.6
32,9.9,7.4,8.8,3.988,0,808,-7,0,0,11.1,0.03,-0.01,0.26,0,0,56,3.8,5.1,4.012,86,0,0,0,2.6,2.8,0,0,0.32,11.9,8.5,0,0,-1,8.1
67,14.9,32.8,14.8,4.001,0.02,834,-15,-0.1,6.4,14.8,0.03,-0.01,0.38,0,0,57,17.7,10.3,4.114,100,0,0,0.01,15,7.1,1.2,0,0.2,12,13.2,0,0,90,14.5
"21,52,67",13.9,0,14.5,3.527,0,0,0,0,0,13.8,0,0,0,0,0,49.5,14.8,12,3.546,19,0,0,0,12.9,7.8,0,0,0,14.8,12.1,0,0,-4,13.5
"21,67",,,,,,,,,,,,,,,,,,,,,,,,,,,,,,,,,,
"21,56",14,0,13.4,3.525,0,7,0,0,0,13.9,0,0,0,0,0,49.5,14.7,11.8,3.544,19,0,0,0,12.9,5.3,0,1,0,13.4,12.1,0,0,-4,13.6
"21,52",14,0,14.4,3.525,0,0,0,0,0,13.9,0,0,0,0,0,49.5,14.7,11.8,3.545,19,0,0,0,12.9,6.5,0,1,0,13.4,12.1,0,0,-4,13.6
57,14,0,13.4,3.595,0,0,26,0,0,13.7,0,0,0,0,0,50.6,15.1,10.6,3.623,24,0,0,0,13.1,6.5,0,1,0,13.4,12,0,-1,-4,13.6
12,13.9,3.7,16.2,4.089,0.01,792,-5,-0.1,0,14.8,0.02,0,0.22,0,0,57.4,13.2,15.8,4.108,100,0,0,-0.01,12.3,9.3,-0.1,0,0.27,9.3,12.9,0,0,2,13.6
"56,66",19,0,18.8,3.957,0,0,0,0,0,17.9,0,0,0,0,0,55.5,16.2,21.2,3.972,88,0,0,0,15.2,10.6,0,0,0,16.2,17.3,0,0,-60,17.2
17,11.2,0,7.6,4.013,0.92,521,-8,0,0,8.6,0.01,0,0.12,0,0,56.5,7.7,9.3,4.035,100,-0.01,0,0.9,5.9,12,0,-274,0.14,9.3,5.8,-0.01,-222,90,8.7
24,6.4,7.9,7.6,3.875,-0.06,824,-76,30.9,-177.1,6,0.05,1.04,0.49,-1.06,0.14,55.6,0.4,12,4.152,100,2.96,0.21,-0.29,-0.7,1,-33.6,-4041,2.89,7.8,6.4,2.19,-4323,5,5.6
92,,,,,,,,,,,,,,,,,,,,,,,,,,,,,,,,,,
92,5.7,0,4.7,3.943,0,1,0,0,0,5.3,0,0,0,0,0,55.2,5.8,7.5,3.954,93,0,0,0,3.9,1.3,0,0,4.28,2.4,6.1,0,1,89,5.6
92,6.3,0,5.1,3.943,0,0,0,0,0,5.3,0,0,0,0,0,55.2,5.8,7.9,3.953,93,0,0,0,3.9,2.4,0,0,0,2.6,6.2,0,0,89,5.6
92,7.4,0,6.5,3.934,0,0,0,0,0,6.4,0,0,0,0,0,55.1,5.8,10.2,3.944,93,0,0,0,4,3.7,0,0,0,5.1,7.9,0,0,9,6.9
92,11.5,27.6,17.5,3.775,2.74,1501,-79,21.1,-7.4,12.5,0.07,-3.9,0.5,-1.55,0.13,53.3,6.2,23.9,3.818,90,3.12,0.09,2.37,4.4,7.9,9.8,-4,1.35,19.4,17.3,3.35,-2,19,12.5
92,14.3,4.4,18.9,3.744,0.58,1528,-24,1.2,2.6,17.3,0.81,-2.16,6.29,0,0,53.2,6.7,27.2,3.806,88,0,0.02,1.35,4.9,11.5,9,4,0.47,28.6,20.7,0,0,-50,16
92,18.5,9.8,27.8,3.678,2.02,811,-127,59.3,-6.4,21.8,0.16,-3.19,1.71,-0.86,0.33,51.8,7.5,40,3.712,84,1.72,0.24,1.8,5.6,16.2,22.1,539,0.46,33.5,29.2,1.92,890,4,21.8
92,22.4,11.3,34.8,3.662,-2.13,807,-81,13.4,16,25.8,1.16,4.53,0.5,-0.36,0.07,51.5,8.4,47.1,3.685,80,0.7,0.2,-2.62,6.5,21.4,36.6,-302,4.3,37.2,35.4,0.5,-268,-21,26.7
92,26.7,0,34.8,3.703,0,0,0,0,0,29,0,0,0,0,0,51.9,9.3,53.5,3.715,74,0,0,0,7.3,27.2,0,0,0,42.8,36.3,0,0,-7,31.1
92,29.3,151.4,40,3.522,-0.15,1340,-165,0.1,0.9,31.6,0.77,-0.2,6.03,0.02,0.02,49.4,10.1,57.5,3.539,68,0.02,0.02,0.41,8,29.9,0.7,7,3.84,45.5,40.7,0.02,-15,90,34.3
92,31.4,9.7,47,3.495,-2.1,800,-134,84.5,-4.4,34.5,0.11,4.18,0.3,-1.43,0.24,49.2,11.2,62.8,3.531,61,3.25,0.42,-2.29,8.9,31.4,67.1,-1446,0.44,50,47.3,3.37,-1282,-31,37.5
92,32,0,50.5,3.611,0,0,0,0,0,37.7,0,0,0,0,0,50.6,12.2,66.5,3.624,54,0,0,0,9.9,32.8,0,0,0,54.3,48.2,0,0,0,40.5
92,28.8,0,41.4,3.657,0,0,0,0,0,32.9,0,0,0,0,0,51.3,12.1,47.1,3.668,54,0,0,0,9.6,28.6,0,0,0,38.5,40.7,0,0,0,35.4
92,28.8,79.2,23.1,3.655,0.88,498,-114,10.9,0,20.8,0.38,0,3.56,-0.02,0.02,51.2,14.9,24.4,3.705,72,-0.03,0.02,0.79,12.4,31.4,12.1,1,1.99,21.8,20.8,-0.03,-2,4,21.5
57,-1.5,130.5,-10.8,3.212,0.24,2278,-294,54,86.6,-10.9,0.62,-1.29,5.1,3.16,0.26,46.7,-11,-12.8,3.26,93,1.35,0.12,-0.61,-13,1,37.8,3098,3.45,-15.5,-10.7,3.62,1873,-15,-10.7
57,-4.1,55.8,-4.6,3.451,0.46,1925,-280,37.8,22.4,-5.1,1.04,0.43,8.96,0.73,0.17,48.5,-3.8,-7.5,3.511,77,0.85,0.08,0.83,-6,-6.5,27.1,1502,4.1,-10.2,-6.4,1.56,-1468,90,-5.8
17,11.6,38.5,11.3,3.985,0.65,1123,-10,-5.5,3.3,9.4,0.08,-0.52,0.22,0.01,0,55.9,8.3,8.5,3.999,93,0.01,0,-0.11,6.3,14.6,3.2,17,2.97,6,8.2,0,14,6,9.9
17,,,,,,,,,,,,,,,,,,,,,,,,,,,,,,,,,,
39,5.3,6.4,9.3,4.122,0,535,0,0,0,-1,0.01,0,0.09,0,0,57.8,3.8,2.8,4.138,100,0,0,0,0.9,6.5,0,0,0.38,2.4,4,0,0,4,3.9
39,1,0,-1.8,4.091,0,0,0,0,0,-0.8,0,0,0,0,0,57.4,3,-3.2,4.11,255,0,0,0,0,-3.2,0,0,0,-4.5,-1.7,0,0,4,-1.5
57,3.6,44.8,-2,3.858,-0.05,2008,-244,-23.3,-4.5,-1.7,0.26,-0.01,1.77,-0.69,0.18,53.1,-1.1,-3.4,3.926,100,2.41,0.26,-0.32,-3.2,4.6,74.6,1646,3.84,-5.9,-2.3,2.34,2578,12,-1
"39,56,66",5.6,0,-8.7,4.026,0,-1,-1,0,0,-7.1,0,0,0,0,0,56.5,0,-10.4,4.045,100,0,0,0,-7,-12.8,0,0,0,-11.4,-5.5,0,0,9,-7.7
"39,66",,,,,,,,,,,,,,,,,,,,,,,,,,,,,,,,,,
39,5.6,0,-8.7,4.066,0,0,0,0,0,-4.2,0,0,0,0,0,57.1,-4.3,-10.4,4.083,100,0,0,0,-6.3,-12.8,0,0,0,-8.9,-7.7,0,-1,13,-7.7
39,5.6,0,-8.7,4.066,0,0,0,0,0,-4.2,0,0,0,0,0,57.1,-4.3,-10.4,4.083,100,0,0,0,-6.3,-12.8,0,0,0,-8.9,-5.3,0,-1,13,-7.7
39,-2.6,0,0,4.094,0,0,11,0,0,-3.2,0,0,0,0,0,57.5,-4,-7.3,4.122,100,0,0,0,-6,-10,0,-6,0,-8.7,-4.3,0,0,13,-3.6
17,,,,,,,,,,,,,,,,,,,,,,,,,,,,,,,,,,
57,5.3,13.7,9.3,3.636,1,422,-277,77.9,85.4,4.5,0.02,1.16,0.64,4.18,0.44,51.3,4.3,5.7,3.668,85,4.14,0.44,1.02,2.3,5.1,74.3,4088,0.73,3.7,4.5,4.19,3945,3,4.3
17,18.7,0.7,17.5,3.818,0.03,793,-31,12,8,15.7,0.49,-0.01,0.35,0,0.04,53.6,11.6,14.8,3.833,81,0,0.01,0.03,10.1,21.7,0,7,0.24,13.3,14.7,0,0,-8,16.3
58,9.4,0,6.5,3.701,0,0,9,0,0,8.4,0,0,0,0,0,52.1,6.7,5.2,3.727,43,0,0,0,5.8,7.9,0,-1,0,10.3,8.9,0,0,-9,8.7
58,9.4,0,6.5,3.716,0,0,2,0,0,8.4,0,0,0,0,0,51.9,6.7,5.2,3.715,43,0,0,0,5.8,7.9,0,0,0,10.3,8.9,0,-1,-9,8.7
58,9.4,0,7.5,3.713,0,7,8,0,0,8.5,0,0,0,0,0,52.1,6.8,6.3,3.729,44,0,0,0,5.8,7.9,0,0,0,10.5,8.9,0,0,-9,8.7
57,9.4,0,7.5,3.713,0,0,8,0,0,8.5,0,0,0,0,0,52.1,6.8,6.3,3.729,44,0,0,0,5.8,7.9,0,0,0,10.5,8.9,0,0,-9,8.7
58,9.4,16.7,8.9,3.625,0.06,0,0,-3.9,-5,9.2,0,-0.71,0,0,0,50.9,13.9,6.5,3.639,29,0,0,-0.73,12.7,7.9,4.1,0,1.01,10.6,9.6,0,0,-6,9.1
58,,,,,,,,,,,,,,,,,,,,,,,,,,,,,,,,,,
58,9.7,0,9.9,3.623,0,0,2,0,0,9.4,0,0,0,0,0,50.8,14,7.5,3.644,29,0,0,0,12.7,9.3,0,0,0,12,9.7,0,-1,-6,9.2
58,9.7,0,9.9,3.627,0,0,0,0,0,9.4,0,0,0,0,0,50.8,14,7.5,3.638,29,0,0,0,12.7,9.3,0,0,0,12,9.7,0,-1,-6,9.2
"57,58",9.7,0,9.9,3.625,0,6,13,0,0,9.4,0,0,0,0,0,51,14,7.5,3.635,29,0,0,0,12.7,9.3,0,0,0,12,9.7,0,-1,-6,9.2
58,11.4,0,10.6,3.596,0.8,0,-7,-0.1,-0.1,10.8,0,-0.01,0,0,0,50.4,14.1,13.5,3.607,27,0,0,0.96,12.8,10.6,2.8,-5,0.01,13.6,11.1,0,-122,-6,11.9
58,11.4,0,10.6,3.601,0.8,0,0,-0.1,-0.1,10.8,0,-0.01,0,0,0,50.5,14.1,13.5,3.613,27,0,0,0.96,12.8,10.6,2.8,0,0.01,13.6,11.1,0,0,-6,12.1
58,,,,,,,,,,,,,,,,,,,,,,,,,,,,,,,,,,
58,,,,,,,,,,,,,,,,,,,,,,,,,,,,,,,,,,
58,11.2,0,11.6,3.612,0,0,0,0,0,11,0,0,0,0,0,50.6,14.1,13.4,3.623,27,0,0,0,12.8,10.6,0,0,0,13.4,10.8,0,1,-6,12
58,11.2,0,11.6,3.612,0,0,0,0,0,11,0,0,0,0,0,50.6,14.1,12.4,3.623,27,0,0,0,12.8,10.6,0,0,0,13.4,10.8,0,1,-5,12
58,,,,,,,,,,,,,,,,,,,,,,,,,,,,,,,,,,
58,,,,,,,,,,,,,,,,,,,,,,,,,,,,,,,,,,
58,11.2,0,11.6,3.62,0,0,8,0,0,10.8,0,0,0,0,0,50.8,14.1,12,3.636,27,0,0,0,12.8,10.6,0,-2,0,13.5,10.7,0,0,-5,11.8
58,,,,,,,,,,,,,,,,,,,,,,,,,,,,,,,,,,
58,11.2,0,11.6,3.62,0,-7,2,0,0,10.8,0,0,0,0,0,50.7,14.1,12,3.633,27,0,0,0,12.8,10.6,0,1,0,13.5,10.7,0,0,-6,11.8
58,11.1,0,11.2,3.621,0,7,4,0,0,10.8,0,0,0,0,0,50.7,14.1,11.4,3.634,28,0,0,0,12.7,10.6,0,0,0,13.4,10.7,0,-1,-6,11.6
58,11.1,0,11.2,3.623,0,-3,3,0,0,10.8,0,0,0,0,0,50.8,14.1,11.4,3.636,28,0,0,0,12.7,10.6,0,0,0,13.4,10.7,0,-1,-6,11.6
57,11.1,0,11.2,3.623,0,0,18,0,0,10.8,0,0,0,0,0,50.8,14.1,11.4,3.633,28,0,0,0,12.8,10.6,0,0,0,13.4,10.7,0,0,-5,11.6
58,11.4,0,12,3.601,0,0,1,0,0,10.8,0,0,0,0,0,50.5,14.1,10.6,3.616,26,0,0,0,12.7,10.6,0,0,0,13.4,11,0,-3,-5,11.6
58,11.4,0,12,3.616,0,0,13,0,0,10.8,0,0,0,0,0,50.7,14.1,10.6,3.632,26,0,0,0,12.7,10.6,0,0,0,13.4,11,0,0,-6,11.6
58,11.4,0,12,3.605,0,3,0,0,0,10.8,0,0,0,0,0,50.6,14.1,10.6,3.616,26,0,0,0,12.7,10.6,0,5,0,13.4,11,0,-3,-5,11.6
58,1.5,0,0,3.615,0,0,0,0,0,0.9,0,0,0,0,0,50.7,3.2,-1.8,3.632,16,0,0,0,0,0,0,0,0,1,1.4,0,0,-4,1
58,1.7,0,-0.4,3.618,0,3,0,0,0,0.9,0,0,0,0,0,50.8,3.3,-2.2,3.638,16,0,0,0,2.6,0,0,0,0,2,1.4,0,0,-4,1.1
58,,,,,,,,,,,,,,,,,,,,,,,,,,,,,,,,,,
58,1.7,0,-0.3,3.626,0,0,0,0,0,0.9,0,0,0,0,0,51,3.4,-1.8,3.653,16,0,0,0,2.6,0.7,0,0,0,2.4,1.4,0,-2,-4,1.2
58,1.7,0,-0.3,3.623,0,3,0,0,0,0.9,0,0,0,0,0,50.8,3.4,-1.8,3.636,16,0,0,0,2.6,1,0,0,0,2,1.4,0,0,-4,1.2
58,1.7,0,-0.3,3.623,0,0,12,0,0,0.9,0,0,0,0,0,50.8,3.4,-1.8,3.636,16,0,0,0,2.6,1,0,0,0,2,1.4,0,-2,-4,1.2
"57,58",,,,,,,,,,,,,,,,,,,,,,,,,,,,,,,,,,
58,1.7,0,-0.3,3.643,0,0,0,0,0,0.9,0,0,0,0,0,50.9,3.4,-1.8,3.658,16,0,0,0,2.6,1,0,0,0,2,1.4,0,-2,-4,1.2
58,7.4,0,3.7,3.623,0,-3,0,0,0,7.4,0,0,0,0,0,50.7,3.8,1,3.646,14,0,0,0,3,3.7,0,0,0,6.5,7.1,0,2,-8,7.3
58,7.4,0,3.7,3.621,0,9,2,0,0,7.4,0,0,0,0,0,50.8,3.8,1,3.637,14,0,0,0,3,3.7,0,2,0,6.5,7.1,0,3,-7,7.3
58,7.4,0,3.7,3.624,0,0,13,0,0,7.4,0,0,0,0,0,51,3.8,1,3.652,15,0,0,0,3,3.7,0,0,0,6.5,7.1,0,0,-7,7.3
58,7.4,0,3.7,3.635,0,3,3,0,0,7.4,0,0,0,0,0,51.1,3.8,1,3.656,15,0,0,0,3,3.7,0,1,0,6.5,7.1,0,0,-7,7.3
58,7.4,0,3.7,3.62,0,-3,0,0,0,7.4,0,0,0,0,0,50.8,3.8,1,3.648,15,0,0,0,3,3.7,0,1,0,6.5,7.1,0,0,-7,7.3
58,18.7,0,17.3,3.638,0,3,26,0,0,17.7,0,0,0,0,0,51,18.3,16.2,3.657,26,0,0,0,17.5,17.5,0,0,0,20.3,18.3,0,0,-9,18.1
57,,,,,,,,,,,,,,,,,,,,,,,,,,,,,,,,,,
57,19.4,0,18.9,3.62,0,-7,0,0,0,18.5,0,0,0,0,0,50.8,19.4,17.4,3.632,40,0,0,0,18.6,18.9,0,0,0,21.7,18.9,0,1,-9,18.7
58,,,,,,,,,,,,,,,,,,,,,,,,,,,,,,,,,,
58,19.5,0,18.5,3.631,0,0,12,0,0,18.7,0,0,0,0,0,50.9,19.4,16.2,3.643,40,0,0,0,18.6,18.9,0,-1,0,21.6,19,0,0,-9,19
58,19.5,0,18.9,3.626,0,7,11,0,0,18.7,0,0,0,0,0,51,19.4,16.4,3.645,40,0,0,0,18.6,18.9,0,0,0,21.7,19,0,0,-9,19
58,19.5,0,18.9,3.627,0,-6,12,0,0,18.7,0,0,0,0,0,51,19.4,16.4,3.638,41,0,0,0,18.6,18.9,0,0,0,21.7,19,0,0,-9,19
58,19.5,0,18.9,3.628,0,0,0,0,0,18.7,0,0,0,0,0,50.9,19.4,17.2,3.639,41,0,0,0,18.6,18.9,0,0,0,21.7,19,0,-1,-9,19
58,19.5,0,18.9,3.63,0,0,10,0,0,18.7,0,0,0,0,0,51,19.4,17.2,3.642,41,0,0,0,18.6,18.9,0,0,0,21.7,19,0,-1,-9,19
58,19.7,0,18.9,3.63,0,-3,12,0,0,18.9,0,0,0,0,0,50.9,19.4,16.9,3.644,41,0,0,0,18.6,18.9,0,0,0,21.7,19.1,0,0,-9,19.1
58,19.7,0,18.9,3.63,0,0,12,0,0,18.9,0,0,0,0,0,51,19.4,16.9,3.644,41,0,0,0,18.6,18.9,0,0,0,21.7,19.1,0,0,-9,19.1
58,19.7,0,18.9,3.639,0,0,12,0,0,18.9,0,0,0,0,0,51.1,19.5,16.9,3.653,41,0,0,0,18.6,18.9,0,0,0,21.7,19.1,0,0,-9,19.1
58,19.7,0,18.9,3.641,0,3,13,0,0,18.9,0,0,0,0,0,51,19.4,17.4,3.653,41,0,0,0,18.6,18.9,0,0,0,21.7,19.1,0,0,-9,19.1
58,19.8,0,18.9,3.639,0,0,4,0,0,18.9,0,0,0,0,0,51,19.4,17.4,3.658,41,0,0,0,18.6,18.9,0,0,0,21.7,19.1,0,0,-9,19.1
58,,,,,,,,,,,,,,,,,,,,,,,,,,,,,,,,,,
58,19.8,0,18.9,3.633,0,3,0,0,0,19,0,0,0,0,0,50.9,19.5,17.5,3.644,41,0,0,0,18.6,18.9,0,0,0,21.7,19.3,0,1,-9,19.2
58,19.8,0,18.9,3.643,0,3,0,0,0,19,0,0,0,0,0,51,19.5,17.5,3.659,41,0,0,0,18.6,18.9,0,0,0,21.7,19.3,0,0,-9,19.2
58,19.9,0,18.9,3.643,0,0,0,0,0,19,0,0,0,0,0,51,19.5,17.5,3.659,41,0,0,0,18.6,18.9,0,0,0,21.7,19.3,0,0,-9,19.4
58,19.9,0,18.9,3.634,0,3,0,0,0,19,0,0,0,0,0,51,19.5,17.5,3.645,41,0,0,0,18.6,18.9,0,0,0,21.7,19.3,0,0,-9,19.4
58,19.9,0,18.9,3.641,0,0,11,0,0,19,0,0,0,0,0,51.1,19.5,17.5,3.657,41,0,0,0,18.6,18.9,0,1,0,21.7,19.3,0,0,-9,19.4
58,19.9,0,18.9,3.639,0,-7,0,0,0,19,0,0,0,0,0,51,19.5,17.5,3.652,41,0,0,0,18.6,18.9,0,1,0,21.7,19.3,0,0,-9,19.4
58,19.9,0,18.9,3.635,0,-6,6,0,0,19.1,0,0,0,0,0,51,19.5,17.5,3.647,41,0,0,0,18.6,18.9,0,0,0,21.7,19.4,0,0,-9,19.4
58,19.9,0,18.9,3.642,0,0,5,0,0,19.1,0,0,0,0,0,51,19.5,17.5,3.649,41,0,0,0,18.6,18.9,0,0,0,21.7,19.4,0,0,-9,19.4
58,19.9,0,18.9,3.642,0,-3,0,0,0,19.1,0,0,0,0,0,51,19.5,17.5,3.655,41,0,0,0,18.6,18.9,0,0,0,21.7,19.4,0,0,-9,19.4
58,19.9,0,18.9,3.643,0,0,13,0,0,19.1,0,0,0,0,0,51.1,19.5,17.5,3.661,41,0,0,0,18.6,18.9,0,0,0,21.7,19.4,0,0,-9,19.4
58,19.9,0,18.9,3.64,0,3,13,0,0,19.1,0,0,0,0,0,51,19.5,17.5,3.653,41,0,0,0,18.6,18.9,0,0,0,21.7,19.4,0,0,-9,19.4
58,20,0,18.9,3.642,0,-3,12,0,0,19.1,0,0,0,0,0,51.1,19.5,17.5,3.663,41,0,0,0,18.6,18.9,0,1,0,21.7,19.4,0,0,-9,19.4
58,20,0,18.9,3.64,0,-7,0,0,0,19.1,0,0,0,0,0,51,19.6,17.5,3.652,41,0,0,0,18.6,18.9,0,1,0,21.7,19.4,0,0,-9,19.4
58,20,0,18.9,3.637,0,-7,11,0,0,19.3,0,0,0,0,0,51.1,19.6,17.5,3.65,42,0,0,0,18.6,18.9,0,1,0,21.7,19.4,0,0,-9,19.5
58,20.2,0,18.9,3.645,0,0,13,0,0,19.4,0,0,0,0,0,51,19.5,17.5,3.663,42,0,0,0,18.6,18.9,0,-1,0,21.7,19.5,0,0,-9,19.7
58,20.2,0,18.9,3.637,0,0,0,0,0,19.4,0,0,0,0,0,51,19.6,17.5,3.649,42,0,0,0,18.7,18.9,0,0,0,21.7,19.6,0,0,-9,19.7
58,20.2,0,18.9,3.637,0,-3,12,0,0,19.4,0,0,0,0,0,51.2,19.5,17.5,3.65,42,0,0,0,18.7,18.9,0,0,0,21.7,19.6,0,0,-9,19.7
58,20.2,0,18.9,3.639,0,0,12,0,0,19.4,0,0,0,0,0,51.1,19.6,17.5,3.651,42,0,0,0,18.7,18.9,0,-1,0,21.7,19.5,0,0,-9,19.7
58,20.2,0,18.9,3.641,0,-7,4,0,0,19.4,0,0,0,0,0,51.1,19.6,17.5,3.654,42,0,0,0,18.7,18.9,0,0,0,21.7,19.5,0,0,-9,19.7
58,20.3,0,18.9,3.648,0,0,11,0,0,19.4,0,0,0,0,0,51.2,19.6,17.5,3.662,42,0,0,0,18.7,18.9,0,0,0,21.7,19.7,0,1,-9,19.8
58,20.3,0,18.9,3.647,0,0,12,0,0,19.4,0,0,0,0,0,51.2,19.6,17.5,3.664,42,0,0,0,18.7,18.9,0,0,0,21.7,19.7,0,1,-9,19.8
58,20.3,0,18.9,3.639,0,3,0,0,0,19.4,0,0,0,0,0,51,19.6,17.5,3.651,42,0,0,0,18.7,18.9,0,0,0,21.7,19.7,0,0,-9,19.8
58,20.4,0,18.9,3.647,0,-6,12,0,0,19.5,0,0,0,0,0,51.1,19.6,17.5,3.665,42,0,0,0,18.7,18.9,0,0,0,21.7,19.7,0,0,-9,19.8
58,20.4,0,18.9,3.645,0,7,0,0,0,19.5,0,0,0,0,0,51.1,19.6,17.5,3.661,42,0,0,0,18.7,18.9,0,0,0,21.7,19.7,0,0,-9,19.8
58,20.4,0,18.9,3.642,0,3,0,0,0,19.5,0,0,0,0,0,51,19.6,17.5,3.655,42,0,0,0,18.7,18.9,0,0,0,21.7,19.7,0,0,-9,19.8
58,20.4,0,18.9,3.639,0,-7,6,0,0,19.7,0,0,0,0,0,51,19.6,17.5,3.659,42,0,0,0,18.7,18.9,0,0,0,21.7,19.7,0,0,-9,19.9
58,20.4,0,18.9,3.642,0,-13,9,0,0,19.7,0,0,0,0,0,51.2,19.6,17.5,3.656,42,0,0,0,18.7,18.9,0,0,0,21.7,19.7,0,0,-9,19.9
58,20.4,0,18.9,3.64,0,0,3,0,0,19.7,0,0,0,0,0,51.1,19.6,17.5,3.652,42,0,0,0,18.7,18.9,0,0,0,21.7,19.7,0,0,-9,19.9
58,20.4,0,18.9,3.65,0,7,13,0,0,19.7,0,0,0,0,0,51.1,19.6,17.5,3.666,42,0,0,0,18.7,18.9,0,0,0,21.7,19.8,0,1,-9,20
58,20.4,0,18.9,3.652,0,7,12,0,0,19.7,0,0,0,0,0,51.2,19.6,17.5,3.665,42,0,0,0,18.7,18.9,0,0,0,21.7,19.8,0,1,-9,20
58,,,,,,,,,,,,,,,,,,,,,,,,,,,,,,,,,,
58,20.6,0,18.6,3.634,0,0,11,0,0,19.9,0,0,0,0,0,51.1,19.6,17.4,3.647,42,0,0,0,18.7,18.9,0,0,0,21.7,19.9,0,0,-9,20.2
58,20.6,0,18.9,3.643,0,7,12,0,0,19.9,0,0,0,0,0,51.1,19.6,17.5,3.658,42,0,0,0,18.7,18.9,0,0,0,21.7,19.9,0,1,-9,20.3
58,20.6,0,18.9,3.644,0,0,0,0,0,19.9,0,0,0,0,0,51,19.6,17.5,3.662,42,0,0,0,18.7,18.9,0,-1,0,21.7,19.9,0,0,-9,20.3
58,20.6,0,18.9,3.644,0,0,12,0,0,19.9,0,0,0,0,0,51.1,19.6,17.5,3.664,42,0,0,0,18.7,18.9,0,-1,0,21.7,19.9,0,0,-9,20.3
58,20.7,0,18.9,3.645,0,7,12,0,0,19.9,0,0,0,0,0,51.1,19.6,17.5,3.659,42,0,0,0,18.7,18.9,0,-1,0,21.7,20,0,0,-9,20.3
58,20.7,0,18.9,3.646,0,0,12,0,0,19.9,0,0,0,0,0,51.1,19.6,17.5,3.663,43,0,0,0,18.7,18.9,0,-1,0,21.7,20,0,0,-9,20.3
58,20.7,0,18.9,3.649,0,0,12,0,0,19.9,0,0,0,0,0,51.2,19.6,17.5,3.662,43,0,0,0,18.7,18.9,0,0,0,21.7,20,0,1,-9,20.3
57,20.6,0,18.9,3.632,0,-6,0,0,0,19.9,0,0,0,0,0,50.9,19.6,16.3,3.643,43,0,0,0,18.7,18.9,0,0,0,21.7,19.9,0,0,-9,20.2
58,20.4,0,18.9,3.643,0,0,6,0,0,19.7,0,0,0,0,0,51,19.4,16.3,3.655,29,0,0,0,18.8,17.1,0,0,0,21.6,20,0,-1,-9,20.1
58,20.5,0,18.9,3.638,0,7,10,0,0,19.8,0,0,0,0,0,51,19.4,17.3,3.644,29,0,0,0,18.8,18.9,0,1,0,21.7,19.9,0,0,-9,20
58,20.5,0,18.9,3.649,0,7,5,0,0,19.8,0,0,0,0,0,51.1,19.4,17.3,3.66,29,0,0,0,18.8,18.9,0,-1,0,21.7,19.9,0,0,-9,20
58,,,,,,,,,,,,,,,,,,,,,,,,,,,,,,,,,,
58,20.5,0,18.9,3.65,0,0,12,0,0,19.8,0,0,0,0,0,51.1,19.4,17.4,3.661,29,0,0,0,18.8,18.9,0,0,0,21.7,20,0,-1,-9,20.2
58,20.5,0,18.9,3.641,0,3,0,0,0,19.8,0,0,0,0,0,51,19.4,17.4,3.647,30,0,0,0,18.9,18.9,0,0,0,21.7,20,0,-1,-9,20.2
58,20.5,0,18.9,3.646,0,0,0,0,0,19.8,0,0,0,0,0,51,19.4,17.4,3.653,30,0,0,0,18.8,18.9,0,0,0,21.7,20,0,0,-9,20.2
58,20.5,0,18.9,3.643,0,7,12,0,0,19.8,0,0,0,0,0,51.2,19.4,17.5,3.65,30,0,0,0,18.9,18.9,0,0,0,21.7,19.9,0,0,-9,20.2
58,20.6,0,18.9,3.655,0,3,11,0,0,19.9,0,0,0,0,0,51.2,19.4,17.5,3.665,30,0,0,0,18.9,18.9,0,0,0,21.7,20,0,-1,-9,20.2
58,20.6,0,18.9,3.654,0,-6,12,0,0,19.9,0,0,0,0,0,51.2,19.4,17.5,3.665,30,0,0,0,18.9,18.9,0,0,0,21.7,20,0,-1,-9,20.2
58,20.6,0,18.9,3.651,0,-3,4,0,0,19.9,0,0,0,0,0,51.1,19.5,17.5,3.661,30,0,0,0,18.9,18.9,0,0,0,21.7,20,0,0,-9,20.2
58,20.6,0,18.9,3.655,0,0,12,0,0,19.9,0,0,0,0,0,51.2,19.5,17.5,3.664,30,0,0,0,18.9,18.9,0,0,0,21.7,20,0,0,-9,20.2
58,20.6,0,18.9,3.653,0,-7,7,0,0,19.9,0,0,0,0,0,51.1,19.5,17.5,3.66,30,0,0,0,18.9,18.9,0,0,0,21.7,20,0,0,-9,20.2
58,20.6,0,18.9,3.657,0,7,12,0,0,19.9,0,0,0,0,0,51.2,19.5,17.5,3.664,30,0,0,0,18.9,18.9,0,0,0,21.7,20,0,0,-9,20.3
58,20.6,0,18.9,3.65,0,-3,7,0,0,19.9,0,0,0,0,0,51.2,19.5,17.5,3.658,30,0,0,0,18.9,18.9,0,0,0,21.7,20,0,0,-9,20.3
58,,,,,,,,,,,,,,,,,,,,,,,,,,,,,,,,,,
58,20.7,0,18.9,3.649,0,0,7,0,0,19.9,0,0,0,0,0,51.2,19.5,17.5,3.656,30,0,0,0,18.9,18.9,0,1,0,21.7,20.1,0,0,-9,20.3
58,20.7,0,18.9,3.658,0,-7,12,0,0,19.9,0,0,0,0,0,51.2,19.5,17.5,3.668,30,0,0,0,18.9,18.9,0,1,0,21.7,20.1,0,0,-9,20.3
58,20.7,0,18.9,3.651,0,7,12,0,0,20,0,0,0,0,0,51.2,19.5,17.5,3.657,30,0,0,0,18.9,18.9,0,0,0,21.7,20.2,0,0,-9,20.3
58,20.7,0,18.9,3.658,0,3,11,0,0,20,0,0,0,0,0,51.2,19.5,17.5,3.669,30,0,0,0,18.9,18.9,0,0,0,21.7,20.2,0,0,-9,20.3
58,20.7,0,18.9,3.66,0,0,11,0,0,20,0,0,0,0,0,51.2,19.5,17.5,3.671,31,0,0,0,18.9,18.9,0,0,0,21.7,20.2,0,0,-9,20.4
58,20.7,0,18.9,3.658,0,-7,12,0,0,20,0,0,0,0,0,51.2,19.5,17.5,3.671,31,0,0,0,19,18.9,0,-1,0,21.7,20.2,0,0,-9,20.4
58,20.8,0,18.9,3.653,0,0,12,0,0,20.2,0,0,0,0,0,51.2,19.5,17.5,3.669,31,0,0,0,18.9,18.9,0,0,0,21.7,20.3,0,1,-9,20.4
58,,,,,,,,,,,,,,,,,,,,,,,,,,,,,,,,,,
58,20.8,0,18.9,3.66,0,-6,12,0,0,20.2,0,0,0,0,0,51.3,19.5,17.5,3.67,31,0,0,0,19,18.9,0,1,0,21.7,20.3,0,0,-9,20.4
58,20.8,0,18.9,3.661,0,0,12,0,0,20.2,0,0,0,0,0,51.3,19.5,17.5,3.673,31,0,0,0,19,18.9,0,1,0,21.7,20.3,0,0,-9,20.4
58,20.8,0,18.9,3.661,0,-3,11,0,0,20.2,0,0,0,0,0,51.2,19.5,17.5,3.673,31,0,0,0,19,19,0,1,0,21.7,20.3,0,0,-9,20.4
58,20.8,0,18.9,3.663,0,0,12,0,0,20.2,0,0,0,0,0,51.3,19.5,17.5,3.673,31,0,0,0,19,18.9,0,0,0,21.8,20.3,0,0,-9,20.5
57,21.4,0,18.9,3.641,0,0,0,0,0,20.6,0,0,0,0,0,51,19.5,17.5,3.646,31,0,0,0,19,18.9,0,0,0,21.7,20.6,0,0,-9,20.9
17,,,,,,,,,,,,,,,,,,,,,,,,,,,,,,,,,,
"56,64,65,66",29.7,0,16.2,3.905,0,0,0,0,0,29.3,0,-0.01,0,0,0,54.8,17.2,17.5,3.924,81,0,0,0,15.5,16.2,0,0,0,20.5,24.4,0,5,-2,29.3
55,,,,,,,,,,,,,,,,,,,,,,,,,,,,,,,,,,
"52,55",28.1,0,16,3.905,0,0,0,0,0,28.5,0,0,0,0,0,54.8,17.3,17.5,3.924,81,0,0,0,15.6,16.2,0,0,0,20.4,24.3,0,0,1,28
52,28,0,15.8,3.905,0,0,0,0,0,28.4,0,0,0,0,0,54.8,17.3,17.5,3.924,81,0,0,0,15.6,16.2,0,0,0,20.4,24.3,0,1,1,27.8
59,28,0,15.8,3.905,0,7,0,0,0,28.3,0,0,0,0,0,54.8,17.3,17.5,3.924,81,0,0,0,15.6,16.2,0,0,0,20.4,24.3,0,1,3,27.6
"56,59,66",28,0,15.8,3.905,0,0,0,0,0,28.3,0,0,0,0,0,54.8,17.3,17.5,3.924,81,0,0,0,15.6,16.2,0,0,0,20.4,24.3,0,1,4,27.6
"56,66",27.9,0,15.9,3.905,0,0,0,0,0,28.3,0,0,0,0,0,54.8,17.4,16.2,3.924,81,0,0,0,15.6,16.2,0,-1,0,20.3,24.3,0,-7,4,27.6
"53,56,66",27.8,0,16,3.905,0,0,0,0,0,28.1,0,0,0,0,0,54.8,17.4,17.5,3.924,81,0,0,0,15.6,16.2,0,1,0,20.4,24.4,0,2,4,27.5
"56,66",27.8,0,16,3.905,0,0,0,0,0,28.1,0,0,0,0,0,54.8,17.4,17.5,3.925,81,0,0,0,15.6,16.2,0,0,0,20.4,24.4,0,-1,4,27.5
62,27.7,0,15.8,3.905,0,-6,0,0,0,28.1,0,0,0,0,0,54.8,17.4,17.5,3.923,81,0,0,0,15.6,16.2,0,0,0,21.3,24.4,0,-1,3,27.4
"56,62,66",27.7,0,15.8,3.905,0,0,0,0,0,28.1,0,0,0,0,0,54.8,17.4,17.5,3.924,81,0,0,0,15.6,16.2,0,0,0,21.3,24.4,0,0,4,27.4
"54,56,66",27.6,0,15.9,3.905,0,0,0,0,0,28.1,0,0,0,0,0,54.8,17.4,17.4,3.924,81,0,0,0,15.6,16.2,0,0,0,20.3,24.4,0,1,4,27.4
"54,56,66",27.6,0,16.1,3.905,0,7,0,0,0,28,0,0,0,0,0,54.8,17.4,17.4,3.924,81,0,0,0,15.6,16.2,0,0,0,21.5,24.4,0,0,4,27.2
57,,,,,,,,,,,,,,,,,,,,,,,,,,,,,,,,,,
58,17.7,0,13.4,4.086,0,-3,23,0,0,17.4,0,0,0,0,0,57.3,17.4,13.4,4.103,97,0,0,0,15.6,12,0,-1,0,17.5,17,0,0,2,16.6
58,17.7,0,13.4,4.084,0,-3,23,0,0,17.5,0,0,0,0,0,57.3,17.4,13.5,4.102,97,0,0,0,15.6,12,0,2,0,17.5,17,0,0,3,16.6
58,17.7,0,13.4,4.067,0,-3,0,0,0,17.5,0,0,0,0,0,57.1,17.4,13.5,4.084,97,0,0,0,15.6,12,0,-1,0,17.5,17,0,0,2,16.6
58,17.8,0,13.4,4.078,0,-3,23,0,0,17.5,0,0,0,0,0,57.2,17.4,13.5,4.096,98,0,0,0,15.6,12,0,-1,0,17.5,17.2,0,0,3,16.8
58,17.8,0,13.4,4.063,0,3,0,0,0,17.7,0,0,0,0,0,57,17.4,13.5,4.081,98,0,0,0,15.6,12,0,-1,0,17.5,17.2,0,0,3,16.8
58,,,,,,,,,,,,,,,,,,,,,,,,,,,,,,,,,,
58,1.9,0,-0.4,4.069,0,-6,0,0,0,1,0,0,0,0,0,57.1,1.7,-0.4,4.089,100,0,0,0,0.3,-1.8,0,0,0,3.7,0.1,0,0,-6,0.5
58,3.1,6.9,1,4.021,0.67,0,-3,0.6,5.1,2.5,0,0.91,0,0,0,56.6,1.9,0.2,4.044,100,0,0,0.47,0.4,-0.2,7.4,0,2.04,7.4,1.5,0,-2,-4,1.6
58,,,,,,,,,,,,,,,,,,,,,,,,,,,,,,,,,,
58,11.1,25.5,15.7,3.626,-0.45,920,-6,-5.3,5.3,10,0.21,0.44,0.98,0.03,0,51.3,9.5,12,3.668,46,0.07,0,0.6,7.8,12.9,0.8,849,0.82,13.4,7.9,-0.02,850,4,9.9
58,14,10.2,15,3.569,0.49,808,-77,37.9,-5.5,10.7,0.02,-0.04,1,0.01,0.18,50.7,9.9,11.2,3.635,43,-0.02,0.08,-0.04,8.2,17.2,0,218,0.14,14.8,8.7,1.32,60,-18,10.7
58,14.3,4.3,14.8,3.569,0.15,802,-77,0,0,11.1,0.04,-0.01,0.21,0,0,50.7,9.9,12,3.635,43,0,0,-0.02,8.2,16.3,0,-1,0.27,14.8,9.1,0,0,14,11.2
58,19.9,0,10.6,4.083,0.36,0,-5,0,0,23,0.01,-0.01,0.09,0,0,57.4,20.5,18.9,4.104,100,0,0,0.01,19.1,21.7,0,-48,0.11,23.9,21.7,0,1,-2,22.2
58,19.9,0,10.6,4.083,0,7,-5,0,0,23,0,0,0,0,0,57.4,20.5,18.9,4.104,100,0,0,0,19.1,21.7,0,0,0,23.9,21.7,0,0,-2,22.2
58,20,0,13.5,4.133,-0.01,0,6,0,0,20.4,0,-0.01,0,0,0,57.9,23.6,14.7,4.149,100,0,0,0.02,22,12.4,0,0,0,17.5,20,0,1,4,18.9
58,20.6,0,13.5,4.133,0,3,6,0,0,20.4,0,0,0,0,0,57.9,23.6,14.7,4.149,100,0,0,0,22,12.4,0,0,0,17.5,20,0,1,4,18.9
58,21.4,0,14.3,4.133,0,0,6,0,0,20.4,0,0,0,0,0,57.9,23.6,15.4,4.149,100,0,0,0,22,12.4,0,0,0,17.5,20,0,0,4,18.9
58,,,,,,,,,,,,,,,,,,,,,,,,,,,,,,,,,,
58,,,,,,,,,,,,,,,,,,,,,,,,,,,,,,,,,,
"17,51",,,,,,,,,,,,,,,,,,,,,,,,,,,,,,,,,,
"23,51",9,5.3,17.4,3.75,-0.43,547,-72,2.8,-30.8,9.7,0.07,0,0.57,-1.01,0.11,53.2,5.8,10.4,3.82,76,3.58,0.1,0.18,3.8,7.9,1.7,3266,0,9.3,5.7,1.27,2505,17,8.7
17,14,29.5,11.5,4.072,0.14,734,-18,1.5,4.2,12.3,0.14,0.4,1.28,0.09,0,57.2,13.7,14.6,4.092,100,0.01,0,0.12,11.8,10.8,0,384,1.85,12,10.4,0.05,94,73,11.9
17,,,,,,,,,,,,,,,,,,,,,,,,,,,,,,,,,,
"17,51",13.2,13.3,10,3.737,-1.15,-24,-119,-11.2,16.5,11.4,0.71,0.2,5.98,0.46,-0.02,53.1,7.4,14.8,3.853,86,0.8,0.02,0.2,6.3,11.8,11.1,30,1.71,13.4,10.3,-0.31,13,22,11
"17,24,51",,,,,,,,,,,,,,,,,,,,,,,,,,,,,,,,,,
"56,64,65,66",19.8,0,16.2,3.913,0,0,0,0,0,22.2,0,0,0,0,0,54.9,17.4,20.3,3.929,84,0,0,0,15.3,18.9,0,10,0,18.9,20.5,0,-6,-8,21.6
"56,64,65,66",19.8,0,16.2,3.913,0,0,0,0,0,22.2,0,0,0,0,0,54.9,17.4,20.3,3.928,84,0,0,0,15.3,18.9,0,-2,0,18.9,20.5,0,0,-8,21.6
"56,64,65,66",20.3,0,16.8,3.911,0,0,0,0,0,22.6,0,0,0,0,0,54.9,17.5,20.3,3.927,84,0,0,0,15.4,18.9,0,7,0,18.9,20.9,0,0,-9,22.2
55,20.4,0,16.4,3.91,0,0,0,0,0,22.9,0,0,0,0,0,54.9,17.5,20.6,3.926,84,0,0,0,15.4,18.9,0,0,0,18.9,21.2,0,0,-5,22.4
52,20.4,0,16.4,3.91,0,7,0,0,0,22.9,0,0,0,0,0,54.9,17.6,20.6,3.926,84,0,0,0,15.4,18.9,0,0,0,18.9,21.2,0,0,-5,22.4
52,20.6,0,16.6,3.91,0,-3,0,0,0,23,0,0,0,0,0,54.9,17.6,21,3.925,84,0,0,0,15.5,19,0,0,0,18.9,21.4,0,0,-5,22.5
59,20.8,0,17.4,3.908,0,7,0,0,0,23.2,0,0,0,0,0,54.8,17.7,21.3,3.925,84,0,0,0,15.5,19.1,0,0,0,18.9,21.6,0,0,-5,22.9
"56,59,66",20.8,0,17.4,3.909,0,-6,0,0,0,23.2,0,0,0,0,0,54.8,17.7,21.3,3.924,84,0,0,0,15.5,19.1,0,0,0,18.9,21.6,0,0,-5,22.9
"56,59,66",20.8,0,17.4,3.908,0,0,0,0,0,23.2,0,0,0,0,0,54.8,17.7,21.3,3.925,84,0,0,0,15.5,19.1,0,0,0,18.9,21.6,0,0,-5,22.9
"53,56,66",20.9,0,17.4,3.908,0,-7,0,0,0,23.2,0,0,0,0,0,54.8,17.7,20.3,3.925,84,0,0,0,15.5,19.1,0,-1,0,18.9,21.7,0,5,-5,22.9
"56,62,66",21.3,0,17,3.908,0,7,0,0,0,23.4,0,0,0,0,0,54.8,17.8,21.3,3.923,84,0,0,0,15.6,19.2,0,0,0,18.9,22,0,0,-5,23.2
"54,56,62,66",21.4,0,17,3.908,0,7,0,0,0,23.4,0,0,0,0,0,54.8,17.8,21.6,3.923,84,0,0,0,15.6,19.1,0,0,0,18.9,22.1,0,0,-5,23.3
"54,56,66",,,,,,,,,,,,,,,,,,,,,,,,,,,,,,,,,,
17,,,,,,,,,,,,,,,,,,,,,,,,,,,,,,,,,,
"17,51",18.7,0.8,13.4,3.719,-0.05,271,-22,5,2.7,15.8,0.01,-0.01,0.23,0.05,0,52.3,7.1,13.4,3.74,67,0.46,0.07,-0.04,6.2,16.8,22,532,0,10.6,12.8,-0.05,158,9,16.5
"51,56",,,,,,,,,,,,,,,,,,,,,,,,,,,,,,,,,,
17,7.4,1.7,13,3.918,0.21,736,-56,0.2,0,7.3,0.19,0,2.9,0,0,54.9,10.6,11.8,3.93,85,0,0,-0.01,9.1,3.6,0,5,0,7.9,5.1,0,10,5,8.4
17,12.3,23,11.9,3.98,0.01,462,-25,6.1,10.1,10,0.02,0,0.02,0.08,0.02,55.6,8.9,12.6,4.002,99,0.02,0.02,0.06,7.8,14.8,-5.4,5,0,7.9,7.3,0.05,7,1,10.8
17,,,,,,,,,,,,,,,,,,,,,,,,,,,,,,,,,,
17,3.2,78.1,-0.4,3.922,-0.97,576,-130,12.2,1.6,-2.8,0.68,-2.02,6.5,0.02,0.04,55.1,1.1,-1.8,3.958,100,-0.02,0,-0.11,-0.6,2.8,0.1,178,1.64,-4.5,-3.1,0.13,281,-21,-1.9
17,7.4,4.8,5,3.787,0.14,886,-13,0.1,9.5,3.3,0.1,-0.16,0.75,0.07,0.01,53.2,4.8,5,3.805,85,-0.01,0,-0.29,3.4,13.4,0,-264,1.81,1.1,1.7,0.13,-295,-28,3.2
23,,,,,,,,,,,,,,,,,,,,,,,,,,,,,,,,,,
41,8.1,0,6.5,3.675,0,0,-3,0,-0.1,6.8,0,0,0,0,0,51.5,19,6.5,3.687,77,0,0,0,17.2,20.7,0,0,0,18.9,22.6,0,0,0,7.8
41,25.1,0,22.9,3.674,0,0,0,0,-0.1,22.3,0,0,0,0,0,51.5,19.2,21.7,3.685,76,0,0,0,17.3,21.7,0,0,0,47.1,23.4,0,3,0,23.2
"17,51",9.9,-0.1,9.2,4.045,0,242,-51,0,11.2,8.9,0.15,-0.01,1.34,0.29,-0.02,57.1,5.9,7.9,4.082,100,-0.11,-0.02,-0.04,4.6,5.1,-10,-9,0,13.4,8.4,0.02,-1384,-62,9.6
"17,24",,,,,,,,,,,,,,,,,,,,,,,,,,,,,,,,,,
58,10.3,65.8,8.9,4.081,0,933,-32,0,0,10.8,0.22,0,2,-0.03,0,57,7.1,9.3,4.103,100,0,0,0,6,6.3,0,5,0,12,9,0,-15,0,10.2
69,,,,,,,,,,,,,,,,,,,,,,,,,,,,,,,,,,
69,21.4,118.7,32,3.864,0.43,1724,-31,2.1,5.8,15.8,0.47,-0.63,0.69,-0.17,0.01,54.1,12.6,25.8,3.881,100,0.34,0.12,0.92,10.2,24.8,3.6,483,0.26,19.8,13.9,0.03,369,5,19.3
69,21.8,32.1,32.6,3.777,0.92,826,-81,24,-52,16,0.05,-0.12,1.45,-2.04,0.16,53.6,12.7,26.8,3.841,100,3.47,0.39,0.91,10.3,25.7,71.8,4199,2.78,20,14,2.01,4098,-1,20
69,21.8,10.8,32.6,3.833,0.92,2044,-93,12.5,-0.1,16,0.16,-0.12,1.74,-0.27,0,53.8,12.7,26.8,3.857,100,1.17,0.04,0.91,10.3,25.7,16.2,88,2.78,20,14,0.51,191,6,20
"67,69",21.8,10.8,32.6,3.845,0.92,952,-37,12.5,-0.1,16,0.02,-0.12,0.43,0.04,0,54.1,12.7,26.8,3.857,100,0.43,0,0.91,10.3,25.7,6.1,0,2.78,20,14,0.07,2,6,20
69,21.8,37.5,32.8,3.861,-0.16,1359,-5,11,38.1,16.1,0.1,-1.05,0.98,1.26,0.01,54.3,12.7,27.2,3.879,100,0.33,0.02,-0.26,10.3,25.8,0.4,-1227,0.86,20.3,14.1,0.19,-1253,0,20.3
"67,69",21.8,124.7,32.8,3.822,-0.16,1813,-70,3.2,-7.7,16.1,0.38,-1.05,6.03,0,0,53.9,12.7,27.2,3.86,100,0,0.06,-0.26,10.4,25.8,10.6,77,0.86,20.3,14.1,0,10,-8,20.3
67,21.8,17.6,32.8,3.821,-0.16,1756,-50,3.2,-7.7,16.1,0.11,-1.05,0.86,0,0,54.1,12.8,27.2,3.878,100,0,0,-0.26,10.4,26.8,0,0,0.86,20.3,14.1,0,0,-7,20.3
69,22,34.2,33.6,3.783,0.04,866,-49,47,4.7,16.2,0.07,0.46,0.5,-3.44,0.2,53.4,12.9,27.2,3.85,100,4.03,0.41,1.88,10.5,26.4,73.2,4189,2.12,20.3,14.7,2.8,4055,-22,20.5
"67,69",22,13.8,33.6,3.835,0.04,391,-9,0,4.7,16.2,0.1,0.46,0.21,0,0.14,54,12.9,27.2,3.87,100,0,0.31,1.88,10.5,26.4,61,-2,2.12,20.3,14.7,0,4,46,20.5
69,22.1,122.7,34.2,3.794,0.57,996,-54,0,-0.1,16.5,0.33,5.82,1.38,0.22,0.04,53.8,13,28.2,3.852,100,0,0,0.12,10.6,26.9,0,456,1.53,20.3,15.7,0.02,611,-1,20.8
69,22,42,34.8,3.758,-0.18,2189,-51,-19.9,-29.2,14.3,0.1,0.77,1.05,-0.9,0.08,53.1,12.4,25.5,3.818,98,0.52,0.09,1.34,9.3,28.6,29.3,3643,1.73,17.5,12.5,-0.12,3681,1,19.8
69,22.1,83.4,35.6,3.766,0.03,2135,-32,-0.2,-10,14.5,0.61,-0.7,3.72,-0.11,0,53,12.4,25.8,3.804,98,0.24,0.03,1.31,9.3,28.6,17.8,-63,1.61,17.6,12.4,0.01,284,-70,20.4
69,22.4,15.6,35.6,3.783,0.03,820,-25,-0.2,10.4,14.5,0.14,-0.7,0.47,-0.11,0.02,53.1,12.4,25.8,3.8,98,0.37,0.03,1.31,9.3,29.5,-2.9,336,1.61,17.6,12.4,0.07,61,20,20.4
69,22.7,4.9,35.7,3.731,0.45,812,-86,14.9,-18.2,14.7,0.05,0.12,0.53,0.68,0.13,52.9,12.4,25.8,3.792,98,0.26,0.17,0.6,9.4,30,40,1987,0.26,18.1,12.4,1.2,2549,-2,20.5
69,22.7,4.9,35.7,3.74,0.45,787,-35,3.9,-12.3,14.7,0.05,0.12,0.8,-0.39,0.01,53,12.5,25.8,3.796,98,0.12,0.12,0.6,9.5,30,16.8,539,0.26,18.1,12.4,-0.03,187,50,20.5
69,22.7,35.5,35.7,3.778,0.45,897,-51,3.9,13.2,14.7,0.15,0.12,0.63,-0.03,0.02,53.2,12.5,25.8,3.803,97,0.04,0.02,0.6,9.5,30,10.2,-89,0.26,18.1,12.4,0.05,-560,4,20.5
69,22.7,14.1,35.8,3.716,0.45,811,-146,22.2,22.3,14.9,0.07,0.12,0.98,2.22,0,52.8,12.5,25.8,3.766,97,2.32,0.04,0.6,9.5,30,43.4,1716,0.26,18.1,12.4,0,828,40,20.5
69,23,15.8,35.8,3.694,-0.13,2194,-66,-2.9,17.6,14.9,0.04,-0.39,0.37,-1.33,-0.04,53.2,12.5,25.8,3.791,97,2.25,0.29,0.69,9.5,30,66.9,3205,0.46,18.9,12.5,-0.45,3083,1,20.7
69,23,72.5,35.8,3.708,-0.13,1737,-54,-18.2,-3.7,14.9,0.3,-0.39,1.71,-0.95,0.09,53.1,12.5,25.8,3.789,97,1.68,0.03,0.69,9.5,30,17,615,0.46,18.9,12.5,0.83,955,-12,20.7
"67,69",23,66.4,35.8,3.773,-0.13,1113,-31,2.4,10.8,14.9,0.15,-0.39,0.31,0,0,53,12.5,25.8,3.792,97,-0.17,0,0.69,9.5,30.5,-3.7,-435,0.46,18.9,12.8,0,-435,0,20.7
69,23,31.1,35.2,3.768,-0.13,802,-2,2.4,-0.1,14.9,0.04,-0.39,1.55,0,0,53,12.6,25.8,3.798,97,0,0,0.69,9.5,31.4,-3.7,12,0.46,18.9,12.8,0,25,-6,20.7
69,21.6,73.1,37.2,3.726,0.02,1379,-73,0.6,-16.2,14.9,0.39,-0.5,3.85,-0.93,-0.01,52.2,12.8,24.4,3.753,94,0.72,0.08,0.41,9.7,28.6,12.7,700,0.49,17.6,12.6,-0.11,890,-7,20.4
"67,69",22.2,3.3,37.5,3.726,0.42,787,-34,-0.3,-0.8,15,0.07,0.38,0.3,-0.03,0.01,52.7,12.9,24.4,3.747,94,0.01,0.31,0.53,9.8,30,0,2041,0.28,18.8,12.7,0.11,1618,38,20.6
69,22.2,3.3,37.7,3.771,0.42,809,-2,-0.3,-0.8,15,0.02,0.38,0.02,0,0.01,52.9,13,24.4,3.785,94,0.01,0,0.53,9.8,30,0,0,0.28,18.9,12.7,0,0,38,20.6
69,22.2,24,37.7,3.752,0.42,1656,-4,10.2,9.4,15,0.02,0.38,0.03,0.02,0.04,52.7,13,24.4,3.773,94,0.04,0.02,0.53,9.8,30,10.2,759,0.28,18.9,12.7,0.02,0,40,20.6
"67,69",22.2,3.9,37.7,3.76,0.42,812,-82,0.2,-0.6,15,0.02,0.38,0.25,0.04,0,52.8,13,24.4,3.784,93,-0.02,0,0.53,9.8,30,-0.2,5,0.28,18.9,12.7,0.07,0,9,20.6
69,23.8,16.4,37.1,3.837,-0.29,809,-39,40.3,-3,19.7,0.03,-1.14,0.37,1.49,0.18,54.2,16.2,27.1,3.883,100,1.66,0.17,0.87,12.4,25.8,65,2018,0.59,17.5,16.1,1.1,2052,-9,24.8
"67,69",23.9,5.2,37.8,3.827,-0.41,805,-83,24.2,-0.1,19.8,0.05,-0.55,0.47,0.46,0.07,54.2,16.3,27.2,3.896,100,1.48,0.18,-0.68,12.5,25.8,0,3251,0.26,17.5,16.1,0.27,3018,0,25.1
69,23.9,5.2,36.7,3.902,-0.41,812,0,0,-0.1,19.8,0.02,-0.55,0.02,0,0,54.7,16.3,27.2,3.912,100,0,0,-0.68,12.5,25.8,0,-4,0.26,17.5,16.1,0,2,90,25.1
69,23.4,9.9,37.2,3.875,0.39,819,-2,24.2,9,19.7,0.04,0.2,0.59,0.39,0.08,54.5,16.3,26.2,3.903,100,1.68,0.18,0.86,12.5,25.2,11.3,1687,0.5,17.5,15.8,0.82,2157,-2,24.9
"67,69",23.4,3.9,37.2,3.901,0.39,392,-50,0,-0.1,19.7,0.04,0.2,0.59,1.85,0,54.7,16.3,26.2,3.911,100,1.88,0,0.86,12.5,25.2,-0.3,1687,0.5,17.5,15.8,0.69,2183,0,24.9
69,23.4,129.2,36.7,3.868,0.39,1745,-36,4.2,-17.2,19.7,0.16,0.2,1.02,-0.91,0,54.2,16.3,25.8,3.894,100,0.74,0.03,0.86,12.4,25.4,7.8,623,0.5,17.5,16.3,0.12,368,36,24.9
69,24,14.4,38.4,3.834,0.07,788,-80,7.3,3.2,19.8,0.04,-0.06,0.21,-1.34,-0.01,54.1,16.3,26.8,3.897,100,2.63,0.27,0.89,12.5,27.2,31,2412,1.59,17.5,16.5,0.21,2330,3,25
69,24,14.4,38.4,3.841,0.07,792,-82,-22,-38.4,19.8,0.07,-0.06,0.47,2.46,0.33,53.6,16.4,26.8,3.904,100,2.28,0.17,0.89,12.5,27.2,26.9,2312,1.59,17.5,16.5,2.45,2165,2,25
69,24,3.3,38.4,3.836,0.07,810,-25,-4.2,20.9,19.8,0.23,-0.06,0.49,0.14,0.02,54.3,16.4,26.8,3.863,100,-0.08,0.07,0.89,12.5,27.2,33.5,457,1.59,17.5,16.5,0.07,240,-1,25.3
69,24,27.8,38.4,3.837,0.07,795,-47,2.8,8.2,19.8,0.1,-0.06,0.74,-0.04,0.01,54.4,16.4,26.8,3.909,100,0.41,0,0.89,12.5,27.2,23.1,-2132,1.59,17.5,16.5,-0.04,-142,44,25.3
"67,69",24,82.4,38.7,3.824,-1.02,955,-96,-11.4,-38.9,19.9,0.4,1.14,3.48,-0.02,-0.04,53.8,16.4,27.2,3.859,100,0.01,0.19,1.45,12.6,27.1,47.6,1917,1.21,18.5,16.5,-0.02,1397,9,25.4
69,24,22,38.1,3.886,-1.02,896,-3,-0.1,-0.1,19.9,0.02,1.14,0.02,0.02,0.02,54.3,16.4,27.2,3.897,100,0.04,0.02,1.45,12.5,27.1,0,6,1.21,18.5,16.5,0.02,25,-1,25.4
"67,69",,,,,,,,,,,,,,,,,,,,,,,,,,,,,,,,,,
69,23.6,21.6,38.1,3.893,0,1563,-4,0,0,19.9,0.02,0,3.76,0.02,0,54.5,16.4,27.2,3.904,100,-0.02,0.02,0,12.6,26.1,0,73,0,17.5,16.2,-0.02,751,-3,25.1
69,24.2,31.2,39.1,3.851,0.65,1519,-34,0,-3,20,0.04,-0.15,0.32,-0.3,0,54.1,16.4,27.2,3.876,100,1.62,0.13,0.85,12.6,27.2,13.9,1113,0.29,18.5,16.4,0.22,512,5,25.2
69,24.2,4.2,39.1,3.856,0.65,809,-62,15.8,9.5,20,0.03,-0.15,1,0.18,0.06,54,16.5,27.2,3.887,100,2.89,0.12,0.85,12.6,27.2,68.3,1377,0.29,18.5,16.4,-0.09,1937,-46,25.2
69,24.2,4.2,39.1,3.818,0.65,807,-73,33.9,57.6,20,0.02,-0.15,0.4,-0.42,-0.01,53.8,16.5,27.2,3.882,100,2.66,0.11,0.85,12.6,27.2,35.6,3593,0.29,18.5,16.4,0.08,2302,0,25.2
69,24.1,4.1,40,3.845,0.6,936,-63,-0.9,-3.8,20.2,0.14,0.68,3.8,-0.11,0,54,16.5,28.2,3.876,100,0.13,0.02,1.04,12.6,27.2,7.4,125,0.68,18.8,16.6,-0.01,84,0,25.7
"67,69",24.3,3.3,39.1,3.853,0.6,816,-20,0,-3.1,20.2,0.02,0.68,0.98,0.13,0,54,16.5,28.2,3.87,100,0.16,0,1.04,12.6,28.1,0,511,0.68,18.8,16.6,0,-186,-61,25.7
69,24.5,146.5,39.1,3.776,0,805,-62,24.3,-5.8,20.3,0.02,-0.01,0.26,-0.26,0.08,53.8,16.5,27.2,3.853,100,1.23,0.15,-0.01,12.6,28.2,24.3,1480,0.1,18.9,16.8,0.63,1649,-7,25.8
67,24.5,82,40.1,3.809,-0.63,902,-80,3.1,-22.6,20.4,0.04,-0.53,3.68,-0.87,-0.01,54,16.6,28.6,3.841,100,1.53,0,-0.42,12.7,27.2,-0.1,1556,0.29,18.9,16.9,-0.22,1225,15,25.9
"67,69",24.3,7.9,40.1,3.865,0,1921,-1,0,-0.1,20.4,0.2,0,1.79,0,0,54.1,16.6,28.6,3.875,100,0,0,0.05,12.7,27.3,0,0,0.81,18.9,16.6,0,6,-5,25.9
69,24.3,22.6,39.5,3.869,0,834,-5,0,-0.1,20.4,0.02,0,0.02,0.02,0.01,54.1,16.6,28.6,3.88,100,0.02,0.02,0.05,12.8,27.2,0,-9,0.81,18.9,16.6,0.02,-6,-6,25.9
"67,69",24.3,94.3,39.5,3.86,0,1774,-24,0,-0.1,20.4,0.22,0,0.79,0,0.01,53.5,16.6,28.6,3.876,100,0,0,0.05,12.8,27.2,0,616,0.81,18.9,16.6,0,625,-5,25.9
"67,69",24.3,1.7,39.5,3.858,0,1584,-26,0,-0.1,20.4,0.13,0,1.46,0,0.01,54.1,16.6,28.6,3.874,100,0,0,0.05,12.7,28.2,0,1,0.81,18.9,16.6,0,-4,-18,25.9
67,24.3,33.7,39.5,3.85,0,815,-67,0,-0.1,20.4,0.19,0,5.47,0,0.01,54.1,16.6,27.6,3.872,100,0,0,0.05,12.7,28.2,0,42,0.81,18.9,16.6,0,1,-18,25.9
"67,69",24.3,130.6,39.5,3.808,0,823,-60,0,-0.1,20.4,0.66,0,5.91,0,0.01,54,16.6,27.6,3.871,100,0,0,0.05,12.7,28.2,0,-121,0.81,18.9,16.6,0,-47,90,25.9
67,24.3,27.7,39.5,3.807,0,1721,-50,0,-0.1,20.4,0.13,0,3.67,0,0.01,53.3,16.6,27.6,3.856,100,0,0,0.05,12.7,28.2,0,10,0.81,18.9,16.6,0,20,-18,25.9
69,25,26.5,40.5,3.866,0,820,0,-6.9,11.2,20.2,0.02,0,0.02,0.02,0,54.2,16.6,27.2,3.876,100,0.02,0.02,0,12.8,28.7,10.2,-14,0,18.9,16.4,0.02,-25,-18,25.3
69,25,3,39.5,3.86,0,738,-30,3.4,1.7,20.2,0.07,0,0.86,-0.24,0.01,54.1,16.6,27.2,3.872,100,-0.02,0.02,0,12.8,28.6,10.4,70,0,18.9,16.4,-0.02,775,-44,25.3
69,25,37.5,41.1,3.792,0.17,799,-109,1.9,40.5,20.3,0.21,-0.05,0.22,0.42,0.14,53.4,16.7,27.2,3.89,100,1.65,0.18,0.74,12.8,28.6,63.3,3670,0.26,18.9,16.6,0.86,3593,1,25.4
69,25,3.9,41.1,3.845,0.17,798,-3,0.1,-10,20.3,0.02,-0.05,0.21,-0.52,0.01,53.9,16.7,27.2,3.858,100,0.47,0.06,0.74,12.8,28.6,17.4,903,0.26,18.9,16.6,-0.08,1012,11,25.4
69,24.9,22.5,41.4,3.819,0.19,754,-27,10.8,-10.2,20.5,0.13,-0.81,3.21,-0.89,0.04,53.8,16.7,28.5,3.852,99,0.59,0.04,1.66,12.8,28.6,15.9,560,1.65,18.9,17.3,0.19,584,-5,25.8
69,25.3,3.2,42.5,3.795,0.82,814,-97,5.3,37.1,20.8,0.02,1.07,0.95,0.9,-0.06,53.4,16.8,29.2,3.842,99,2.03,0.17,1.51,12.9,28.6,53.5,2492,0.28,19.9,17.2,1.34,2219,0,26.3
69,25.2,4.7,42.6,3.759,0.27,793,-29,1.9,9.9,20.8,0.04,0.29,0.66,1.56,-0.01,53.6,16.8,30,3.857,98,1.66,0.13,0.69,12.9,28.6,28.5,2158,0.3,20.3,17.3,0.65,2245,1,26.6
69,25.2,45.8,42.6,3.823,0.27,761,-82,-3.4,2.4,20.8,0.08,0.29,1,0,0,53.6,16.8,30,3.838,98,0,0.01,0.69,12.9,28.6,3.5,-9,0.3,20.3,17.3,0.02,6,2,26.6
69,25.7,5,42.8,3.808,0.53,808,-51,24.6,-5.5,20.8,0.04,-0.09,0.52,-0.81,0.09,53.5,16.8,30,3.831,98,1.82,0.2,-0.1,13,30,36.3,1612,0.42,20.3,17.5,0.92,1724,-2,26.7
69,25.7,25.5,42.8,3.81,0.53,808,-36,6.2,-15.6,20.8,0.06,-0.09,0.19,-0.69,0,53.5,16.8,30,3.829,98,1.63,0.2,-0.1,13,30,39,1222,0.42,20.3,17.5,0.1,1273,1,26.7
69,26.3,10,44.1,3.764,0.48,814,-40,7.7,-25.2,21.3,0.04,-0.4,0.28,-0.21,0.05,53.2,16.9,31.4,3.815,96,1.71,0.21,0.8,13,31.3,39.9,1584,0.53,20.3,17.9,0.35,1559,4,27.7
69,26.1,7.8,44.2,3.743,0.18,802,-107,30.2,-10.9,21.4,0.05,-0.05,0.32,-0.15,0.07,53.1,17,31.5,3.814,96,1.42,0.15,0.46,13.1,30,6.2,3156,0.26,20.3,18.2,0.6,2973,2,27.9
"67,69",26.8,5.2,45.4,3.761,-0.88,996,-46,11.7,-1,21.7,0.09,-0.67,1.59,0.75,0.04,53.1,17.1,32.8,3.788,95,-0.11,0,0.05,13.2,31.4,-0.9,351,1.02,21.2,18.7,0.42,0,50,28.5
"67,69",26.8,5.2,43.8,3.807,-0.88,800,0,11.7,-1,21.7,0.02,-0.67,0.02,0,0,53.4,17.1,32.8,3.819,95,0,0,0.05,13.2,31.4,-0.9,5,1.02,21.7,18.7,0,0,-31,28.5
69,26.8,5.2,43.8,3.812,-0.88,809,-2,11.7,-1,21.7,0.02,-0.67,0.02,0,0,53.4,17.1,31.8,3.824,95,0,0,0.05,13.2,31.4,-0.9,-6,1.02,21.7,18.7,0,-20,-32,28.5
69,26.8,5.2,42.8,3.814,-0.88,796,-4,11.7,-1,21.7,0.02,-0.67,0.03,0,0,53.4,17.1,31.4,3.827,95,0,0,0.05,13.2,31,-0.9,0,1.02,21.3,18.7,0,-7,-32,28.5
"67,69",26.8,5.2,42.8,3.813,-0.88,786,-6,11.7,-1,21.7,0.02,-0.67,0.2,0,0,53.5,17.1,31.4,3.825,95,0,0,0.05,13.2,31,-0.9,0,1.02,21.3,18.7,0,0,-31,28.5
67,,,,,,,,,,,,,,,,,,,,,,,,,,,,,,,,,,
69,26.2,2.9,42.8,3.819,0,0,0,0,0,21.5,0,0,0,0,0,53.5,17,31.4,3.831,95,0,0,0,13.2,30,0,1,0.25,20.3,18.2,0,0,-32,27.8
"67,69",26.2,2.9,42.8,3.818,0,805,-1,0,0,21.5,0.02,0,0.04,0,0,53.5,17.1,31.4,3.83,95,0,0,0,13.2,30,0,1,0.25,20.3,18.2,0,0,-31,27.8
"67,69",26.2,2.9,42.8,3.821,0,792,0,0,0,21.5,0.02,0,0.02,0,0,53.6,17,30.4,3.833,95,0,0,0,13.1,30,0,-1,0.25,20.3,18.2,0,0,-32,27.8
69,26.2,2.9,42.5,3.822,0,814,-3,0,0,21.5,0.02,0,0.02,0,0,53.6,17.1,30,3.834,95,0,0,0,13.2,30,0,-1,0.25,20.3,18.2,0,0,-31,27.8
"67,69",25.7,1,42.8,3.822,-0.01,519,-6,0,0,21.4,0.01,0,0.16,0,0,53.6,17.1,30,3.834,95,0,0,-0.02,13.2,30,-0.1,0,0.19,20.3,18.1,0,0,-31,27.4
69,25.7,1,42.4,3.823,-0.01,800,-6,0,0,21.4,0.02,0,0.2,0,0,53.6,17,30,3.836,95,0,0,-0.02,13.2,30,-0.1,-1,0.19,20.3,18.1,0,-1,-31,27.2
69,25.3,1,42.4,3.826,-0.01,802,-6,0,0,21.4,0.02,0,0.21,0,0,53.6,17,29,3.837,95,0,0,-0.02,13.1,30,-0.1,0,0.19,20.3,18.1,0,-1,-32,27.2
69,24.4,5.2,45.6,3.8,0.35,0,0,0,-0.1,21.6,0,-1.55,0,0,0,53.3,17.1,28.6,3.812,94,0,0,1.23,13.1,28.6,0,0,0.56,20.3,19.3,0,1,89,26.8
69,24.4,60.9,45.6,3.78,0.35,65,-60,0,-0.1,21.6,0.32,-1.55,2.6,0,0,53,17.1,28.6,3.8,94,0,0,1.23,13.1,28.6,0,0,0.56,20.3,19.3,0,0,90,26.8
"52,65",5.8,60.2,7.8,4.111,0,0,0,0,0,6.3,0.34,0,2.71,0,0,57.6,8.7,4.7,4.123,100,0,0,0,6.6,6.5,0,-13,0,3.7,6.3,0,-5,88,6.6
"52,55,65",5.8,60.2,7.8,4.113,0,0,0,0,0,6.3,0.34,0,2.71,0,0,57.6,8.7,4.7,4.123,100,0,0,0,6.6,6.5,0,-3,0,3.7,6.3,0,1,89,6.6
69,28,23.6,41.5,3.53,-0.47,877,0,12.2,12.6,25.1,0.02,0.36,0.02,0.02,0.02,49.6,14.8,34.2,3.549,36,0,0,-0.29,12.4,32.8,0.3,5,0.26,27.3,21.2,0.02,-5,66,28.9
69,27.7,79.1,42.6,3.404,0,2215,-86,9.1,-19.4,25.3,0.21,0.06,2.94,-0.7,0,49,14.9,32.8,3.515,35,1.06,0.01,0.76,12.6,32.7,1.8,930,0.28,27.8,21.2,-0.07,1878,-16,28.8
"67,69",27.7,63.5,42.6,3.445,0,1280,-53,-0.9,-7.6,25.3,0.15,0.06,1.35,0.09,0,49,14.9,32.8,3.515,35,0,0.02,0.76,12.6,32.7,4.4,47,0.28,27.8,21.2,0,-5,-3,28.8
"67,69",27.7,17.7,41.5,3.446,0,812,-7,-0.9,-7.6,25.3,0.02,0.06,0.2,0,0,49.2,15,32.8,3.521,35,0,0,0.76,12.7,32.7,4.4,0,0.28,27.8,21.2,0,0,2,28.8
69,19.1,28.3,37,3.678,0.25,2169,-33,15.9,3.2,17.5,0.06,-0.24,0.38,-0.23,0.08,52.4,12.6,24.8,3.761,74,0.4,0.13,0.91,10.5,23.1,30.5,2473,0.35,18.4,15.8,0.94,2848,-10,20.3
69,20.3,17,37,3.678,0.83,829,-111,9.9,-2.9,17.7,0.04,-0.42,3.45,0.3,0.02,52.1,12.7,25.8,3.748,74,2.02,0.06,1.6,10.6,25.4,6.1,-1467,1.79,19.4,16.3,0.17,-1152,9,20.8
69,20.5,31.9,37.1,3.689,0.14,1341,-91,-0.6,-13.4,17.9,0.43,0.62,3.7,-0.08,-0.02,51.8,12.7,25.8,3.713,73,0.58,0.12,-0.11,10.6,25.8,20.7,421,0.37,19.6,16.2,0.03,516,14,20.9
69,20.5,31.2,37.1,3.724,0.14,1620,-70,-0.6,7.5,17.9,0.21,0.62,4.02,0.1,0,52,12.8,26.8,3.748,73,0.01,0,-0.11,10.7,26.4,-2.2,-13,0.37,19.6,16.2,-0.02,-10,6,20.9
69,21.3,2.9,36,3.67,0.14,1194,-67,-0.6,7.5,18.3,0.15,0.62,2.6,0.02,0,51.9,12.8,26.8,3.692,73,0.01,0,-0.11,10.7,27.4,-2.2,0,0.37,19.6,16.2,0.02,-13,6,20.9
69,22.3,168,37,3.701,-0.08,2225,-88,22.5,12.8,18.3,0.77,0.12,0.99,0.56,0,51.8,12.9,26.9,3.737,72,0.71,0.01,0.39,10.8,28.6,24.7,-1636,0.78,20.3,16.4,1.21,-823,31,21.3
69,22.6,28.3,37.2,3.685,0.33,808,-26,0.4,-1.6,18.7,0.02,0.06,0.65,-0.17,0.02,52.2,12.9,26.2,3.736,72,0.17,0.05,0.75,10.8,28.7,6.1,835,0.52,20.3,16.5,0.16,627,35,21.6
69,22.6,138.9,37.2,3.71,0.33,1759,-75,-10.1,-18.4,18.7,0.22,0.06,0.58,-0.73,0,52.2,12.9,26.2,3.735,72,1.05,0.21,0.75,10.8,28.7,13.7,773,0.52,20.3,16.5,0.11,864,-1,21.8
69,22.6,51,38,3.676,0.33,1006,-57,21.6,13,18.7,0.18,0.06,1.95,0.33,0.04,52,13,26.2,3.729,71,0.38,0.04,0.75,10.8,29.4,15.7,-322,0.52,20.3,16.5,0.55,-765,-7,21.8
69,23.3,9,37.9,3.691,0.99,818,-49,2.3,14.8,19,0.04,0.08,0.54,-0.14,0.09,51.9,13,27.2,3.724,71,1.23,0.17,0.45,10.8,30,35,1966,0.46,20.3,16.8,-0.02,1785,4,22.1
69,23.3,129.7,37.9,3.642,0.99,1000,-95,32,12.8,19,0.31,0.08,3.53,0.23,0.08,51.4,13,27.8,3.69,71,1.01,0.11,0.45,10.8,30,20.8,-1690,0.46,20.4,16.8,0.55,-1868,0,22.1
69,23.3,33.1,37.9,3.706,0.99,1916,-22,58.3,24.9,19,0.16,0.08,0.61,0.35,0.17,52,13,27.8,3.754,71,-0.08,0,0.45,10.8,30,-0.8,1711,0.46,20.4,16.8,1.47,626,42,22.1
69,23.3,-2.3,37.9,3.659,0.99,812,-96,21.2,-68.8,19.3,0.03,0.08,0.2,-2,0.11,51.6,13.1,27.8,3.717,71,3.78,0.4,0.45,10.9,30,59.6,4195,0.46,21.4,16.8,1.46,3961,2,22.1
69,23.5,18.4,39,3.652,0.56,838,-86,86.1,-49.9,19.4,0.04,-0.59,0.21,-2.7,0.25,51.6,13.1,28.6,3.696,71,2.81,0.37,0.72,10.9,30,84.4,4244,0.25,21.7,17.2,2.72,4199,-3,22.5
"67,69",23.5,18.4,38,3.658,0.56,812,-8,17.3,-0.1,19.4,0.02,-0.59,0.2,0,-0.04,52,13.1,28.6,3.73,70,0.43,0,0.72,10.9,30,-0.1,-1,0.25,21.7,17.2,0,0,0,22.5
"67,69",23.5,18.4,38.5,3.724,0.56,0,0,0,-0.1,19.4,0,-0.59,0,0,0,52.2,13.1,28.6,3.738,70,0,0,0.72,11,30,-0.1,-7,0.25,21.7,17.2,0,-10,90,22.5
67,23.5,-1.6,38.5,3.727,0.56,-2,-5,0,-0.1,19.4,0,-0.59,0,0,0,52.3,13.1,28.6,3.744,70,0,0,0.72,11,29,-0.1,0,0.25,21.7,17.2,0,0,0,22.5
"67,69",23.5,-1.6,38.5,3.732,0.56,2,0,0,-0.1,19.4,0,-0.59,0,0,0,52.3,13.2,28.6,3.746,70,0,0,0.72,11,29,-0.1,0,0.25,21.7,17.2,0,0,90,22.5
67,22.9,0,38.1,3.736,0,0,0,0,0,19.3,0,0,0,0,0,52.4,13.2,27.6,3.751,70,0,0,0,11,28.6,0,-1,0,21.7,16.8,0,0,90,22.2
"67,69",,,,,,,,,,,,,,,,,,,,,,,,,,,,,,,,,,
67,22.9,0,38.1,3.74,0,0,0,0,0,19.3,0,0,0,0,0,52.5,13.2,27.6,3.755,70,0,0,0,11,28.6,0,-1,0,21.7,16.8,0,0,0,22.2
"67,69",,,,,,,,,,,,,,,,,,,,,,,,,,,,,,,,,,
67,22.9,0,38.1,3.744,0,0,0,0,0,19.3,0,0,0,0,0,52.5,13.2,27.6,3.758,70,0,0,0,11,28.6,0,0,0,21.7,16.8,0,0,6,22.2
"67,69",,,,,,,,,,,,,,,,,,,,,,,,,,,,,,,,,,
67,22.9,0,37.5,3.746,0,0,0,0,0,19.3,0,0,0,0,0,52.5,13.2,27.6,3.76,70,0,0,0,11,28.6,0,0,0,21.7,16.8,0,0,37,22.2
"67,69",22.9,0,37.5,3.747,0,2,0,0,0,19.3,0,0,0,0,0,52.5,13.1,27.6,3.761,70,0,0,0,11,28.6,0,0,0,21.7,16.8,0,0,0,22.2
67,22.3,0,37.6,3.748,0,2,0,0,0,19,0,0,0,0,0,52.6,13.2,27.2,3.762,70,0,0,0,11,28.5,0,-1,0,21.7,16.6,0,0,0,22
"67,69",22.3,0,37.6,3.748,0,0,0,0,0,19,0,0,0,0,0,52.6,13.1,27.2,3.762,70,0,0,0,11,28.5,0,-1,0,21.7,16.6,0,0,90,22
67,22.3,0,37.6,3.75,0,0,0,0,0,19,0,0,0,0,0,52.6,13.2,26.6,3.764,70,0,0,0,11,28,0,-1,0,21.7,16.6,0,0,90,22
67,22.3,0,37.6,3.751,0,0,0,0,0,19,0,0,0,0,0,52.6,13.1,26.6,3.765,70,0,0,0,11,28,0,-1,0,21.7,16.6,0,0,0,22
"67,69",22.3,0,37.6,3.751,0,0,0,0,0,19,0,0,0,0,0,52.6,13.1,26.6,3.765,70,0,0,0,11,28,0,0,0,21.7,16.6,0,0,80,22
67,22.3,0,37.6,3.753,0,0,0,0,0,19,0,0,0,0,0,52.6,13.1,26.6,3.767,70,0,0,0,10.9,28,0,0,0,21.7,16.6,0,0,0,22
"67,69",22.3,0,37.6,3.753,0,0,0,0,0,19,0,0,0,0,0,52.6,13.1,26.6,3.767,70,0,0,0,10.9,28,0,0,0,21.7,16.6,0,0,0,22
67,21.8,0,37.3,3.754,0,0,0,0,0,18.9,0,0,0,0,0,52.6,13.1,25.8,3.768,70,0,0,0,10.9,27.2,0,0,0,21,16.5,0,0,0,21.6
"67,69",,,,,,,,,,,,,,,,,,,,,,,,,,,,,,,,,,
67,,,,,,,,,,,,,,,,,,,,,,,,,,,,,,,,,,
"67,69",21.8,0,37.3,3.755,0,2,0,0,0,18.9,0,0,0,0,0,52.7,13.1,25.6,3.769,70,0,0,0,10.9,27.2,0,0,0,20.7,16.5,0,0,0,21.6
67,,,,,,,,,,,,,,,,,,,,,,,,,,,,,,,,,,
"67,69",,,,,,,,,,,,,,,,,,,,,,,,,,,,,,,,,,
67,,,,,,,,,,,,,,,,,,,,,,,,,,,,,,,,,,
67,21.5,4.6,37.1,3.758,0,0,0,0,0,18.7,0.02,0,0.2,0,0,52.7,13.1,24.4,3.771,70,0,0,0,10.9,27.2,0,0,0.26,20.3,16.4,0,0,0,21.5
"67,69",21.5,4.6,37.1,3.758,0,0,0,0,0,18.7,0,0,0,0,0,52.7,13.1,24.4,3.771,70,0,0,0,10.9,27.2,0,7,0.26,20.3,16.4,0,-5,90,21.5
67,21.5,4.6,37.1,3.757,0,0,0,0,0,18.7,0,0,0,0,0,52.7,13.1,24.4,3.772,70,0,0,0,10.9,27.2,0,0,0.26,20.3,16.4,0,0,0,21.5
"67,69",21.5,4.6,37.1,3.758,0,0,0,0,0,18.7,0,0,0,0,0,52.7,13.1,24.4,3.772,70,0,0,0,10.9,27.2,0,0,0.26,20.3,16.4,0,0,90,21.5
"67,69",,,,,,,,,,,,,,,,,,,,,,,,,,,,,,,,,,
67,21.5,4.6,37.1,3.758,0,0,0,0,0,18.7,0,0,0,0,0,52.7,13.1,24.4,3.772,70,0,0,0,10.9,27.2,0,0,0.26,20.3,16.4,0,0,0,21.5
"67,69",21.5,4.6,37.1,3.758,0,0,0,0,0,18.7,0,0,0,0,0,52.7,13.1,24.4,3.772,70,0,0,0,10.9,27.2,0,0,0.26,20.3,16.4,0,0,90,21.5
69,28.5,4.8,43.1,3.596,0.01,780,-95,62.7,-41,21.6,0.04,0.26,0.28,-2.76,0.35,50.8,13.9,28.4,3.653,63,3.33,0.32,-0.14,11.6,35.8,89.4,3955,0.49,23.3,19.3,3.3,4232,-4,24.3
"67,69",27.8,3.6,43.1,3.604,0.56,815,-122,0.8,-6.7,21.8,0.08,-0.32,0.76,-0.74,-0.07,50.8,13.9,28.7,3.68,63,1.71,0,0.45,11.7,35.7,0.6,4208,0.24,24.3,19.5,1.75,4129,0,24.8
"67,69",27.8,3.6,43.1,3.659,0.56,2,-8,0.8,-6.7,21.8,0,-0.32,0.02,0,0,51.3,13.9,29.4,3.675,63,0,0,0.45,11.7,35.7,0.6,-5,0.24,24.3,19.5,0,-1,90,24.8
69,,,,,,,,,,,,,,,,,,,,,,,,,,,,,,,,,,
"67,69",27.8,3.6,42.4,3.675,0.56,416,-1,0.8,-6.7,21.8,0.02,-0.32,0.04,0,0,51.5,13.9,28.6,3.691,63,0,0,0.45,11.7,35.2,0.6,0,0.24,24.4,19.5,0,-1,0,24.8
69,27.3,3.6,42.4,3.68,0.56,0,0,0.8,-6.7,21.8,0,-0.32,0,0,0,51.6,13.9,28.6,3.694,63,0,0,0.45,11.7,34.2,0.6,0,0.24,24.4,19.5,0,1,90,24.8
"67,69",27.3,3.6,42.4,3.679,0.56,792,-2,0.8,-6.7,21.8,0.02,-0.32,0.2,0,0,51.6,13.9,28.6,3.693,63,0,0,0.45,11.7,34.2,0.6,0,0.24,24.4,19.5,0,1,1,24.8
69,27.1,0,42.4,3.686,0,815,0,0,0,21.7,0.02,0,0.03,0,0,51.7,14,28.6,3.701,63,0,0,0,11.7,34.2,0,0,0.12,24.4,19,0,0,90,24.4
67,27.1,0,42.4,3.686,0,805,-6,0,0,21.7,0.02,0,0.2,0,0,51.7,13.9,28.6,3.699,63,0,0,0,11.7,34.2,0,0,0.12,24.4,19,0,0,90,24.4
69,27.1,0,42.4,3.689,0,797,-1,0,0,21.7,0.02,0,0.02,0,0,51.8,13.9,28.6,3.702,63,0,0,0,11.7,34.2,0,0,0.12,24.4,19,0,0,90,24.4
"67,69",26.3,0,42.4,3.692,0,725,0,0,0,21.7,0.02,0,0.02,0,0,51.8,13.9,28.6,3.706,63,0,0,0,11.7,33.8,0,0,0.12,24.4,19,0,-7,90,24.4
69,26.3,0,42,3.69,0,810,-32,10.9,4.2,21.5,0.02,0,0.21,0.02,0.02,51.7,13.9,27.6,3.707,63,0.02,0.02,-0.01,11.6,32.8,12.5,14,0.1,23.1,18.9,0.03,933,-1,24.2
"67,69",26.3,0,44,3.604,0,863,-93,5.9,12.2,21.5,0.04,0,0.4,-2.12,-0.07,51,13.9,28.6,3.66,62,3.58,0.01,-0.01,11.7,32.8,-3.1,4168,0.1,24.1,18.9,1.94,678,90,24.2
69,25.9,3.5,43.8,3.664,0,812,-6,-8,10,21.7,0.02,0,0.02,0.02,0.02,51.5,13.9,28.6,3.684,62,0.02,0.04,0.01,11.7,32.8,7.4,14,0.24,24.4,19.4,0.02,18,-4,24.4
69,25.9,3.5,43.8,3.62,0,793,-116,13.6,12.8,21.7,0.02,0,0.34,2.29,0.11,51.6,14,28.6,3.693,62,3.75,0.26,0.01,11.7,32.8,20,3368,0.24,24.4,19.4,2.54,1002,0,24.4
"67,69",25.6,3.5,45.7,3.605,0.64,849,-74,3.4,-0.1,21.7,0.04,-0.46,0.46,-1.22,-0.2,50.8,14,29.6,3.659,61,3.73,0.31,0.86,11.7,32.8,-2.3,4208,0.24,24.4,19.7,1.2,2006,2,24.4
69,25.3,3.5,45.2,3.675,0.64,809,-1,3.4,-0.1,21.7,0.02,-0.46,0.05,0.02,0,51.5,14,30,3.689,61,0.02,0,0.86,11.8,32.5,-2.3,10,0.24,24.4,19.7,0.02,18,90,24.4
69,25.3,3.5,44.2,3.678,0.64,0,0,3.4,-0.1,21.7,0,-0.46,0,0,0,51.6,14,30,3.692,61,0,0,0.86,11.8,31.5,-2.3,0,0.24,24.4,19.7,0,0,90,24.4
69,,,,,,,,,,,,,,,,,,,,,,,,,,,,,,,,,,
69,25.1,3.6,44.8,3.682,-0.03,820,-1,-7.2,-0.1,21.7,0.02,-0.01,0.21,0.02,0,51.6,14.1,28.7,3.698,61,0.02,0.02,-0.04,11.8,31.4,0,10,0.26,24.4,19.3,0.02,0,90,24.3
69,24.7,4.7,45.4,3.642,0.19,787,-34,0.8,-2.3,21.6,0.09,-0.17,0.49,-0.9,0,51.3,14,29.6,3.676,61,0.87,0.1,0.98,11.8,31.4,4.9,1284,0.24,24.4,19.4,0.03,444,-2,24.1
"67,69",24.7,4.9,45.4,3.661,0.19,0,-4,0,-0.1,21.6,0.02,-0.17,0,0,0,51.4,14,29.6,3.677,61,0,0,0.98,11.8,31.4,0,0,0.24,24.4,20.3,0,0,90,24.1
67,24.7,4.9,45.4,3.668,0.19,0,0,0,-0.1,21.6,0,-0.17,0,0,0,51.4,14,29.6,3.682,61,0,0,0.98,11.8,32.5,0,0,0.24,24.4,20.3,0,0,89,24.1
"67,69",,,,,,,,,,,,,,,,,,,,,,,,,,,,,,,,,,
67,,,,,,,,,,,,,,,,,,,,,,,,,,,,,,,,,,
"67,69",25.1,0,45.7,3.676,0,762,0,0,0,21.7,0.02,0,0.02,0,0,51.5,14.1,30,3.689,61,0,0,0,11.8,32.6,0,0,0,24.4,19.5,0,0,89,24.3
67,25.1,28.4,45.7,3.647,0,802,-60,0,0,21.7,0.32,0,2.58,0,0,51.4,14.1,30,3.687,61,0,0,0,11.8,31.5,0,0,0,24.4,19.5,0,0,90,24.3
69,25.4,9.1,42.8,3.767,0.75,824,-61,46.1,-63.1,21.2,0.07,-0.37,0.27,-0.21,0.2,53.7,14.9,31.4,3.873,82,3.07,0.3,0.82,12.8,28.6,84.4,4015,0.33,27.2,18.9,1.52,3560,7,24.2
69,25.4,9.1,43.1,3.781,0.75,812,-90,53.2,-8.9,21.2,0.03,-0.37,0.61,-2.32,0.26,53.4,14.9,31.4,3.857,82,3.71,0.38,0.82,12.8,28.6,65.9,4073,0.33,27.2,18.9,2.41,4079,0,24.4
69,25.4,28.4,44.1,3.825,0.75,1633,-30,5.7,-0.4,21.2,0.08,-0.37,0.42,-0.03,0.02,53.8,15,32.3,3.847,81,0.52,0.02,0.82,12.9,28.6,4.4,207,0.33,27.2,18.9,0.2,391,-18,24.4
69,26.1,47.2,44.2,3.764,0.22,1906,-67,-3,-1.1,21.6,0.08,-0.07,0.84,-0.1,-0.01,53.4,15.1,32.8,3.815,81,0.57,0.05,-0.21,12.9,29.8,16.5,-327,0.83,28.6,19.1,-0.14,-783,-30,24.7
69,26.1,10.7,44.2,3.782,0.22,803,-42,18.3,21.5,21.6,0.02,-0.07,0.21,-0.34,-0.02,53.9,15.1,32.8,3.872,81,1.22,0.31,-0.21,13,29.8,28.4,3491,0.83,28.6,19.1,0.74,2953,4,24.7
69,26.1,10.7,44.2,3.804,0.22,837,-62,31.3,4,21.6,0.07,-0.07,0.57,0.09,0.06,53.7,15.1,32.8,3.86,81,1.82,0.11,-0.21,13,29.8,8.9,3146,0.83,28.6,19.1,0.65,2995,-2,24.7
"67,69",26.3,3.1,44.4,3.792,0.32,809,-52,54.5,-0.1,22,0.03,-0.29,0.24,-1.45,0.08,54,15.1,32.8,3.844,81,2.82,0,0.66,13,28.8,-5.5,3632,0.24,28.6,19.4,1.22,3544,1,25
"67,69",26.3,3.1,42.8,3.849,0.32,0,0,0,-0.1,22,0,-0.29,0,0,0,54,15.1,32.8,3.861,81,0,0,0.66,13.1,28.6,-5.5,0,0.24,28.6,19.4,0,0,90,25
69,26.3,3.1,43.4,3.858,0.32,805,-3,0,14.6,22,0.02,-0.29,0.03,0.02,0.02,54.1,15.2,32.8,3.869,81,0.02,0.02,0.66,13,28.6,4.5,0,0.24,28.6,19.4,0.02,-6,72,25
69,25.6,125.3,44.4,3.729,0.39,1284,-145,44.8,-60.4,22,0.56,-0.71,4.2,-0.17,0.18,52.8,15.2,32.8,3.782,80,2.93,0.3,1.15,13.1,28.6,42,3985,0.47,28.6,19.6,1.87,4144,-7,25
69,25.6,13.1,45.4,3.764,0.39,791,-95,41,-3.6,22,0.07,-0.71,0.28,-0.93,0.09,53.1,15.2,32.8,3.84,80,0.23,-0.03,1.15,13.1,28.6,55.9,4106,0.47,28.6,19.6,-0.14,3560,8,25
69,26.1,4.3,44.4,3.842,0.25,792,-6,0.2,0.2,22.3,0.02,0.35,0.22,0,0,53.9,15.3,33.3,3.854,80,0,0,-0.55,13.2,28.6,1.1,0,0.27,28.9,19.7,0,0,0,25.3
69,26.1,4.3,45.4,3.777,0.25,795,-89,27.1,0.3,22.4,0.03,0.35,0.32,-0.48,0.13,53.5,15.3,33.3,3.848,79,2.51,0.28,-0.55,13.2,28.6,84.8,3855,0.27,28.9,19.7,0.92,3610,0,25.4
69,26.1,6.6,45.9,3.784,0.58,831,-30,9.9,9.7,22.5,0.07,-0.38,0.43,0.03,-0.04,54.1,15.3,34,3.845,79,2.38,0.32,0.7,13.2,28.6,11.1,1534,0.26,29.6,19.9,0.73,2230,-20,25.7
"24,51",,,,,,,,,,,,,,,,,,,,,,,,,,,,,,,,,,
17,,,,,,,,,,,,,,,,,,,,,,,,,,,,,,,,,,
92,11.6,25.2,10.6,4.02,0.82,1844,-31,11.2,3.9,9.8,0.37,1.14,4.66,-0.02,0.07,57,12.2,8.9,4.082,100,-0.03,0.08,0.03,9.9,5.7,9.5,-10,2.11,11.6,8.9,-0.03,-7,-2,9.9
"51,56",8.9,5.6,7.4,4.096,0,0,-15,15.3,3.3,7.9,0.02,0,0.31,0,0.02,57.5,9.7,5.2,4.103,100,0.01,0,0,7.6,2.4,9.1,-255,0,9.8,7.3,-0.08,-17,13,7.1
92,21.3,5.8,25.8,3.447,0.12,0,9,-8.4,0.6,14.9,0,0.26,0.08,0,0,48.6,15.5,17.3,3.463,13,0,0,0.57,13.5,18.9,-9.8,191,0.46,21.7,13.3,0,8,14,15.2
17,,,,,,,,,,,,,,,,,,,,,,,,,,,,,,,,,,
57,7.3,0,8.9,4.07,0,-9,0,0,0,7.8,0,0,0,0,0,57.5,15.2,6.1,4.176,100,0,0,0,11.5,6.1,0,0,0,10.6,10,0,-2,-3,7.4
24,7.4,9.4,5.2,4.056,0.34,831,-31,0.1,-34.5,6.3,0.04,-0.39,0.46,-4.82,0,57.7,9.5,6.5,4.118,100,-3.02,-0.01,0.27,7.7,6.5,-2.9,2944,0.46,6.5,6.1,-2.59,2818,0,6.6
57,7.4,5.3,6,4.048,0,1810,18,-17.1,-96.2,5.9,0.05,0,0.44,-4.02,0.12,57.2,7.3,7.6,4.176,100,3.99,-0.12,0,6.6,6.2,-19.9,4310,0,7.8,6.9,3.3,4269,0,6.2
69,21.5,0,20.3,4.038,0.48,0,-4,1,-0.1,20.8,0,-0.01,0,0,0,56.7,11.4,28.6,4.058,100,0,0.01,0.91,10.6,18.9,2.4,0,0,24.4,16.8,0,0,0,23.3
"25,69",21.5,0,19.3,4.037,0.48,0,-4,1,-0.1,20.8,0,-0.01,0,0,0,56.7,11.4,28.6,4.058,100,0,0.01,0.91,10.6,18.9,2.4,0,0,24.4,16.8,0,0,0,23.3
"21,25,69",21.5,0,19.3,4.037,0.48,2,-4,1,-0.1,20.8,0,-0.01,0,0,0,56.8,11.4,28.6,4.059,100,0,0.01,0.91,10.6,18.9,2.4,-57,0,24.4,16.8,0,-7,0,23.3
"25,69",,,,,,,,,,,,,,,,,,,,,,,,,,,,,,,,,,
"25,69",22.3,0,20.3,4.037,0,-3,0,0,0,20.7,0,0,0,0,0,56.7,11.4,25.8,4.057,100,0,0,0,0,18.9,0,0,0,24.4,16.8,0,6,1,23.2
"21,25,69",22.3,0,20.3,4.038,0,-3,0,0,0,20.7,0,0,0,0,0,56.7,11.4,25.8,4.058,100,0,0,0,10.6,19.9,0,-6,0,24.4,16.8,0,0,12,23.2
"21,67",22.3,2.7,20.3,4.035,0,809,0,0,0,20.7,0,0,0.47,0,0,56.7,11.4,25.8,4.056,100,0,0,0,10.6,18.9,0,0,0,24.4,16.8,0,-1,8,23.2
"21,25,67,69",22.3,2.7,19.3,4.035,0,816,-5,0,0,20.7,0.02,0,0.24,0,0,56.7,11.4,25.8,4.055,100,0,0,0,10.6,18.9,0,0,0,24.4,16.8,0,-1,-17,23.2
"21,67",22.2,0,19,4.037,0,-3,-2,0,0,20.6,0,0,0,0,0,56.7,11.4,22.7,4.058,100,0,0,0,10.6,19.8,0,-16,0,22.4,16.9,0,27,90,22.9
"21,25,67,69",22.2,0,18.9,4.039,0,0,0,0,0,20.6,0,0,0,0,0,56.8,11.4,24.4,4.06,100,0,0,0,0,18.9,0,0,0,24.4,16.9,0,-7,90,22.9
"21,67",22.2,0,19.9,4.039,0,0,0,0,0,20.6,0,0,0,0,0,56.7,11.5,24.4,4.059,100,0,0,0,10.6,18.9,0,0,0,24.4,16.9,0,6,12,22.9
"21,25,67,69",22.2,0,19.9,4.039,0,-3,0,0,0,20.6,0,0,0,0,0,56.8,11.5,24.4,4.06,100,0,0,0,10.6,18.9,0,0,0,23.4,16.9,0,-7,90,22.9
25,,,,,,,,,,,,,,,,,,,,,,,,,,,,,,,,,,
"21,25,67,69",21.8,0,18.9,4.041,0,0,0,0,0,20.5,0,0,0,0,0,56.8,11.4,24.4,4.061,100,0,0,0,0,18.9,0,9,0,23.1,16.9,0,-7,90,22.5
"21,25,67,69",21.8,0,18.9,4.04,0,0,0,0,0,20.5,0,0,0,0,0,56.8,11.4,24.4,4.06,100,0,0,0,10.6,18.9,0,0,0,23.1,16.9,0,7,90,22.5
"21,69",21.8,0,19.9,4.04,0,0,0,0,0,20.5,0,0,0,0,0,56.8,11.5,24.4,4.06,100,0,0,0,10.6,18.9,0,0,0,23.1,16.9,0,3,0,22.5
"21,67,69",22,25.4,19,3.982,0,809,-84,0,0,20.6,0.07,0,0.45,-2.23,0,56.1,11.5,23.1,4.027,100,0,0.01,0,10.7,18.9,0,-1996,0,23.1,17,-0.07,-4,-2,22.4
"21,67",22,3.8,19,4.028,0,798,-6,0,0,20.6,0.02,0,0.23,0,0,56.6,11.5,23.1,4.048,100,0,0.01,0,10.7,18.9,0,0,0,23.1,17,0,1,-2,22.4
"21,25,67,69",22.9,5.9,18.9,4.016,0.51,808,-7,0.9,10.1,21.3,0.02,-0.01,0.22,0,0,56.5,11.6,23.2,4.037,99,0,0,0.41,10.7,20.3,0.7,-72,0.27,24.2,17.9,0,-19,32,23
"21,67",22.9,5.9,18.9,4.018,0.51,0,0,0.9,0,21.3,0,-0.01,0.21,0,0,56.5,11.6,23.2,4.042,99,0,0,0.41,10.8,20.3,0.7,0,0.27,24.2,17.9,0,0,0,23
"21,25,67,69",22.9,0,18.9,4.026,0,0,0,0,0,21.3,0,0,0,0,0,56.6,11.5,23.1,4.049,100,0,0,0,0,20.3,0,6,0,24.4,17.8,0,0,90,22.7
"21,25,67,69",22.9,0,18.9,4.028,0,9,0,0,0,21.3,0,0,0,0,0,56.6,11.5,23.1,4.049,99,0,0,0,10.7,20.3,0,0,0,24.4,17.8,0,-3,90,22.7
"21,25,67,69",22.9,0,18.9,4.03,0,0,0,0,0,21.3,0,0,0,0,0,56.6,11.6,23.1,4.051,99,0,0,0,0,20.3,0,-6,0,23.1,17.8,0,3,89,22.7
"21,67",22.9,0,19.9,4.03,0,0,0,0,0,21.3,0,0,0,0,0,56.6,11.6,23.1,4.05,99,0,0,0,10.7,20.3,0,0,0,23.1,17.8,0,-3,0,22.7
"21,67",22.7,0,20,4.032,0,0,0,0,0,21.2,0,0,0,0,0,56.7,11.6,22.8,4.053,99,0,0,0,10.7,20.3,0,0,0.21,23.1,17.7,0,0,90,22.6
"21,67,69",22.7,0,18.9,4.033,0,0,0,0,0,21.2,0,0,0,0,0,56.7,11.5,21.7,4.054,99,0,0,0,10.7,20.3,0,0,0.21,23.1,17.7,0,0,8,22.6
"21,67",22.7,0,18.9,4.033,0,7,0,0,0,21.2,0,0,0,0,0,56.7,11.5,21.7,4.054,99,0,0,0,10.7,20.3,0,-7,0.21,23.1,17.7,0,-8,0,22.6
"21,25,67,69",22.7,0,18.9,4.032,0,845,-2,0,0,21.2,0.02,0,0.25,0,0,56.6,11.6,21.7,4.053,99,0,0,0,10.7,20.3,0,0,0.21,23.1,17.7,0,0,9,22.6
"21,67",22.7,0,18.1,4.03,0,0,-5,0,0,21.2,0,0,0.25,0,0,56.7,11.6,21.7,4.05,99,0,0,0,10.8,20.3,0,-27,0.21,23.1,17.7,0,-182,0,22.6
"21,67",22.7,0,20.3,4.034,0,0,0,0,0,21.2,0,0,0,0,0,56.7,11.6,21.7,4.054,100,0,0,0,0,20.3,0,0,0.21,23.1,17.7,0,0,90,22.6
"21,25,67,69",22.7,0,19.3,4.033,0,-3,0,0,0,21.2,0,0,0,0,0,56.7,11.6,21.7,4.054,99,0,0,0,10.8,20.3,0,-7,0.21,23.1,17.7,0,4,0,22.6
"21,67",22.7,0,20.3,4.033,0,0,0,0,0,21.2,0,0,0,0,0,56.7,11.6,21.7,4.054,99,0,0,0,10.8,20.3,0,7,0.21,23.1,17.7,0,-7,0,22.6
"21,25,69",,,,,,,,,,,,,,,,,,,,,,,,,,,,,,,,,,
"21,67",22.3,0,20,4.034,0,0,0,0,0,21.1,0,0,0,0,0,56.7,11.6,21.7,4.054,99,0,0,0,10.7,20.3,0,0,0,23.1,17.8,0,1,0,22.3
29,6.3,0,128.2,4.117,0,0,0,0,0,5,0,0,0,0,0,57.8,9.1,7.8,4.137,100,0,0,0,7.5,2.5,0,-3,0,10.6,6.1,0,0,-70,6.3
"21,29",6.3,0,199.9,4.118,0,0,0,0,0,5,0,0,0,0,0,57.8,9.1,7.8,4.137,100,0,0,0,7.5,2.5,0,-3,0,10.6,6.1,0,0,-70,6.3
"51,56",13.6,29.7,16.6,3.846,1.77,65,-12,2.9,9.8,9.5,0,0.53,1.02,0,0,54.1,11.6,16.1,3.867,84,0,0,0.04,9.4,19.4,4.1,0,3.77,20.3,7.3,0,0,90,11.1
"51,56",,,,,,,,,,,,,,,,,,,,,,,,,,,,,,,,,,
"51,56",,,,,,,,,,,,,,,,,,,,,,,,,,,,,,,,,,
"51,56",,,,,,,,,,,,,,,,,,,,,,,,,,,,,,,,,,
59,24.5,0,29.6,4,0,-3,0,0,0,25.4,0,0,0,0,0,112.3,22.7,21.7,4.022,93,0,0,0,21.4,18.9,0,0,0,24.4,23.6,0,0,31,24.4
"56,59,66",,,,,,,,,,,,,,,,,,,,,,,,,,,,,,,,,,
"53,56,59,66",,,,,,,,,,,,,,,,,,,,,,,,,,,,,,,,,,
"53,56,66",24.5,0,29.9,4.001,0,3,0,0,0,25.6,0,0,0,0,0,112.3,22.7,21.7,4.022,93,0,0,0,21.5,18.9,0,0,0,24.4,23.6,0,0,32,24.5
17,15,4.5,17.5,3.913,-0.1,455,-27,9.1,3.3,12.8,0.02,-0.01,0.19,0,0.01,55.3,11.1,14.1,3.954,96,0,0.01,-0.16,9.2,17.2,7.7,109,0.51,15.8,12.3,0,138,0,14.7
92,35.4,23.2,29.4,3.872,0.84,9,-2,2.1,-0.1,30.2,0,-0.01,0,-0.02,0.01,108.8,18.3,28.6,3.904,94,0,0,0.28,16.8,34,0.3,0,0.19,26,25.3,-0.03,0,-10,31.1
92,36,0,30,3.893,-0.06,7,0,0,0,32.4,0,0.03,0,0,0,109.1,18.4,28.4,3.906,94,0,0,0.01,16.9,34.2,-0.1,-1,0,31.4,25.8,0,0,-10,32
92,,,,,,,,,,,,,,,,,,,,,,,,,,,,,,,,,,
92,14.1,0,12,4.125,0,0,0,0,0,15,0,0,0.02,0,0,115.6,17.3,16.2,4.139,100,0,0,0,14.8,10.5,0,0,0,16,13.6,0,-5,89,14.4
92,17.4,3.5,21.6,4.052,0.21,801,-23,4.4,-7.3,22,0.07,0.56,0.22,-0.3,0.02,113.9,17.4,24.2,4.087,100,0.32,0.1,1.29,15,12,15.8,313,0.72,34.2,26.6,0.12,274,4,19.8
"51,56",,,,,,,,,,,,,,,,,,,,,,,,,,,,,,,,,,
24,20.9,0,19.9,3.867,0.03,800,-50,25.5,68.1,20.8,0.02,-0.01,0.19,-0.13,-0.02,54.8,16.4,20.3,3.903,83,-0.02,-0.01,0.1,15.3,16.1,-14.2,358,0,20.2,19.5,-0.13,405,2,20.8
17,22.3,38.4,19.9,3.811,0.47,802,-11,-0.4,-0.1,23.4,0.21,-0.01,0.69,0.63,0,54.5,16.5,21.7,3.904,82,-0.04,0,-0.67,15.1,14.8,1.7,-118,0,20.3,19.7,0.1,-58,-49,24.1
17,,,,,,,,,,,,,,,,,,,,,,,,,,,,,,,,,,
"17,51",,,,,,,,,,,,,,,,,,,,,,,,,,,,,,,,,,
"23,51",22,5,20.9,3.874,0.01,358,-42,10.8,10.4,22.9,0.04,-0.01,0.2,0.51,0.02,54.3,16.5,21.7,3.887,82,0.29,0.01,-0.04,15.1,14.8,26.2,-2863,0.25,20.3,20.5,0.08,-3156,-2,23.3
24,22,5,21.3,3.759,0.01,804,-73,-11.2,-5,22.9,0,-0.01,0.2,0.04,-0.02,54.1,16.5,21.7,3.858,82,0.06,0,-0.04,15.2,14.8,-0.8,-3111,0.25,20.3,20.5,-0.09,-3200,-1,23.3
"51,56",,,,,,,,,,,,,,,,,,,,,,,,,,,,,,,,,,
"23,51",21.8,27.9,21.3,3.758,0,703,-90,23.9,42.6,23,0,0,0.2,3.55,0.31,54.1,16.6,21.7,3.823,82,3.69,0.34,0,15.2,14.8,71.3,3986,0,20.7,20.3,3.39,4192,-1,23.4
"17,51",,,,,,,,,,,,,,,,,,,,,,,,,,,,,,,,,,
"23,24",14.3,3.9,14.1,4.068,0.02,793,-69,26.4,-4.7,14.7,0.02,0,0.22,-0.1,-0.02,57.4,15.4,12,4.125,100,-0.09,0.01,0.07,12.7,7.9,13.1,-1637,0.27,12.2,12.9,-0.24,-1745,-4,14.3
23,14.7,0,14.2,3.998,0,0,-126,0,0,15.2,0,0.01,0.06,0.02,0,56.8,15.4,13.4,4.09,100,0.03,0,0.01,12.6,7.9,0,354,0.13,13.4,13.6,0.01,469,-1,14.8
17,,,,,,,,,,,,,,,,,,,,,,,,,,,,,,,,,,
"23,51",18.9,2.6,14.4,3.96,0.01,0,-195,35.6,38.2,17.6,0.01,0,0.28,4.03,0.1,56.2,15.8,13.4,4.028,100,4,0.38,-0.02,13.2,13.4,67.8,1235,0,13.5,14.9,2.63,410,-5,17.2
17,,,,,,,,,,,,,,,,,,,,,,,,,,,,,,,,,,
24,19.3,22.8,15.8,4.043,0.7,802,-15,-4.5,-2.3,17.8,0.07,1.29,1.08,-0.03,-0.01,56.8,15.9,14.8,4.067,100,-0.4,-0.09,1.14,13.3,13.4,-27.6,-377,0.24,15.1,15.9,-0.16,-648,12,18.1
24,19.3,0,16.8,3.985,0.1,802,-124,-3.9,-3.3,18.3,0.02,-0.03,0.22,0.07,-0.01,56.3,15.9,16.2,4.041,100,-0.01,0,-0.1,13.3,13.4,-5.8,-656,0.2,16.1,15.7,-0.01,1004,-6,18.5
"51,56",19.5,105.6,17.5,3.934,0.42,-29,-84,18.8,41.6,19.6,0.77,0.56,5.67,2.08,0.28,55.3,15.9,16.2,4.037,100,2.13,0.3,2.26,13.4,14.4,67.3,4217,0.67,18.2,16.3,1.97,4169,-1,19.1
24,21.5,2.5,17.5,4.015,1.16,864,-121,-7.9,-2.3,20.6,0.02,1.4,0.2,-0.33,0.17,56.7,16.1,16.2,4.034,99,0.69,0.42,0,13.6,16.4,81.9,3369,0.37,16.2,17,0.47,1146,34,20.3
17,,,,,,,,,,,,,,,,,,,,,,,,,,,,,,,,,,
24,21.4,6.1,18.7,3.976,0.12,805,-77,8.9,8.4,20.9,0.04,0.09,0.21,2.28,0.02,56.7,16.1,17.4,4.058,98,0.66,0,1.03,13.7,16.2,19.4,738,0.3,16.4,17.5,0.52,417,0,21.1
"23,51",23.3,0.3,18.5,3.909,-0.04,62,-192,-9,-0.1,22.1,0.07,-0.01,0.27,0.14,-0.05,56.5,16.3,17.1,4.031,98,-0.82,0.38,-0.03,13.8,18.9,76.2,3305,0,16.6,18.9,0.08,-761,43,22.5
24,25,50.7,20,3.932,-0.02,808,-143,-3.3,90.1,23.9,0.24,0.37,2.08,3.77,-0.04,55.9,16.5,17.2,3.968,96,3.58,0.4,1.44,14,20.1,70.1,1125,4.02,16.8,20.2,-1.78,3863,-14,24.1
"23,51",26.5,17,19.9,3.887,-0.01,399,-99,77,48.3,24.8,0.09,-0.01,0.72,0.01,0.02,55.8,16.7,17.5,3.993,96,0,0.06,0,14.1,21.6,34.6,724,0,17.5,20.9,-0.11,933,21,25.1
"17,51",,,,,,,,,,,,,,,,,,,,,,,,,,,,,,,,,,
"23,51",23.9,21.5,19.9,3.893,0.37,0,-29,-9.5,11.2,23.5,0,0.4,0.45,0.03,0.02,55,16.8,20.3,3.946,87,-0.04,0.04,-0.25,15.7,17.6,10.3,-398,2.55,20.3,19.9,-0.12,37,9,23.9
17,,,,,,,,,,,,,,,,,,,,,,,,,,,,,,,,,,
17,27.6,138.3,19.9,3.798,0.05,2186,-154,10.6,10.4,24.4,0.57,0,4.79,0.02,0.02,54.9,17.1,20.3,3.927,85,0.02,0.02,0.2,16,23.1,0.2,-7,0,20.3,20.7,0.03,-36,3,25.3
17,27.4,0,19.9,3.891,0.01,427,-5,10.5,10.7,24.4,0.02,-0.01,0.15,0.02,0.02,54.8,17.1,20.3,3.929,85,0.02,0.02,-0.04,15.9,23.1,0,-1,0,20.3,20.9,0.02,7,-2,25.4
"24,51",31.3,27.1,22.7,3.721,0,803,-220,-58.8,74.7,26.4,0.02,0,0.31,0.01,-0.29,52.7,18.2,21.7,3.791,78,3.53,0.39,0,16.4,32.5,76.8,3197,0,21.8,22.7,-2.99,2701,11,28.4
18,31.9,0,23.7,3.744,0,-21,-201,28.5,75,26.5,0.02,0,0.23,3.45,0.14,53.6,18.2,21.7,3.822,78,0.52,0.06,0,16.4,32.8,14.7,-2239,0,21.8,23.6,0.91,-1596,-3,28.6
18,31.9,0,24.1,3.69,0,810,-26,0,-42.2,26.5,0.04,0,0.22,3.74,0.38,53.6,18.3,23,3.801,78,3.63,0.39,0,16.4,31.8,0,3273,0,23.1,23.6,2.95,3399,0,28.6
24,31.9,0,24.1,3.738,0,806,-160,67.1,-5,26.5,0.03,0,0.22,3.05,0.38,53.2,18.3,23.1,3.801,77,3.68,0.39,0,16.4,31.4,97.5,-4119,0,23.1,23.6,3.81,-4147,-2,28.6
"56,66",4.6,0,2.4,3.861,0,3,-3,0,0,5.1,0,0,0,0,0,54.2,3.8,6.5,3.878,67,0,0,0,2.7,-3.2,0,-1,0,4.2,4.1,0,0,9,3.8
"56,66",5.2,0,2.4,3.86,0,-3,-3,0,0,5.5,0,0,0,0,0,54.2,3.8,6.9,3.877,67,0,0,0,2.7,-3.2,0,3,0,4.3,4.5,0,0,9,4.1
57,10.7,99.6,17.5,3.033,,1902,-45,,41.9,,0.43,-1.23,3.57,1.88,,88.7,6.2,,3.206,0,,,,5.4,12.5,,,3.36,,10.6,,,10,
57,10.7,-0.2,16.2,3.004,,460,-90,,0,,0.01,-1.23,0.32,0,,86.6,6.4,,3.226,0,,,,5.6,13.4,,,3.36,,10.6,,,4,
57,8.2,50.8,14,3.014,,2017,-91,,83.2,,0.74,0,6.53,0.21,,87,6.9,,3.183,0,,,,6.2,9.9,,,0,,7.6,,,-55,
"56,57",,,,,,,,,,,,,,,,,,,,,,,,,,,,,,,,,,
57,9.2,4.7,15.4,2.996,,809,-82,,119,,0.12,0.08,1.31,4.41,,87.5,6.9,,3.187,0,,,,6.3,10.6,,,0.07,,8.7,,,2,
57,9.2,52.4,15.8,3.036,,1954,-62,,21.1,,0.05,0.08,1.64,5.51,,88,7,,3.21,0,,,,6.3,10.6,,,0.07,,8.7,,,1,
57,9.1,23.3,14.4,3.024,,810,-28,,39.5,,0.04,0,0.28,1.83,,88.2,7.3,,3.198,0,,,,6.6,10.6,,,0,,8.1,,,2,
57,9.1,23.4,14.4,3.053,,802,-6,,95.9,,0.08,0,0.68,3.7,,88.9,7.4,,3.231,0,,,,6.7,10.6,,,0,,8.1,,,45,
57,9.2,100.2,14.4,2.999,,2215,-50,,0.5,,0.32,0.04,2.46,1.19,,87.3,7.4,,3.183,0,,,,6.8,10.6,,,0.12,,8.8,,,5,
57,9.2,78.4,15.8,2.896,,1401,-85,,77.3,,0.69,0.03,6.58,2.93,,85.2,7.5,,3.1,0,,,,6.8,11.6,,,0.29,,8.6,,,4,
57,9.2,22.6,15.8,3.061,,1701,-6,,10.2,,0.27,0,3.08,0.03,,89.1,7.6,,3.241,0,,,,6.9,11.9,,,0,,8.4,,,0,
57,9.2,173,15.8,2.905,,1888,-70,,0,,0.67,0,6.17,0,,84.4,7.6,,3.106,0,,,,6.9,12,,,0,,9.1,,,2,
57,8.2,24.1,13.4,3.019,,1700,-17,,0,,0.17,0,1.27,0,,87.9,7.8,,3.22,0,,,,7.2,9.3,,,-0.01,,8.1,,,2,
57,8.2,17.5,14.4,3.007,,832,-23,,5,,0.04,0,0.31,0.07,,87.9,7.8,,3.207,0,,,,7.2,9.3,,,-0.01,,8.1,,,66,
57,8.6,41.3,15.6,2.972,,1437,-21,,2.6,,0.05,0.73,0.57,0.62,,87.4,7.9,,3.194,0,,,,7.2,10.5,,,0.85,,8.7,,,21,
57,8.7,42.7,15,2.955,,1764,-28,,14.1,,0.08,1.75,1.15,0.69,,86.3,7.9,,3.139,0,,,,7.3,10.2,,,1.29,,8.5,,,23,
57,9.1,188.6,14.4,2.804,,845,-22,,-0.1,,0.75,-0.01,6.58,0.02,,83.4,7.9,,3.047,0,,,,7.3,10.6,,,3.59,,8.6,,,6,
"51,57",9.9,7.7,14.4,2.733,,796,-12,,0,,0.02,-0.01,0.24,0,,85.1,8,,3.099,0,,,,7.3,12,,,3.59,,8.6,,,53,
57,9.7,63.5,14.8,2.789,,1227,-35,,50.2,,0.07,0.68,0.86,1.73,,83.9,8.1,,3.088,0,,,,7.4,11.8,,,1.29,,9.1,,,-4,
57,9.7,42.7,15.4,2.775,,2208,-23,,-3.1,,0.21,0.68,1.1,-0.47,,84.5,8.1,,3.08,0,,,,7.5,12,,,1.29,,9.1,,,-24,
57,9.7,41,15.8,2.685,,1775,-41,,10.3,,0.31,0.68,2.57,0.03,,82.6,8.1,,3.053,0,,,,7.5,12,,,1.29,,9.1,,,8,
"51,57",10.3,189.1,14.8,2.5,,797,-78,,0,,0.74,0.11,6.52,0,,78.6,8.2,,2.906,0,,,,7.5,13,,,3.01,,9.1,,,-14,
41,19.3,0,16.9,4.062,,0,0,,0,,0,0,0,0,,114,14.7,,4.078,97,,,,12.5,10.7,,,0,,16.9,,,-27,
41,14.5,0,17.5,4.06,,0,0,,0,,0,0,0,0,,113.9,14.8,,4.075,97,,,,12.6,12,,,0,,13.1,,,-28,
41,14.6,0,17.5,4.059,,421,0,,0,,0,0,0,0,,113.9,14.6,,4.075,97,,,,12.4,12,,,0,,13.1,,,-27,
41,14.6,0,17.5,4.059,,0,0,,0,,0,0,0,0,,113.8,14.6,,4.072,97,,,,12.4,12,,,0,,13.1,,,-27,
24,14,2.1,16.1,3.992,0.22,812,-119,15,-30,14.2,0.07,0.49,0.31,-4.09,0.36,56.8,15.4,14.4,4.059,100,-1.41,-0.02,0.39,13.2,10.3,66.9,3955,0.61,11.6,13.8,-0.29,3531,5,14.1
92,,,,,,,,,,,,,,,,,,,,,,,,,,,,,,,,,,
39,-6,0,-5.6,4.031,0,51,0,0,0,-6.9,0.04,0,0.02,0,0,56.7,-1,1,4.056,100,0,0,0,-4.4,-7.3,0,-6,0,-5.9,-6.9,0,-5,7,-6.5
39,-5,22.3,-1.8,3.979,0,1247,0,0,0,-5.6,0.02,0,0.02,0,0,56,-0.1,5.1,4.005,100,0,0,0,-3.2,-5.9,0,6,0,-3.2,-5.8,0,122,-5,-5.3
39,-5,22.3,-1.8,3.974,0,490,0,0,0,-5.6,0.02,0,0.02,0,0,56,-0.1,5.1,4.002,100,0,0,0,-3.2,-5.9,0,11,0,-3.2,-5.8,0,43,2,-5.3
39,-4.3,0,-1.8,3.972,0,-7,0,0,0,-5.6,0,0,0,0,0,55.9,-0.1,5.1,3.997,100,0,0,0,-3.2,-4.9,0,0,0,-3.2,-5.8,0,0,2,-5.2
92,3.9,25.4,10.3,3.825,0,2141,-4,0,0,5.6,0.02,0,0.04,0,0.02,53.8,5.5,3.7,3.855,84,-0.02,0,0,3.9,10.6,0,-35,0,3.7,4.8,-0.02,2,27,5.6
92,16.6,0,31,3.707,1.11,13,-16,4.3,0.8,17.7,0.04,0.76,0.53,0,0,51.9,11.9,16.2,3.722,73,0,0,0.61,10.7,24.4,0,1,1.07,16.4,17.4,0,0,1,17.4
92,7.3,6.1,17.8,3.928,0.66,0,-8,-1,0,6.1,0,0.7,0,0,0,55,7.3,9.4,3.94,95,0,0,0,5.6,16,0.9,-29,1.39,7.9,5.5,0,-63,17,6.4
23,31.9,4.9,34.5,3.692,-0.05,352,-36,-3.5,-8.7,35.4,0.02,-0.18,0.2,-0.19,0,51.6,16.8,25.8,3.682,65,0.27,0.03,0.18,14.2,21.7,-1.4,1003,0.24,34.1,29,-0.05,1176,-14,33.3
17,,,,,,,,,,,,,,,,,,,,,,,,,,,,,,,,,,
17,27.6,2.3,30.1,3.83,-0.3,220,4,15,9.7,28.9,0.02,-0.51,0.29,0.25,-0.01,53.8,17.9,23.7,3.853,82,-0.54,0.01,0.45,14.6,21.7,-0.8,1585,0.26,25.8,24.6,-0.13,1682,-5,29.8
"51,56",,,,,,,,,,,,,,,,,,,,,,,,,,,,,,,,,,
24,21.5,0,27.9,3.629,0.02,798,-75,-2.6,-72.9,22.1,0.02,-0.01,0.21,-0.12,0.18,50.8,22.3,20.3,3.651,50,-0.09,0.23,-0.05,18,14.9,44.3,-1514,0,24.2,20.2,-0.21,-1472,0,22
24,29.2,3.9,35.8,3.571,-0.01,812,-58,56,-29.6,30.2,0.02,-0.84,0.19,-0.13,0.26,50.4,21.8,27.2,3.595,42,-0.16,-0.01,0.47,17.7,20.3,42.9,1352,0.23,30,27.5,-0.19,2665,-1,31
"51,56",,,,,,,,,,,,,,,,,,,,,,,,,,,,,,,,,,
"51,56",,,,,,,,,,,,,,,,,,,,,,,,,,,,,,,,,,
17,26.6,0,34.1,3.547,0.94,88,-11,-6.6,11,26.7,0.02,-0.01,0.19,0.18,-0.01,50,18.7,29.4,3.573,41,-0.12,-0.01,0.92,15.8,21.7,-8.2,-182,0,31.4,25.4,-0.1,-203,0,27.7
"24,51",32,0,28.6,3.934,0.02,802,-46,-10.1,-4.1,33,0.02,-0.01,0.4,0.01,-0.02,55.5,19.4,21.8,3.972,94,3.23,0,-0.13,16.8,24.4,37.4,1185,0,24.4,27.5,-0.3,2180,-10,33.2
23,37.9,11.9,33.2,3.892,-0.08,348,-24,25.5,10,38.2,0,-0.01,0.17,-0.2,0.03,54.7,21.9,27.2,3.921,87,-0.18,-0.01,-0.08,19.3,30,-2.2,-1911,0,29.6,33.5,0.16,-296,36,38.5
24,43.7,5.3,52,3.521,0.79,802,-63,-7.7,-2.6,44.6,0.03,-0.01,0.18,2.75,-0.01,49.4,26.7,45.3,3.539,34,-0.12,-0.01,0.54,23.5,36,-3,-1597,1.57,48.5,42.2,-0.18,-1516,3,45.7
23,,,,,,,,,,,,,,,,,,,,,,,,,,,,,,,,,,
39,-1.5,20.7,-0.4,4.04,0,-6,0,0,0,-1.7,0.02,0,0.03,0,0,56.8,0,-1.9,4.064,100,0,0,0,-1.9,-1.7,0,0,0,-1.6,-3.6,0,-1,89,-3
17,23.6,2.3,21.7,3.84,0.19,455,-33,-5.1,0.1,16.8,0.01,0.61,0.21,0,0,53.8,9.8,23.1,3.853,89,0,0,-0.31,8.3,31.9,3.2,-90,0.75,24.4,11.5,-0.01,-98,0,18.8
92,,,,,,,,,,,,,,,,,,,,,,,,,,,,,,,,,,
"56,66",15,0,17.5,3.945,0,0,-8,0,0,12.7,0,-0.01,0,0,0,55.2,9.2,23.1,3.957,91,0,0,-0.02,8.3,13.4,-0.1,0,0,16.2,14,0,0,0,14.5
"56,64,65,66",13.1,0,3.7,3.612,0,-3,0,0,0,13.5,0,0,0,0,0,50.6,3,7.9,3.628,30,0,0,0,0.3,7.9,0,7,0,7.9,13.9,0,6,0,15
55,,,,,,,,,,,,,,,,,,,,,,,,,,,,,,,,,,
"52,55",13.3,0,3.7,3.612,0,3,0,0,0,13.6,0,0,0,0,0,50.6,3.2,7.9,3.628,30,0,0,0,0.4,7.9,0,1,0,7.9,14.3,0,0,-5,15.3
52,13.3,0,3.7,3.611,0,0,0,0,0,13.6,0,0,0,0,0,50.6,3.2,7.9,3.628,30,0,0,0,0.4,7.9,0,-1,0,7.9,14.3,0,0,-4,15.3
"52,56",13.3,0,3.7,3.612,0,0,0,0,0,13.6,0,0,0,0,0,50.6,3.2,8.4,3.628,30,0,0,0,0.4,7.9,0,0,0,7.9,14.3,0,0,-4,15.3
"56,66",13.3,0,3.7,3.612,0,0,0,0,0,13.6,0,0,0,0,0,50.6,3.2,7.9,3.628,30,0,0,0,0.4,7.9,0,0,0,7.9,14.3,0,0,0,15.3
"56,66",13.5,0,3.7,3.612,0,0,0,0,0,13.7,0,0,0,0,0,50.6,3.2,7.9,3.628,30,0,0,0,0.4,7.9,0,-1,0,7.9,14.3,0,-1,0,15.4
"56,59,66",13.5,0,3.7,3.612,0,-7,0,0,0,13.7,0,0,0,0,0,50.6,3.2,7.9,3.628,30,0,0,0,0.5,7.9,0,0,0,7.9,14.4,0,-1,0,15.4
"53,56,66",13.5,0,3.7,3.612,0,0,0,0,0,13.7,0,0,0,0,0,50.6,3.3,8,3.628,30,0,0,0,0.5,8,0,0,0,7.9,14.4,0,0,0,15.5
"56,62,66",13.6,0,3.7,3.612,0,0,0,0,0,13.7,0,0,0,0,0,50.6,3.3,9.2,3.628,30,0,0,0,0.5,7.9,0,0,0,7.9,14.5,0,0,0,15.6
"54,56,66",13.6,0,3.7,3.612,0,0,0,0,0,13.7,0,0,0,0,0,50.6,3.4,9.2,3.628,30,0,0,0,0.6,8,0,0,0,7.9,14.5,0,0,0,15.6
"54,56",,,,,,,,,,,,,,,,,,,,,,,,,,,,,,,,,,
"55,56",16.2,0,4.4,3.607,0,0,0,0,0,16.4,0,0,0,0,0,50.6,3.6,9.3,3.624,30,0,0,0,0.7,9.2,0,0,0,9.3,15.7,0,0,0,18.3
"52,56",,,,,,,,,,,,,,,,,,,,,,,,,,,,,,,,,,
"56,66",,,,,,,,,,,,,,,,,,,,,,,,,,,,,,,,,,
"56,66",16.2,0,4.5,3.609,0,0,0,0,0,16.1,0,0,0,0,0,50.6,3.7,9.3,3.625,30,0,0,0,0.8,9.3,0,0,0,9,15.7,0,2,0,18.1
"56,66",9.2,0,6.5,4.128,0,0,0,0,0,9.4,0,0,0,0,0,57.9,13.4,10.6,4.144,100,0,0,0,10.5,7.9,0,0,0,9.3,11.2,0,0,9,11
"56,66",4.8,0,2.3,4.055,0,0,0,0,0,4.8,0,0,0,0,0,56.9,8.8,5.1,4.073,100,0,0,0,6.2,2.4,0,0,0,3.7,6.3,0,0,90,6
"56,66",,,,,,,,,,,,,,,,,,,,,,,,,,,,,,,,,,
"56,66",,,,,,,,,,,,,,,,,,,,,,,,,,,,,,,,,,
"56,66",4.9,0,2.4,4.056,0,0,0,0,0,4.8,0,0,0,0,0,56.9,7.6,5.1,4.074,100,0,0,0,0,2.4,0,0,0,5.1,6.3,0,-10,90,6
"56,66",12,0,7.9,4.055,0,0,0,0,0,12.9,0,0,0,0,0,56.8,9.8,12,4.073,100,0,0,0,7.9,9.3,0,0,0,12,14.1,0,0,88,13.9
"56,66",13.2,0,7.9,4.056,0,-9,0,0,0,14,0,0,0,0,0,56.8,10,12,4.073,100,0,0,0,8.1,9.3,0,0,0,12,15.4,0,0,89,15
"56,66",13.2,0,7.9,4.057,0,3,0,0,0,14.1,0,0,0,0,0,56.9,8.7,12,4.074,100,0,0,0,0,9.4,0,7,0,12,16.5,0,0,89,15
"56,66",6.4,0,5.1,4.056,0,7,0,0,0,6.8,0,0,0,0,0,56.9,10,7.9,4.073,100,0,0,0,7.6,6.1,0,0,0,7.9,8.7,0,0,-7,8.2
"56,66",6.4,0,4.9,4.056,0,0,0,0,0,6.8,0,0,0,0,0,56.8,10,7.9,4.073,100,0,0,0,7.5,6.2,0,0,0,7.8,8.7,0,-2,-7,8.4
"56,66",6.8,0,5.2,4.055,0,0,0,0,0,6.8,0,0,0,0,0,56.8,10.1,7.9,4.073,100,0,0,0,7.6,5,0,0,0,7.9,9.2,0,1,-7,9.1
"56,66",8.1,0,6.5,4.055,0,0,0,0,0,8.1,0,0,0,0,0,56.8,10.2,8.2,4.071,100,0,0,0,7.7,6.7,0,-1,0,7.9,9.7,0,0,-7,9.7
"56,66",8.7,0,6.5,4.054,0,0,0,0,0,8.7,0,0,0,0,0,56.8,10.3,9.1,4.07,100,0,0,0,7.8,7.8,0,0,0,9.1,10.3,0,0,-7,10.3
"56,66",9.6,0,6.5,4.053,0,-7,0,0,0,9.6,0,0,0,0,0,56.8,10.3,9.3,4.069,100,0,0,0,7.9,7.9,0,1,0,9.2,10.8,0,0,-7,11
"56,66",10.2,0,6.5,4.053,0,0,0,0,0,10.2,0,0,0,0,0,56.8,10.4,9.3,4.069,100,0,0,0,8,7.9,0,0,0,9.3,11.4,0,0,-7,11.6
"56,66",10.2,0,6.5,4.053,0,0,0,0,0,10.2,0,0,0,0,0,56.8,10.4,9.3,4.069,100,0,0,0,8,7.9,0,-1,0,9.3,11.4,0,0,-7,11.6
"56,66",10.4,0,6.6,4.053,0,0,0,0,0,11.8,0,0,0,0,0,56.8,10.6,9.3,4.07,100,0,0,0,8.5,6.4,0,0,0,10.3,13.2,0,1,-6,11.9
"56,66",10.4,0,6.6,4.053,0,0,0,0,0,11.8,0,0,0,0,0,56.8,10.6,9.3,4.07,100,0,0,0,8.5,6.4,0,0,0,10.3,13.2,0,1,-6,11.9
"56,66",10.4,0,6.6,4.054,0,0,0,0,0,11.8,0,0,0,0,0,56.8,9.1,10.6,4.07,100,0,0,0,0,9.3,0,0,0,10.6,13.2,0,6,-6,11.9
"56,66",11.7,0,6.5,4.054,0,7,0,0,0,11.8,0,0,0,0,0,56.8,9.1,10.6,4.07,100,0,0,0,0,9.3,0,-6,0,10.6,13.2,0,-10,-7,13.2
"56,66",,,,,,,,,,,,,,,,,,,,,,,,,,,,,,,,,,
"56,66",11.8,0,7.8,4.054,0,0,0,0,0,11.9,0,0,0,0,0,56.8,9.1,10.6,4.069,100,0,0,0,0,9.3,0,-6,0,10.6,13.5,0,0,-7,13.2
"56,66",11.8,0,6.5,4.054,0,0,0,0,0,11.9,0,0,0,0,0,56.8,9.1,10.6,4.07,100,0,0,0,0,9.3,0,7,0,10.6,13.5,0,6,-8,13.2
"56,66",11.9,0,7.4,4.053,0,0,0,0,0,12,0,0,0,0,0,56.8,10.7,10.6,4.069,100,0,0,0,8.5,9.3,0,1,0,10.6,13.6,0,0,-7,13.3
"56,66",11.9,0,6.5,4.054,0,0,0,0,0,12,0,0,0,0,0,56.8,9.1,10.6,4.07,100,0,0,0,0,9.3,0,6,0,10.6,13.6,0,10,-7,13.3
"56,66",12,0,9.4,4.053,0,9,0,0,0,12,0,0,0,0,0,56.8,11.7,10.6,4.069,100,0,0,0,9.7,9.3,0,1,0,12.9,13.6,0,0,-7,15.5
"56,66",14.3,0,10.6,4.052,0,3,0,0,0,14.4,0,0,0,0,0,56.8,11.9,13.7,4.067,100,0,0,0,9.8,13.3,0,0,0,13.4,16.1,0,0,-7,15.9
"56,66",14.8,0,10.6,4.051,0,0,0,0,0,14.8,0,0,0,0,0,56.8,11.9,14.7,4.067,100,0,0,0,9.9,13.4,0,0,0,13.6,16.5,0,-1,-7,16.4
"56,66",15,0,10.3,4.05,0,9,0,0,0,15,0,0,0,0,0,56.8,12,13.7,4.067,100,0,0,0,9.9,12.4,0,0,0,12.6,16.8,0,0,-7,16.8
"56,66",,,,,,,,,,,,,,,,,,,,,,,,,,,,,,,,,,
"56,66",15.5,0,11.8,4.05,0,0,0,0,0,15.7,0,0,0,0,0,56.8,14.3,14.7,4.066,100,0,0,0,12.4,12.1,0,1,0,13.5,14.8,0,0,-7,14.2
92,30.3,3.7,38.5,3.55,0.03,1746,-59,0,-0.1,16,0.03,-0.01,1.92,-0.02,0,50.2,13.6,17.5,3.598,37,0,0,0,11.7,41.5,0,0,0.22,23.1,14,0,0,58,16.9
17,,,,,,,,,,,,,,,,,,,,,,,,,,,,,,,,,,
92,19.5,76,35.6,3.801,0.13,1752,-76,-0.3,6.5,17.3,0.13,0.59,2.52,0,0,53.6,11.5,18.9,3.839,79,0,-0.02,-0.34,10.3,23.1,8.8,4,0.7,23.1,16,0,0,-2,17.2
23,18.9,5.7,36.5,3.544,0.33,812,-18,-1.6,-4.9,16.4,0.02,-0.1,0.26,-0.12,-0.04,50.5,13.1,17.5,3.615,43,-0.21,0.01,-0.19,11.3,24.4,0,-1558,2.5,23.9,14.8,0.2,-371,44,14.9
92,2,0,5,3.905,-2.29,0,-162,11.4,0.1,3.3,0.85,-0.36,7.16,0,0.03,56.5,-0.7,7.5,4.074,100,0,0.01,-2.14,-2.5,2.2,4.1,0,0.43,46.3,-0.2,0,-1,-4,2.3
92,4.7,40.4,7.9,4.018,2.23,744,-26,9.9,9.2,6,0.03,-3.34,0.27,0,0.05,56.5,-0.6,12,4.041,100,0,0.04,1.84,-2.3,5.1,7.4,0,0.33,32.3,4,0,0,32,4.7
92,6.1,0,38,3.997,1.94,812,-32,17.1,3.9,14.1,0.02,-4.22,0.03,-0.03,0.05,56.2,-0.4,32.6,4.024,100,0.02,0.07,1.93,-2.2,3.7,20.2,16,0,38.4,26.6,0.02,7,5,13.4
12,17.2,37.1,25.3,3.835,0.05,816,-108,-24.4,120.6,10.4,0.07,0.65,0.74,3.68,0.03,54.1,12.7,19.4,3.934,90,2.23,0.28,0.84,9.8,23.1,28.9,-4,0.5,21.3,10,-0.16,4343,-1,12.8
12,17.3,6,26.3,3.837,0.09,787,-113,34.3,0,10.6,0.04,0.4,0.38,0,-0.03,54.3,12.8,21.3,3.891,90,2.1,-0.12,0.8,9.9,23.4,-5.4,4238,0.41,21.7,10,0.48,867,-2,12.9
12,7,17.3,11.3,3.94,0,818,-189,74.8,0,5,0.08,-0.01,0.51,2.67,0.15,55.9,11.8,4.7,4.189,100,3.28,0.2,-0.11,9.3,9.7,77,4239,0.31,7.1,4.9,1.61,4327,-1,5.6
"12,24",9,3.7,15.6,3.972,-0.27,804,-214,1.1,0,6.8,0.02,-0.58,0.25,0,0,56.1,12.5,9.2,4.028,100,0.03,0,0.09,9.8,11.6,-0.1,4100,0.26,10.6,6.6,0.01,15,-1,7.6
12,19.3,19.6,24.1,3.776,-2.07,1153,-170,51.5,56.3,15.3,0.65,-0.4,1.02,0.71,0.22,53.2,17,16.2,3.828,86,2.24,0.3,-0.05,14.5,23.9,44.4,4367,0.66,18,13.2,0.88,4265,-17,17.2
12,18.9,11.5,24.7,3.928,-0.34,856,-38,0.6,37.8,15.7,0.03,0.33,1.04,0.05,0.03,55.7,15.5,18.9,3.993,99,-0.86,0.42,0.92,14.2,25.9,0,-1780,0.66,18.9,14.8,0.04,-2004,22,16.2
12,17.4,3.2,24.4,3.789,0.59,798,-90,-6.7,1.8,13.6,0.09,0.72,0.29,0,0,54.5,16.7,16.2,3.879,87,0,-0.07,0.91,14.5,25.8,0.6,1708,0.44,17.8,12.8,1.72,546,-42,14.5
12,17.4,23.2,24.1,3.766,0.59,891,-230,-105.6,11.8,13.6,0.55,0.72,1.16,4.12,0.14,53.2,16.8,16.2,3.82,87,3.58,0.35,0.91,14.5,25.8,-5.9,1930,0.44,18.9,12.8,3.06,2485,3,14.5
"12,21",35.7,101.2,41.7,3.551,-0.1,808,-34,-1.9,9.6,27.7,0.44,0.02,0.88,0.01,0.09,49.7,20.2,34.2,3.571,50,-0.02,0.05,-0.17,18,46.4,115.6,3725,0.35,35.5,23.4,1.76,3245,2,30.4
12,14.8,3,20.9,3.953,0,808,-113,26.5,39.5,13.1,0.05,0,0.47,1.74,0.07,55.5,15.7,13.4,3.983,96,3.34,0.32,0,13.6,21.3,62.1,4184,0,15.8,12.2,0.92,4339,-1,13.7
12,14.5,66.5,23.3,3.916,-0.25,1325,-53,-0.1,0,13.5,0.07,-0.68,0.61,0.8,-0.06,55.7,15.9,15.4,3.997,92,1.78,0.19,-0.71,13.9,21.5,17.3,3749,0.53,18.2,13,1.84,-17,-3,13.4
12,15.4,9.5,30.3,3.793,-0.61,825,-94,-13,0,15.3,0.03,0.02,0.38,0.09,-0.15,53.5,16.6,18.9,3.853,82,-0.84,-0.08,-0.37,14.6,23.1,-8,1543,0.35,21.7,14.4,-1.49,1578,-2,15.7
"12,24",17,5.7,32,3.78,0.1,804,-40,-0.1,0,16.4,0.02,0.12,0.23,-0.51,0.08,53.8,17,20.9,3.882,81,0.81,0.28,0.69,15,24.4,41.5,-105,0.32,24.1,15,0.8,4315,0,16.9
12,17,5.7,32.5,3.793,0.1,806,-82,-5.9,-0.7,16.4,0.05,0.12,0.37,0.47,0,53.9,17,21.7,3.893,81,2.85,0,0.69,15,24.4,0,4245,0.32,24.4,15,0.83,4388,2,16.9
12,15,31,28.4,3.635,0.23,810,-149,-10.4,77.5,14.9,0.07,0.22,0.29,3.48,-0.03,51.6,16.9,16.2,3.714,68,3.59,0.39,0.42,14.8,19.9,119.5,4164,2.93,19.5,14.7,-0.73,3978,3,15
"12,24",17.8,8.2,33.2,3.643,0.24,812,-99,-81.1,0,16.9,0.02,0.31,0.26,1.04,0.05,51.5,17.7,22.3,3.671,65,0.02,0.28,0.54,15.7,22.9,16.1,4292,0.57,23.9,16.8,0.89,4430,-1,17.5
12,18,-0.8,34.8,3.622,0.24,808,-94,0,36.7,17.3,0.02,0.31,0.39,0.02,0.01,51.3,17.7,23.1,3.68,64,3.16,0.23,0.54,15.7,23.1,42.7,4268,0.57,24.4,16.8,0.23,4448,0,17.5
"21,24",18.3,11.5,37.1,3.611,0,804,-41,0.8,15.6,17.7,0.04,-0.03,0.36,2.35,0.03,51.5,18,26.4,3.649,63,0,0.35,0.74,15.9,23.1,83.1,4384,0.43,26.5,17.8,0.32,3261,11,19
"12,21",19.4,4.5,37.5,3.583,0.12,808,-90,49.5,5.6,19.6,0.02,0.24,0.4,2.42,0.1,50.6,17.7,24.3,3.669,59,-1.55,0,0.59,15.8,24.4,0.4,4048,0.3,25.1,18.7,0.01,4249,-12,19.7
12,19.8,3,38.5,3.604,-0.1,841,-21,10.3,11.6,19.8,0.02,-0.11,0.38,1.4,0.02,51,17.8,25.8,3.66,58,3.46,0.04,-0.52,15.9,24.4,14.3,2385,0.5,26.9,19.4,-0.68,1786,0,20.2
"64,65",18,0,17.5,4.119,0,0,-1,0,0,18.2,0,0,0,0,0,57.8,16.9,17.5,4.135,100,0,0,0,15.4,9.4,0,9,0,19,20.4,0,6,-1,18.5
"64,65",18.2,0,17.5,4.116,0,0,-3,0,0,15.5,0,0,0,0,0,57.7,16.9,17.5,4.131,100,0,0,0,15.5,10.6,0,0,0,20.3,17.9,0,-3,0,16.1
"64,65",18.6,0,17.5,4.126,0,0,8,0,0,15.9,0,0,0,0,0,57.9,17,17.5,4.14,100,0,0,0,15.5,10.6,0,-3,0,20.3,18.2,0,4,-1,16.5
"64,65",19.1,0,17.5,4.135,0,0,8,0,0,16.3,0,0,0,0,0,58,17,17.5,4.149,100,0,0,0,15.5,10.6,0,3,0,20.3,18.5,0,7,-1,17
"64,65",19.5,0,17.6,4.134,0,0,5,0,0,16.8,0,0,0,0,0,58,17.1,17.5,4.148,100,0,0,0,15.6,10.6,0,-1,0,20.3,18.9,0,0,-1,17.4
"64,65",19.9,0,17.5,4.127,0,0,0,0,0,17.2,0,0,0,0,0,57.9,17.1,17.7,4.141,100,0,0,0,15.6,10.6,0,2,0,20.3,19.1,0,7,-1,17.8
"64,65",20.3,0,17.5,4.135,0,0,4,0,0,17.5,0,0,0,0,0,58,17.1,17.7,4.149,100,0,0,0,15.7,10.6,0,0,0,20.3,19.5,0,3,-1,18.2
"64,65",20.6,0,17.5,4.126,0,0,0,0,0,17.9,0,0,0,0,0,57.9,17.2,18,4.14,100,0,0,0,15.7,10.6,0,3,0,20.3,19.8,0,6,-1,18.6
"64,65",20.8,0,17.5,4.128,0,0,0,0,0,18.3,0,0,0,0,0,57.9,17.2,18.1,4.142,100,0,0,0,15.8,10.6,0,-3,0,20.3,20,0,-7,-1,19
"64,65",21.2,0,17.5,4.135,0,0,5,0,0,18.7,0,0,0,0,0,58,17.3,18.6,4.149,100,0,0,0,15.8,10.7,0,3,0,20.3,20.4,0,0,-1,19.4
"64,65",21.4,0,17.5,4.126,0,0,0,0,0,19.1,0,0,0,0,0,57.9,17.4,18.7,4.141,100,0,0,0,15.9,10.8,0,-3,0,20.4,20.6,0,-7,-1,19.7
"64,65",21.7,0,17.5,4.129,0,0,0,0,0,19.4,0,0,0,0,0,57.9,17.4,18.8,4.144,100,0,0,0,15.9,11.3,0,0,0,20.4,20.8,0,0,-1,20
"53,54,56,66",27.9,0,31.4,3.885,,-6,-1,,0,,0,0,0,0,,54.5,26.7,,3.906,79,,,,25.5,27.2,,,0,,28.1,,,-14,
"53,54,56,59,62,66",27.9,0,31.4,3.885,,-7,0,,0,,0,0,0,0,,54.5,26.8,,3.906,79,,,,25.5,27.2,,,0,,28.1,,,-14,
"53,54,56,58,59,62,66",27.9,0,31.4,3.885,,0,0,,0,,0,0,0,0,,54.5,26.8,,3.906,79,,,,25.5,27.2,,,0,,28.1,,,-13,
"53,54,56,58,59,62,66",28,0,32.8,3.885,,0,0,,0,,0,0,0,0,,54.5,26.8,,3.905,79,,,,25.5,28.3,,,0,,28.1,,,-14,
"53,54,56,59,62,66",,,,,,,,,,,,,,,,,,,,,,,,,,,,,,,,,,
"53,54,56,58,59,62,66",28,0,32.8,3.885,,-3,0,,0,,0,0,0,0,,54.5,26.9,,3.905,79,,,,25.5,28.3,,,0,,28.1,,,-14,
"53,54,56,59,62,66",,,,,,,,,,,,,,,,,,,,,,,,,,,,,,,,,,
"53,54,56,58,59,62,66",,,,,,,,,,,,,,,,,,,,,,,,,,,,,,,,,,
"53,54,56,59,62,66",28,0,32.8,3.885,,0,0,,0,,0,0,0,0,,54.5,26.9,,3.905,79,,,,25.5,28.3,,,0,,28.1,,,-14,
"53,54,56,58,59,62,66",28,0,32.8,3.884,,0,0,,0,,0,0,0,0,,54.5,26.9,,3.905,79,,,,25.5,28.3,,,0,,28.1,,,-13,
"53,54,56,59,62,66",,,,,,,,,,,,,,,,,,,,,,,,,,,,,,,,,,
"53,54,56,58,59,62,66",,,,,,,,,,,,,,,,,,,,,,,,,,,,,,,,,,
"53,54,56,59,62,66",28,0,32.8,3.884,,0,0,,0,,0,0,0,0,,54.5,26.9,,3.905,79,,,,25.5,28.6,,,0,,28.1,,,-14,
"53,54,56,58,59,62,66",28,0,32.8,3.884,,0,0,,0,,0,0,0,0,,54.5,26.9,,3.905,79,,,,25.5,28.6,,,0,,28.1,,,-14,
"53,54,56,59,62,66",28.1,0,32.8,3.885,,0,0,,0,,0,0,0,0,,54.5,26.9,,3.905,79,,,,25.5,30,,,0,,28.1,,,-14,
"53,54,56,59,62,66",28.3,0,32.8,3.883,,7,0,,0,,0,0,0,0,,54.5,26.9,,3.904,79,,,,25.5,28.6,,,0,,28.4,,,-14,
"53,54,56,62,66",,,,,,,,,,,,,,,,,,,,,,,,,,,,,,,,,,
"54,56,64,66",28.5,0,32.8,3.883,,0,0,,0,,0,0,0,0,,54.5,26.9,30,3.904,79,0,0,0,25.5,28.6,0,,0,,28.5,,-5,-14,26.2
"54,56,62,64,66",28.5,0,32.8,3.883,,0,0,,0,,0,0,0,0,,54.5,26.9,30,3.903,79,0,0,0,25.5,28.6,0,,0,,28.5,,0,-13,26.2
"54,55,56,62,64,66",28.5,0,32.8,3.883,,0,0,,0,,0,0,0,0,,54.5,27,30,3.903,79,0,0,0,25.5,28.6,0,,0,,28.5,,3,-13,26.3
"52,54,55,56,62,64,66",,,,,,,,,,,,,,,,,,,,,,,,,,,,,,,,,,
"52,54,56,62,64,66",,,,,,,,,,,,,,,,,,,,,,,,,,,,,,,,,,
"54,56,64,66",28.6,0,32.9,3.883,,0,0,,0,,0,0,0,0,,54.5,27,30,3.903,79,0,0,0,25.5,28.6,0,,0,,28.6,,2,-14,26.4
"54,56,62,64,66",28.6,0,32.9,3.882,,0,0,,0,,0,0,0,0,,54.5,27,30,3.903,79,0,0,0,25.5,28.6,0,,0,,28.6,,-3,-14,26.4
"54,56,64,66",,,,,,,,,,,,,,,,,,,,,,,,,,,,,,,,,,
"54,56,62,64,66",,,,,,,,,,,,,,,,,,,,,,,,,,,,,,,,,,
"54,56,62,64,66",28.8,0,32.9,3.882,,0,0,,0,,0,0,0,0,,54.5,27.1,30,3.902,79,0,0,0,25.5,28.6,0,,0,,28.7,,3,-14,26.6
"54,56,64,66",28.8,0,32.9,3.882,,0,0,,0,,0,0,0,0,,54.5,27,30,3.903,79,0,0,0,25.5,28.6,0,,0,,28.7,,0,-15,26.6
"54,56,62,64,66",,,,,,,,,,,,,,,,,,,,,,,,,,,,,,,,,,
"54,56,62,64,66",28.9,0,32.9,3.881,,0,0,,0,,0,0,0,0,,54.5,27.1,30,3.901,79,0,0,0,25.5,28.6,0,,0,,28.9,,-3,-15,26.8
62,,,,,,,,,,,,,,,,,,,,,,,,,,,,,,,,,,
"54,56,64,66",,,,,,,,,,,,,,,,,,,,,,,,,,,,,,,,,,
"54,56,62,64,66",,,,,,,,,,,,,,,,,,,,,,,,,,,,,,,,,,
"54,56,62,64,66",29.3,0,33.4,3.88,,0,0,,0,,0,0,0,0,,54.5,27.1,30,3.9,79,0,0,0,25.6,28.6,0,,0,,29.2,,-2,-15,27.1
"54,56,64,66",29.4,0,32.8,3.88,,0,0,,0,,0,0,0,0,,54.5,27.1,30,3.9,79,0,0,0,25.6,28.6,0,,0,,29.2,,0,-15,27.1
"54,56,62,64,66",29.4,0,32.8,3.88,,0,0,,0,,0,0,0,0,,54.5,27.1,30,3.9,79,0,0,0,25.6,28.6,0,,0,,29.2,,0,-15,27.1
"54,56,64,66",29.4,0,32.8,3.879,,0,0,,0,,0,0,0,0,,54.5,27.2,30,3.901,79,0,0,0,25.6,28.6,0,,0,,29.2,,-5,-15,27.1
"54,56,64,66",29.4,0,32.8,3.879,,0,0,,0,,0,0,0,0,,54.5,27.1,30,3.9,79,0,0,0,25.6,28.6,0,,0,,29.3,,0,-15,27.1
"54,56,62,64,66",,,,,,,,,,,,,,,,,,,,,,,,,,,,,,,,,,
"54,62,66",29.4,0,32.8,3.879,,0,0,,0,,0,0,0,0,,54.5,27.2,30,3.901,79,0,0,0,25.6,28.6,0,,0,,29.3,,0,-15,27.1
"54,56,64,66",29.4,0,32.8,3.879,,0,0,,0,,0,0,0,0,,54.5,27.1,30,3.9,79,0,0,0,25.6,28.6,0,,0,,29.3,,0,-15,27.1
"54,56,62,64,66",29.4,0,32.8,3.88,,0,0,,0,,0,0,0,0,,54.5,27.1,30,3.9,79,0,0,0,25.6,28.6,0,,0,,29.3,,0,-15,27.1
"54,56,62,64,66",29.3,0,32.8,3.879,,0,0,,0,,0,0,0,0,,54.5,27.1,30,3.9,79,0,0,0,25.6,28.6,0,,0,,29.2,,0,-15,27.1
"54,56,64,66",29.3,0,32.9,3.879,,0,0,,0,,0,0,0,0,,54.5,27.1,29.7,3.9,79,0,0,0,25.6,28.6,0,,0,,29.2,,0,-15,27.1
"54,56,62,64,66",29.3,0,32.9,3.879,,0,0,,0,,0,0,0,0,,54.5,27.1,29.7,3.9,79,0,0,0,25.6,28.6,0,,0,,29.2,,5,-15,27.1
"54,56,64,66",29.3,0,32.8,3.879,,0,0,,0,,0,0,0,0,,54.5,27.1,29.6,3.9,79,0,0,0,25.6,28.6,0,,0,,29.2,,-7,-14,27.1
"54,56,62,64,66",29.3,0,32.8,3.879,,-7,0,,0,,0,0,0,0,,54.5,27.1,29.6,3.9,79,0,0,0,25.6,28.6,0,,0,,29.2,,0,-15,27.1
"54,56,64,66",,,,,,,,,,,,,,,,,,,,,,,,,,,,,,,,,,
"54,56,64,66",29.3,0,32.8,3.879,,0,0,,0,,0,0,0,0,,54.5,27.1,29.6,3.9,79,0,0,0,25.6,28.6,0,,0,,29.2,,-2,-15,27
"54,56,62,64,66",,,,,,,,,,,,,,,,,,,,,,,,,,,,,,,,,,
"54,56,62,64,66",29.2,0,32.9,3.878,,-3,0,,0,,0,0,0,0,,54.5,27.2,30,3.899,79,0,0,0,25.6,28.6,0,,0,,29.2,,7,-15,27
"54,62",,,,,,,,,,,,,,,,,,,,,,,,,,,,,,,,,,
"54,56,64,66",29.2,0,32.8,3.878,,-3,0,,0,,0,0,0,0,,54.5,27.2,30,3.899,79,0,0,0,25.6,28.6,0,,0,,29.2,,0,-15,27
"54,56,62,64,66",29.2,0,32.8,3.877,,3,0,,0,,0,0,0,0,,54.5,27.2,30,3.898,78,0,0,0,25.6,28.6,0,,0,,29.2,,0,-14,27
"54,56,62,64,66",29.3,0,32.9,3.877,,-3,0,,0,,0,0,0,0,,54.5,27.2,30,3.898,78,0,0,0,25.6,28.6,0,,0,,29.2,,-3,-14,27
"54,56,62,64,66",20.6,0,25.8,3.875,,9,0,,0,,0,0,0,0,,54.4,21.9,21.7,3.896,77,0,0,0,21.3,20.3,0,,0,,20.8,,0,-15,18.5
"54,56,64,66",20.6,0,25.8,3.875,,7,0,,0,,0,0,0,0,,54.4,21.9,21.7,3.896,77,0,0,0,21.3,21.3,0,,0,,20.8,,-7,-15,18.5
"54,56,62,64,66",20.6,0,25.8,3.875,,-7,0,,0,,0,0,0,0,,54.4,21.9,21.7,3.896,77,0,0,0,21.3,21.3,0,,0,,20.8,,0,-14,18.5
"54,56",,,,,,,,,,,,,,,,,,,,,,,,,,,,,,,,,,
"54,56,62,64,66",20.7,0,26.3,3.871,,0,0,,0,,0,0,0,0,,54.3,22.1,23.1,3.892,77,0,0,0,21.2,21.6,0,,0,,21.5,,-3,-15,19.5
"54,56,62,64,66",21.7,0,27.2,3.87,,0,0,,0,,0,0,0,0,,54.3,22.1,23.1,3.89,77,0,0,0,21.2,21.7,0,,0,,21.8,,3,-15,19.9
"54,56,62,64,66",22.1,0,27.2,3.869,,-3,0,,0,,0,0,0,0,,54.3,22.1,23.1,3.89,77,0,0,0,21.2,21.7,0,,0,,22.1,,-3,-15,20.3
"54,56,59,62,64,66",22.2,0,27.2,3.868,,0,0,,0,,0,0,0,0,,54.3,22.2,23.1,3.89,77,0,0,0,21.2,21.7,0,,0,,22.2,,0,-15,20.4
"53,54,56,62,66",22.3,0,27.2,3.868,,7,0,,0,,0,0,0,0,,54.3,22.2,23.1,3.89,77,0,0,0,21.2,21.7,0,,0,,22.2,,0,-15,20.4
"53,54,56,62,64,66",22.3,0,27.2,3.868,,0,0,,0,,0,0,0,0,,54.3,22.2,190.1,3.889,77,0,0,0,21.2,21.7,0,,0,,22.2,,7,-15,20.5
"53,54,56,59,62,64,66",22.3,0,27.2,3.868,,0,0,,0,,0,0,0,0,,54.3,22.2,24.8,3.89,77,0,0,0,21.2,21.8,0,,0,,22.3,,5,-15,20.5
"53,54,56,59,62,64,66",22.4,0,27.2,3.868,,0,0,,0,,0,0,0,0,,54.3,22.2,23.1,3.89,77,0,0,0,21.2,21.7,0,,0,,22.3,,0,-15,20.5
"53,54,56,62,64,66",22.4,0,27.2,3.868,,7,0,,0,,0,0,0,0,,54.3,22.2,23.1,3.889,77,0,0,0,21.2,21.7,0,,0,,22.3,,0,-15,20.5
"53,54,56,62,66",22.5,0,27.2,3.868,,7,0,,0,,0,0,0,0,,54.3,22.2,23.1,3.889,77,0,0,0,21.2,21.7,0,,0,,22.4,,-3,-15,20.6
"53,56,62,66",,,,,,,,,,,,,,,,,,,,,,,,,,,,,,,,,,
"53,54,56,66",22.5,0,27.2,3.868,,0,0,,0,,0,0,0,0,,54.3,22.1,23.1,3.89,77,0,0,0,21.2,21.7,0,,0,,22.4,,0,-15,20.6
"53,54,56,59,62,66",22.5,0,27.2,3.868,,-3,0,,0,,0,0,0,0,,54.3,22.1,23.1,3.89,77,0,0,0,21.2,21.7,0,,0,,22.4,,0,-15,20.6
"53,54,56,66",22.5,0,25.8,3.868,,0,0,,0,,0,0,0,0,,54.3,22.1,23.1,3.89,77,0,0,0,21.2,20.3,0,,0,,22.4,,0,-15,20.6
"53,54,56,59,62,66",22.5,0,25.8,3.868,,0,0,,0,,0,0,0,0,,54.3,22.1,23.1,3.89,77,0,0,0,21.2,20.3,0,,0,,22.4,,0,-15,20.6
"53,54,56,66",22.4,0,25.8,3.868,,0,0,,0,,0,0,0,0,,54.3,22.1,23.1,3.89,77,0,0,0,21.2,21.3,0,,0,,22.4,,0,-15,20.6
"53,54,56,59,62,66",22.4,0,25.8,3.868,,-3,0,,0,,0,0,0,0,,54.3,22.1,0,3.89,77,0,0,0,21.2,21.3,0,,0,,22.4,,0,-15,20.6
"51,56",19.3,0,14.3,3.856,0,0,0,0,0,8.4,0.01,0,0.09,0,0,54,9.1,12,3.873,90,0,0,0,6.7,21,0,0,0.09,12,5.5,0,0,90,9.9
"51,56",17.7,26.7,23.1,3.862,0,0,-3,0,0,13.6,0.1,0,0.88,0,0,54.1,13.5,17.5,3.876,91,0,0,0,11.9,14.5,0,-1,1.17,16.2,12.5,0,0,90,14.3
"51,56",,,,,,,,,,,,,,,,,,,,,,,,,,,,,,,,,,
"51,56",,,,,,,,,,,,,,,,,,,,,,,,,,,,,,,,,,
"51,56",,,,,,,,,,,,,,,,,,,,,,,,,,,,,,,,,,
"51,56",,,,,,,,,,,,,,,,,,,,,,,,,,,,,,,,,,
"51,56",14.5,8.9,18.1,3.659,0,0,-18,0,0,10.8,0.04,0,1.16,0,0,51.3,13.4,14,3.673,56,0,0,0,11.7,10.6,0,0,0.43,12,10.6,0,0,90,11.5
"51,56",,,,,,,,,,,,,,,,,,,,,,,,,,,,,,,,,,
"51,56",,,,,,,,,,,,,,,,,,,,,,,,,,,,,,,,,,
"51,56",23.6,22.3,24.8,3.592,1.8,221,-4,7.6,8.3,18.9,0.07,0.72,1.28,0,0,50.5,15.3,21.7,3.623,50,0,0,0.06,14.3,18.6,0,0,0.61,21.2,18.4,0,0,90,19.7
"51,56",,,,,,,,,,,,,,,,,,,,,,,,,,,,,,,,,,
"51,56",15.2,0,18.9,3.956,0,178,-32,0,0,11.3,0.09,0,1.14,0,0,55.4,14.9,14.8,3.971,95,0,0,0,12.7,12,0,0,0.62,13.4,10.4,0,0,90,12.3
"51,56",17.3,23,13.4,4.012,0,-5,-6,0,0,9.1,0.02,0,0.04,0,0,56.2,12.9,10.6,4.026,100,0,0,0,10.1,13.5,0,0,0,10.6,6.9,0,0,90,9.7
"51,56",,,,,,,,,,,,,,,,,,,,,,,,,,,,,,,,,,
17,,,,,,,,,,,,,,,,,,,,,,,,,,,,,,,,,,
17,,,,,,,,,,,,,,,,,,,,,,,,,,,,,,,,,,
92,8.3,40.9,19.2,3.87,,1282,-98,,15.1,,0.65,0,4.51,0,,55.1,10.9,,3.941,84,,,,9,19,,,0.56,,9.8,,,5,
"39,56,65,66",-0.4,0,-3.2,3.686,0,0,0,0,0,-1.3,0,0,0,0,0,51.7,-1.6,1,3.705,59,0,0,0,-3.7,-4.5,0,0,0,-8.7,-2.3,0,-6,10,-1.9
"39,56,64,65,66",,,,,,,,,,,,,,,,,,,,,,,,,,,,,,,,,,
"56,66",-0.6,0,0,3.688,0,0,0,0,0,-1.3,0,0,0,0,0,51.7,-1.6,1,3.706,59,0,0,0,-3.7,-4.5,0,0,0,-7.3,-2.3,0,-6,11,-1.7
"56,66",,,,,,,,,,,,,,,,,,,,,,,,,,,,,,,,,,
39,-0.3,0,-4.4,3.689,0,7,0,0,0,-0.3,0,0,0,0,0,51.7,-1.5,1.8,3.706,59,0,0,0,-3.5,-4.5,0,0,0,-7.7,-1.7,0,-1,10,-0.9
"39,56,64,65,66",,,,,,,,,,,,,,,,,,,,,,,,,,,,,,,,,,
"39,56,64,65",-0.2,0,-3.1,3.692,0,0,0,0,0,-0.2,0,0,0,0,0,51.7,-1.5,2.4,3.708,59,0,0,0,-3.5,-4.4,0,0,0,-7.3,-1.5,0,0,11,-0.8
"39,64,65",,,,,,,,,,,,,,,,,,,,,,,,,,,,,,,,,,
39,3.2,0,-0.6,3.681,0,0,0,0,0,1.2,0,0,0,0,0,51.6,-1.1,3.7,3.698,59,0,0,0,-3,1.4,0,0,0,-4.9,0,0,0,11,0.7
"39,64,65",3.2,0,-0.6,3.682,0,0,0,0,0,1.2,0,0,0,0,0,51.6,-1,3.7,3.698,59,0,0,0,-3,1.4,0,0,0,-4.9,0,0,0,11,0.7
"39,64,65",4.2,0,-0.4,3.682,0,7,0,0,0,1.4,0,0,0,0,0,51.6,-1,3.7,3.698,59,0,0,0,-2.9,1,0,0,0,-4.5,0.4,0,0,11,1
"64,65",4.2,0,-0.4,3.674,0,0,-9,0,0,1.4,0,0,0,0,0,51.5,-1,3.7,3.701,59,0,0,0,-2.9,1,0,0,0,-4.5,0.4,0,0,11,1
37,10,8.2,10.4,3.892,0,887,-34,0.2,-6.4,9.1,0.07,0,0.3,-0.44,0,55,3.2,6.4,3.941,94,0.01,0,0,1.4,7.8,0,-174,0,13,7.9,0,36,-1,9.3
37,14,4.2,12,3.838,0.77,834,-63,7.2,46.6,10.7,0.14,0.84,0.36,0.35,0.07,54.5,3.5,7.9,3.898,92,0.92,0.12,1.34,1.7,13.4,13.2,760,0.51,14.7,8.1,0.25,795,5,11.1
37,16,10.2,11.4,3.792,-0.06,826,-115,27.9,37.1,11.5,0.07,0.07,0.37,1.41,0.15,53.9,3.6,9.3,3.864,91,2.46,0.27,0.1,1.8,15.7,36.6,119,0.14,14.8,8.9,1.26,-1107,-1,12.3
37,4.3,51.6,4.7,3.817,0,1868,-54,10,13.4,4,0.04,0,0.36,0.06,0.02,53.8,1,3.7,3.867,88,0.02,0.02,0,-0.5,-0.5,10.6,-704,0,9.2,2.8,0.03,-1091,1,4.1
37,11,46,12.6,3.678,-0.11,2160,-98,-3.5,14.1,10,0.14,-0.01,7.64,0.07,0.02,52,4.6,8,3.765,78,0.02,0.04,0,2.6,7.9,12.3,-193,1.04,14.8,8.2,-0.01,-1265,-8,10.2
37,11,29.8,12,3.66,-0.11,1009,-134,7.5,14.8,10,0.03,-0.01,0.05,0.02,0.02,51.6,4.6,9.3,3.699,78,0,0,0,2.7,7.9,-0.1,-6,1.04,14.8,8.2,0.01,69,75,10.2
37,6.1,5.7,6.5,3.671,0,800,-89,8.5,23.7,3.5,0.02,0,0.18,0,0.06,51.7,3.1,5.1,3.703,68,0,0,0,1.4,3.7,0,-7,0,9.4,2,0,-166,84,3.8
37,8.7,7.7,4.9,3.61,0,788,-28,1,0.4,2,0.27,0,2.6,-0.08,0.05,51.1,-1.6,1.2,3.664,59,0,0,0,-3.6,10.6,0,325,0,9.3,-0.5,0.38,-325,63,2.7
37,20.3,7,17.8,3.89,0.5,800,-30,17.4,-4.4,18.3,0.07,-0.71,0.45,-1.37,0.14,54.9,10.1,18.8,3.932,93,0,0.02,0.52,8,15,13.6,-6,0.37,25.3,16.6,1.41,684,-11,17.9
37,17.9,0,20.3,3.936,0,806,-55,14.7,11,15.8,0.02,0,0.42,0.03,0.02,55.4,14.8,16.3,3.971,91,0.03,0.02,0,13.1,14.8,-10.1,-1458,0,23.1,14.3,0.02,-9,-12,15.7
37,17.9,0,21.3,3.944,0,802,-21,11.9,17.6,16,0.02,0,0.03,0.03,0.02,55.6,14.8,17.3,3.979,91,0.02,0.02,0,13.1,13.4,-13.8,5,0,23.1,14.4,0.02,21,-11,15.8
37,17.9,22.7,21.3,3.887,-0.04,2187,-77,32.4,0,16.4,0.04,-0.01,0.35,-0.74,0.22,54.8,14.8,17.1,3.922,91,0,0,-0.01,13.1,13.4,0,1570,0.42,23.1,14.4,0.65,-248,68,16.1
37,22.2,5.1,23.4,3.918,0,886,-9,13.5,-1.8,20.6,0.06,0,0.82,-0.6,0.05,55,16.4,21.7,3.937,88,0.25,0,0,14.6,17.2,0,1149,0,27.2,19.5,0.46,1434,-20,20.8
37,23.1,4.3,24.4,3.878,0.85,812,-37,22,-36.9,21.3,0.07,-0.69,0.86,-0.75,0.08,54.8,16.4,22.7,3.922,88,1.88,0.26,0.68,14.6,17.2,35.7,1680,0.24,28.2,20.3,0.59,1534,4,21.8
92,10.7,10.4,18.3,3.801,-0.01,0,-5,-6,0.2,8.6,0,-1.25,0,-0.01,0,53.4,16.2,10.2,3.822,79,0,0.01,-0.33,13.3,18.3,0.5,-68,1.15,10.1,9.9,0,-56,18,9.3
92,6.3,0,11.6,3.734,0,0,0,0,0,6.3,0,0,0,0,0,52.5,10.6,8.9,3.757,65,0,0,0,8.9,11.6,0,0,0,7.9,6.8,0,0,-9,7.1
92,6.6,0,12,3.735,0,0,0,0,0,6.4,0,0,0,0,0,52.5,10.6,9.3,3.757,65,0,0,0,8.9,12,0,-1,0,9.2,6.8,0,0,-9,7.3
92,9.4,0,9.3,3.717,0,0,0,0,0,5.5,0,0,0,0,0,52.3,9.3,6.5,3.74,66,0,0,0,7,16.2,0,-12,0,5.2,5.6,0,-18,0,6.3
92,10.5,11.1,10.6,4.048,0,0,-3,0,0,7.8,0,-0.83,0,0,0,56.9,14.8,10.2,4.073,100,0.01,0,-0.78,12.3,14.7,1.6,78,3.85,8.8,8.4,-0.01,105,-15,8.4
92,10.7,0,13.4,4.053,0,5,-1,-0.1,0.9,10.2,0,0,0,0,0,56.8,15,14.8,4.08,100,0,0,0,12.4,14.8,0,112,0,12,11,0,110,0,11.1
92,20.3,0,19,3.66,0,0,-58,0,0,17.8,0,0,0,0,0,51.4,17.1,21.7,3.679,57,0,0,0,16.4,23.2,0,111,0,20.3,18.6,0,87,7,18.9
92,14.8,3.6,12,3.821,0,9,-5,0,8.7,12.4,0,0,0,0,0,53.8,11.1,13.4,3.844,78,0,0,0,10.2,18.9,-0.1,-103,0,12.6,12.3,0,-107,0,13.3
92,18.2,-0.3,17.8,3.702,0,0,0,-0.1,0,13.3,0,0,0,0,0,52.1,15.4,14.6,3.725,65,0,0,0,13.2,25.8,0,57,0,13.4,13.5,0,58,0,15.1
92,15.2,17.7,16.6,3.638,-0.32,0,0,-0.2,8.5,12.4,0,-1.42,0,0,0,51.1,14.2,13.3,3.657,55,0,0,0.42,12.5,20.3,-0.4,152,0.87,13.4,12.9,0,26,-8,12.8
24,21.3,4,20.3,4.035,0,804,-99,-6.2,42.1,20.3,0.03,0,0.23,1.16,0.06,56.7,25.1,23.1,4.068,100,3.74,0.28,0,22.3,23.9,46.8,63,0,21.7,21.2,-0.73,8,1,21
"56,64,66",24.1,0,24.4,3.765,0,7,0,0,0,25,0,0,0,0,0,105.8,24.2,24.4,3.786,65,0,0,0,0,21.7,0,0,0,24.4,23.4,0,18,42,24.7
"56,66",24.1,0,24.4,3.763,0,0,0,0,0,25,0,0,0,0,0,105.8,24.2,24.4,3.786,65,0,0,0,23.3,21.7,0,0,0,24.4,23.4,0,18,43,24.7
"56,66",24.1,0,24.4,3.764,0,0,0,0,0,25,0,0,0,0,0,105.8,24.3,24.4,3.786,65,0,0,0,23.3,21.7,0,0,0,24.4,23.4,0,18,43,24.7
"56,64,66",24.3,0,24.4,3.761,0,0,0,0,0,25.2,0,0,0,0,0,105.8,24.3,24.4,3.783,65,0,0,0,23.3,21.8,0,0,0,24.4,23.6,0,72,43,24.7
"56,64,66",24.4,0,24.4,3.763,0,0,0,0,0,25.3,0,0,0,0,0,105.8,24.3,24.4,3.785,65,0,0,0,23.3,21.8,0,0,0,24.4,23.7,0,16,43,24.7
"56,66",24.7,0,24.4,3.763,0,0,0,0,0,25.6,0,0,0,0,0,105.8,24.3,24.4,3.784,65,0,0,0,23.3,21.7,0,2,0,24.4,23.9,0,5,43,25.9
"56,64,66",24.8,0,24.8,3.761,0,0,-1,0,0,25.7,0,0,0,0,0,105.7,24.3,24.4,3.783,65,0,0,0,23.3,21.7,0,3,0,24.4,24,0,696,43,25.8
"56,64,66",24.9,0,24.8,3.76,0,0,-1,0,0,25.8,0,0,0,0,0,105.7,24.3,24.4,3.782,65,0,0,0,23.3,21.7,0,-3,0,24.4,24.1,0,71,43,25.8
"56,64,66",25.4,0,25.2,3.758,0,0,0,0,0,26.3,0,0,0,0,0,105.6,24.4,24.4,3.779,65,0,0,0,23.3,22.2,0,0,0,24.4,24.4,0,17,42,25.8
"56,64,66",27.4,0,25.8,3.756,0,0,0,0,0,28.4,0,0,0,0,0,105.5,24.7,24,3.777,64,0,0,0,23.5,23.1,0,0,0,25.4,26.8,0,8,41,28
"56,66",27.4,0,25.8,3.756,0,-7,0,0,0,28.4,0,0,0,0,0,105.5,24.7,24,3.776,64,0,0,0,23.5,23.1,0,7,0,25.4,26.8,0,2,42,28
"56,64,66",27.5,0,25.8,3.742,0,0,0,0,0,28.5,0,0,0,0,0,105.5,24.7,24,3.775,64,0,0,0,23.5,23.1,0,0,0,25.8,26.9,0,18,42,28.1
"56,64",,,,,,,,,,,,,,,,,,,,,,,,,,,,,,,,,,
"56,66",28,0,25.8,3.755,0,6,0,0,0,29.2,0,0,0,0,0,105.5,24.8,26.2,3.776,64,0,0,0,23.5,23.1,0,-3,0,25.8,27.4,0,22,42,29.3
"53,56,66",28.4,0,25.8,3.753,0,0,0,0,0,29.4,0,0,0,0,0,105.4,24.8,28.6,3.773,64,0,0,0,23.6,23.1,0,0,0,25.8,27.6,0,0,42,30.9
"53,56,64,66",,,,,,,,,,,,,,,,,,,,,,,,,,,,,,,,,,
"53,56,59,64,66",28.4,0,25.8,3.754,0,0,0,0,0,29.4,0,0,0,0,0,105.5,24.8,28.6,3.774,64,0,0,0,23.6,23.1,0,0,0,25.8,27.6,0,-3,42,30.9
"53,56,59,64,66",28.5,0,25.8,3.754,0,0,0,0,0,29.5,0,0,0,0,0,105.5,24.8,28.6,3.774,64,0,0,0,23.6,23.1,0,-10,0,25.8,27.7,0,0,42,30.8
"53,56,64,66",28.5,0,25.8,3.755,0,0,0,0,0,29.5,0,0,0,0,0,105.5,24.8,28.6,3.774,64,0,0,0,23.6,23.1,0,3,0,25.8,27.7,0,3,42,30.8
"56,64,66",28.7,0,25.8,3.754,0,6,0,0,0,29.6,0,0,0,0,0,105.5,24.9,25.9,3.775,64,0,0,0,0,23.1,0,0,0,25.8,27.8,0,4,42,30.5
"56,66",28.7,0,25.8,3.754,0,-6,0,0,0,29.6,0,0,0,0,0,105.5,24.9,25.9,3.774,64,0,0,0,23.6,23.1,0,6,0,25.8,27.8,0,15,42,30.5
"56,64,66",28.7,0,25.8,3.752,0,-7,-1,0,0,29.7,0,0,0,0,0,105.4,24.9,25.9,3.772,64,0,0,0,23.6,23.9,0,0,0,25.8,27.8,0,696,42,30.5
"56,64,66",28.8,0,25.9,3.748,0,0,0,0,0,29.8,0,0,0,0,0,105.4,24.9,25.9,3.773,64,0,0,0,23.6,24.1,0,0,0,25.8,27.9,0,18,42,30.5
"56,64,66",28.8,0,25.9,3.753,0,-7,0,0,0,29.8,0,0,0,0,0,105.4,24.9,25.9,3.773,64,0,0,0,23.6,24.2,0,-3,0,25.8,27.9,0,13,42,30.5
"53,56,59,64,66",28.1,0,25.9,3.754,0,0,0,0,0,29.3,0,0,0,0,0,105.4,25.1,28.6,3.773,64,0,0,0,23.9,23.2,0,0,0,23.8,28.1,0,0,42,31
"53,56,59,66",28.3,0,26.3,3.754,0,6,0,0,0,29.3,0,0,0,0,0,105.4,25.1,27.2,3.773,64,0,0,0,23.9,24.2,0,0,0,25.9,27.8,0,0,41,28.9
"53,56,64,66",28.3,0,26.3,3.753,0,7,0,0,0,29.3,0,0,0,0,0,105.4,25.1,27.2,3.773,64,0,0,0,23.9,24.2,0,0,0,25.9,27.8,0,0,42,28.9
"53,64,66",,,,,,,,,,,,,,,,,,,,,,,,,,,,,,,,,,
"56,66",28.4,0,25.8,3.753,0,-7,0,0,0,29.4,0,0,0,0,0,105.4,25.1,25.1,3.773,64,0,0,0,23.9,24.4,0,0,0,26.8,27.8,0,18,41,28.9
"56,64,66",28.4,0,25.8,3.753,0,0,0,0,0,29.4,0,0,0,0,0,105.4,25.1,25.1,3.773,64,0,0,0,23.9,24.4,0,3,0,26.8,27.8,0,18,42,28.9
"56,64,66",28.5,0,26.7,3.752,0,9,-1,0,0,29.5,0,0,0,0,0,105.4,25.1,25.1,3.771,64,0,0,0,23.9,24.4,0,0,0,27.2,28,0,695,41,29
"56,59,64,66",20.6,0,23,3.737,0,-6,0,0,0,21.4,0,0,0,0,0,104.9,20.7,19.3,3.755,62,0,0,0,19.7,19.9,0,0,0,23.1,20.2,0,0,14,21.1
"53,56,66",23.5,0,23.1,3.736,0,9,0,0,0,24.5,0,0,0,0,0,104.9,20.7,23,3.755,62,0,0,0,19.8,20.3,0,0,0,23.1,23.1,0,0,14,24.1
"53,56,64,66",23.5,0,23.1,3.736,0,9,0,0,0,24.5,0,0,0,0,0,104.9,20.7,23,3.754,62,0,0,0,19.8,20.3,0,0,0,23.1,23.1,0,0,14,24.1
"56,62,64,66",25,0,23.4,3.733,0,3,0,0,0,26,0,0,0,0,0,104.8,21,23.1,3.752,61,0,0,0,19.9,21.6,0,0,0,24.4,24.5,0,0,14,25.7
"54,56,64,65,66",25.1,0,23.5,3.733,0,3,0,0,0,26,0,0,0,0,0,104.8,21,23.1,3.751,61,0,0,0,19.9,21.6,0,0,0,24.1,24.5,0,0,14,25.8
"54,65,66",,,,,,,,,,,,,,,,,,,,,,,,,,,,,,,,,,
"64,65",25.2,0,23.1,3.733,0,3,0,0,0,26.2,0,0,0,0,0,104.8,21,24.4,3.751,61,0,0,0,19.9,21.7,0,1,0,24.4,24.7,0,0,14,25.9
"64,65",25.2,0,23.4,3.733,0,3,0,0,0,26.2,0,0,0,0,0,104.8,21,24.1,3.751,61,0,0,0,19.9,21.7,0,0,0,24.4,24.8,0,0,14,25.9
"56,59,64,65,66",25.3,0,23.8,3.732,0,-3,0,0,0,26.3,0,0,0,0,0,104.8,21.1,24.4,3.751,61,0,0,0,19.9,21.7,0,0,0,24.4,24.9,0,1,14,26.1
"59,64,65",26.1,0,24.1,3.733,0,3,0,0,0,26.5,0,0,0,0,0,104.8,21.1,24.4,3.751,61,0,0,0,19.9,23.2,0,0,0,24.4,24.9,0,1,14,26.1
"56,59,64,65,66",26.1,0,24.1,3.732,0,0,0,0,0,26.5,0,0,0,0,0,104.8,21.1,24.4,3.75,61,0,0,0,19.9,24.1,0,0,0,24.4,24.9,0,1,14,26.1
"56,59,66",,,,,,,,,,,,,,,,,,,,,,,,,,,,,,,,,,
"53,56,65,66",25.4,0,23.1,3.732,0,0,0,0,0,26.5,0,0,0,0,0,104.8,21.1,24.4,3.75,61,0,0,0,19.9,24.4,0,0,0,24.4,24.9,0,1,13,26.1
"53,56,59,65,66",25.4,0,23.1,3.733,0,-7,0,0,0,26.5,0,0,0,0,0,104.8,21.1,24.4,3.75,61,0,0,0,19.9,24.4,0,7,0,24.4,24.9,0,1,14,26.1
"53,56,59,65,66",26.2,0,23.2,3.732,0,-7,0,0,0,26.5,0,0,0,0,0,104.8,21.1,24.4,3.75,61,0,0,0,19.9,24.4,0,-6,0,24.3,25,0,1,14,26.1
"56,65,66",25.5,0,23.4,3.732,0,0,0,0,0,26.5,0,0,0,0,0,104.8,21.1,24.4,3.75,61,0,0,0,20,23.5,0,0,0,24.4,25,0,1,13,26.1
"53,56,65,66",26.3,0,24.2,3.732,0,0,0,0,0,26.6,0,0,0,0,0,104.8,21.1,24.4,3.75,61,0,0,0,20,23.8,0,6,0,24.4,25,0,1,14,26.1
"53,56,59,65,66",26.3,0,24.2,3.732,0,0,0,0,0,26.6,0,0,0,0,0,104.8,21.1,24.4,3.75,61,0,0,0,20,23.9,0,0,0,24.4,25,0,1,13,26.1
"53,56,65,66",26.3,0,24.3,3.732,0,0,0,0,0,26.7,0,0,0,0,0,104.8,21.1,24.4,3.75,61,0,0,0,20,24.4,0,7,0,24.4,25.1,0,1,12,26.1
"53,56,59,65,66",26.3,0,24.3,3.732,0,0,0,0,0,26.7,0,0,0,0,0,104.8,21.1,24.4,3.75,61,0,0,0,20,24.4,0,0,0,24.4,25.1,0,1,11,26.1
"53,56,59,65,66",25.7,0,24.1,3.732,0,0,0,0,0,26.7,0,0,0,0,0,104.8,21.2,24.4,3.75,61,0,0,0,20,24.4,0,6,0,24.4,25.1,0,1,12,26.1
"53,59,65,66",26.5,0,24.3,3.732,0,0,0,0,0,26.7,0,0,0,0,0,104.8,21.2,24.4,3.75,61,0,0,0,20,24.4,0,2,0,24.4,25.2,0,1,12,26.1
"52,53,56,59,65,66",26.5,0,24.3,3.732,0,3,0,0,0,26.7,0,0,0,0,0,104.8,21.2,24.4,3.749,61,0,0,0,20,24.4,0,0,0,24.4,25.2,0,1,12,26.1
"53,56,59,65,66",25.8,0,24.3,3.732,0,-3,0,0,0,26.7,0,0,0,0,0,104.8,21.2,24.4,3.75,61,0,0,0,20,24.4,0,6,0,24.4,25.2,0,1,12,26.1
"52,53,56,59,65,66",25.8,0,24.3,3.732,0,3,0,0,0,26.7,0,0,0,0,0,104.8,21.2,24.4,3.75,61,0,0,0,20,24.4,0,7,0,24.4,25.2,0,1,11,26.1
"53,56,59,65,66",25.8,0,24.3,3.732,0,3,0,0,0,26.7,0,0,0,0,0,104.8,21.2,24.4,3.75,61,0,0,0,20,24.4,0,0,0,24.4,25.2,0,1,12,26.1
"52,53,56,59,65,66",25.8,0,24.3,3.731,0,7,0,0,0,26.7,0,0,0,0,0,104.8,21.2,24.4,3.75,61,0,0,0,20,24.4,0,-7,0,24.4,25.2,0,1,12,26.1
"53,56,59,65,66",25.8,0,24.3,3.732,0,-7,0,0,0,26.7,0,0,0,0,0,104.8,21.2,24.4,3.75,61,0,0,0,20,24.4,0,0,0,24.4,25.2,0,1,12,26.1
"53,56,59,65,66",,,,,,,,,,,,,,,,,,,,,,,,,,,,,,,,,,
"53,56,65,66",25.8,0,23.8,3.732,0,0,0,0,0,26.8,0,0,0,0,0,104.7,21.2,24.4,3.749,61,0,0,0,20,24.4,0,-6,0,24.4,25.2,0,1,12,26.1
"53,56,59,65,66",25.8,0,23.8,3.732,0,-6,0,0,0,26.8,0,0,0,0,0,104.8,21.2,24.4,3.75,61,0,0,0,20,24.4,0,0,0,24.4,25.2,0,1,12,26.1
"53,56,59,65,66",26.6,0,24.2,3.732,0,-7,0,0,0,26.8,0,0,0,0,0,104.8,21.2,24.4,3.75,61,0,0,0,20,24.4,0,0,0,24.4,25.3,0,1,12,26.1
"53,56,65,66",25.9,0,24.4,3.732,0,-3,0,0,0,26.8,0,0,0,0,0,104.7,21.2,24.4,3.749,61,0,0,0,20,21.7,0,0,0,24.4,25.3,0,6,12,26.1
"51,56",11,20.2,13.2,3.78,0.07,-3,-5,0,-0.1,8.7,0.02,-0.01,1.04,0,0,53.2,11.1,13.3,3.81,71,0,0,0.04,9.5,15.3,0,0,3.95,13.3,8.1,0,-1,90,8.6
"51,56",,,,,,,,,,,,,,,,,,,,,,,,,,,,,,,,,,
"51,56",19.8,21.1,18.7,3.834,0,1432,-10,0,0,15.2,0.02,0,0.02,0,0,54.1,13.4,19.2,3.868,88,0,0,0,12.5,23.1,0,-1,0,20.3,14,0,0,90,15.6
"51,56",20.7,22.2,16.2,3.77,0,18,-1,0,0,14.5,0.02,0,0.02,0,0,53.3,13.9,17.5,3.804,80,0,0,0,13,24.1,0,1,0,17.5,13.5,0,0,90,14.7
24,1.4,20.6,0.2,3.93,0,820,-8,10.5,-0.1,2,0.06,0,0.63,-0.18,0,58.6,3.9,2,4.14,100,-0.13,0,0,2.2,-0.4,0,-1,0,2,1.5,-0.08,0,0,1.5
"51,56",,,,,,,,,,,,,,,,,,,,,,,,,,,,,,,,,,
"51,56",9.5,21.2,7.9,3.842,-0.8,797,-32,-2.7,1.1,5.3,0.05,-0.84,0.81,0.01,0,53.7,7.5,7.9,3.862,84,0,0,-0.79,6,12.7,0,0,1,8.5,5.4,0,0,90,5.8
"51,56",20.9,23.1,15.2,3.985,-0.01,1424,-10,0,-0.1,14.5,0.13,-0.01,2.94,0,0,56.2,14.4,18.9,4.022,100,0,0,0.07,12.6,23.1,0,0,3.95,19.6,12.9,0,0,90,14.8
"51,56",,,,,,,,,,,,,,,,,,,,,,,,,,,,,,,,,,
"51,56",,,,,,,,,,,,,,,,,,,,,,,,,,,,,,,,,,
"51,56",,,,,,,,,,,,,,,,,,,,,,,,,,,,,,,,,,
"51,56",20.2,20,10.6,3.979,0,-17,-33,0,0,12.7,0.38,0,2.94,0,0,56.1,12.8,13.4,4.015,100,0,0,0,10.7,21.7,0,0,0,13.5,10.3,0,0,90,13.2
"51,56",,,,,,,,,,,,,,,,,,,,,,,,,,,,,,,,,,
"51,56",19.4,22,21.5,3.712,0,-14,-32,0,0,17.3,0.02,0,0.13,0,0,52.2,16,20.4,3.748,69,0,0,0,14.7,21.7,0,0,0,20.3,16.1,0,0,90,17.2
"51,56",19.4,23.6,21.7,3.752,0,345,-42,0,0,17.8,0.07,0,0.7,0,0,52.9,16,20.3,3.794,70,0,0,0,14.6,24.4,0,-1,0.88,20.3,16.6,0,0,90,17.5
"51,56",21.3,44.8,21.8,3.672,0,802,-65,0,0,19.8,0.19,0,1.61,0,0,51.9,17.8,23.1,3.685,56,0,0,0,16.9,23.1,0,0,2.09,22.9,19.9,0,0,18,19.7
"51,56",23.8,20.8,16.1,3.906,0,-4,-7,0,0,11.8,0.02,0,0.26,0,0,54.9,14,18.9,3.935,93,0,0,0,11.7,28.6,0,0,0,18.9,9.6,0,0,90,13.3
"51,56",12,22.1,5.4,3.982,0.6,-10,-61,3.2,8.5,6.4,0.35,0.12,2.52,0,0,56.3,9.8,7.9,4.003,100,0,0,-0.16,7.9,14.4,9.3,0,0.81,7.7,5.9,0,0,90,7.1
"51,56",,,,,,,,,,,,,,,,,,,,,,,,,,,,,,,,,,
"51,56",,,,,,,,,,,,,,,,,,,,,,,,,,,,,,,,,,
"51,56",19.3,24.1,17.8,3.823,2.08,377,-16,0,9.5,16.6,0.05,0.91,0.33,0.01,0,53.7,11.9,20.3,3.854,82,0,0,0.07,10.9,20.8,6.7,0,2.03,18.9,16.5,0,0,90,16.6
"51,56",24.5,46.9,20.5,3.795,-0.75,87,-41,6.1,-0.2,20.2,0.18,-0.2,0.96,0,0,53.7,15.2,23,3.822,82,0,0,0.47,14.2,27.9,0.3,0,1.37,21.7,19.7,0,0,90,20
"51,56",,,,,,,,,,,,,,,,,,,,,,,,,,,,,,,,,,
"51,56",,,,,,,,,,,,,,,,,,,,,,,,,,,,,,,,,,
"51,56",,,,,,,,,,,,,,,,,,,,,,,,,,,,,,,,,,
"51,56",,,,,,,,,,,,,,,,,,,,,,,,,,,,,,,,,,
"51,56",19.9,20.7,16.8,3.923,2.31,710,-33,0,8.9,14.1,0.02,-0.06,0.92,0,0,55.2,15.7,18,3.952,91,0,0.01,-0.12,13.6,23.3,9.6,0,3.4,17.5,12.6,0,0,90,14.7
"51,56",26.8,27,27.3,3.693,0.28,701,-41,7.7,8.3,25.1,0.04,0.08,0.35,0,0,51.7,19.7,27.2,3.71,61,0,0,0.6,18.9,29.4,-2.8,0,0.52,27.2,24.3,0,0,90,24.5
"51,56",,,,,,,,,,,,,,,,,,,,,,,,,,,,,,,,,,
"51,56",18.7,20.2,13.4,4.024,0,782,-7,0,0,13.5,0.02,0,0.02,0,0,56.7,15.6,16.2,4.057,100,0,0,0,13.8,20.3,0,0,0,16.1,12.5,0,0,90,13.3
"51,56",19.8,20.1,17.4,3.959,0.4,646,0,29.4,9,15.2,0.19,0.08,1.23,0,0,55.6,15.7,18.9,3.99,94,0,0,1.68,14.3,24.4,0,0,0.38,18.9,14.3,0,0,90,15
"51,56",,,,,,,,,,,,,,,,,,,,,,,,,,,,,,,,,,
"51,56",18.5,21.8,19.2,3.918,0.06,1291,-23,-0.1,-0.1,16.1,0.06,-0.54,0.43,0,0,54.7,16.2,19.5,3.941,87,0,0,0.39,15.1,19.8,-1.2,0,2.55,19.5,15.7,0,1,90,16
"51,56",,,,,,,,,,,,,,,,,,,,,,,,,,,,,,,,,,
"51,56",23.6,20.5,23.1,3.805,0,181,-7,0,0,21.8,0.02,0,0.18,0,0,53.5,18.1,24.4,3.832,74,0,0,0,17.1,25.2,0,0,0,24.4,21.2,0,1,90,21.4
"51,56",,,,,,,,,,,,,,,,,,,,,,,,,,,,,,,,,,
"51,56",,,,,,,,,,,,,,,,,,,,,,,,,,,,,,,,,,
17,,,,,,,,,,,,,,,,,,,,,,,,,,,,,,,,,,
12,9.7,32.4,33.6,3.708,-0.04,835,0,-0.1,14.8,8.2,0.02,-0.01,0.02,-0.05,0,52,7.2,7.9,3.718,64,0,0,-0.01,5.5,8.1,0,-5,0,7.9,7.8,0,-12,-4,9
92,9.7,1.8,37.1,3.71,-0.04,10,0,-0.1,0,8.4,0,-0.01,0,0,0,52.1,7.1,7.9,3.724,64,0,0,-0.01,0,7.9,0,-7,0,7.9,7.8,0,-7,16,9
"12,92",9.6,25.7,34.1,3.714,-0.06,1756,0,0,0,8.2,0.02,-0.06,0.03,0.02,0,51.8,7.2,7.9,3.72,64,0.02,0,-0.04,5.5,7.9,0,10,0,7.9,7.6,0.02,18,-30,9.1
"12,92",10.2,3.7,32.1,3.669,0,853,-37,0,0,8.2,0.47,0,2.4,0,0,51.9,7.2,7.9,3.716,64,0,0,0,5.5,9.3,0,0,1.26,7.9,7.6,0,0,5,9.1
92,10.2,5.3,34.7,3.71,0,-3,0,0,19.2,8.2,0,0,0,0.03,0,52,7.1,7.9,3.722,64,0,0,0,0,9.4,0,-3,1.26,7.9,7.6,0,6,20,9.1
"12,92",10.6,17.7,33.7,3.639,-0.04,838,-110,26.6,-11,8.2,0.1,-0.28,0.63,0,0.15,51.6,7.1,8.9,3.696,64,0,0,-0.04,5.5,10.4,39.6,22,0,8.9,10.3,0,-30,-10,9.4
92,11.1,0,34.7,3.698,0,14,0,0,0,8.6,0.05,0,0.43,0,0,51.9,7.1,9.3,3.712,64,0,0,0,0,10.6,0,-7,0.22,9.3,8.3,0,-7,1,9.7
92,14,4.4,37.2,3.656,0.03,386,-7,0,1.2,12.5,0.02,-0.8,0.17,0,0,51.3,7.5,18.4,3.666,61,0,0,0.07,5.9,17.5,0,0,0.25,21.5,13.3,0,0,-8,12.7
12,11.2,6.1,32.7,3.664,-0.78,0,-3,1.5,12.5,9.7,0,0,0,0.14,0,51.4,7.6,8.9,3.674,58,0,0,0.06,5.9,13.5,0,9,0.25,9.3,8.7,0,-9,13,9.6
12,11.4,0,30,3.682,0,0,0,0,0,9.6,0,0,0,0,0,51.6,7.5,9.1,3.691,58,0,0,0,5.9,12,0,-2,0,9.4,8.6,0,0,13,9.7
12,7.7,121.4,42.2,3.528,-0.04,915,-184,0,0,7.6,0.2,-0.01,4.52,1.4,0.25,49.8,7.7,6.1,3.581,55,1.55,0.03,-0.03,5.9,5.7,5.9,-2666,0.22,7.5,7.3,0.76,-2563,30,7.4
12,7.9,0,36.1,3.654,0,-3,0,0,0,7.9,0,0,0,0,0,51.2,7.7,6.5,3.664,55,0,0,0,5.9,6.5,0,5,0.02,7.9,7.4,0,0,-11,7.9
36,8.4,20.7,35,3.599,0,808,-48,42.5,-3.5,7.9,0.04,0,0.42,-0.03,0.19,50.9,7.8,6.5,3.644,54,0.59,0.06,0,6,7.9,32,703,0.18,7.9,8.8,1.22,787,-10,7.9
12,8.3,0,43.1,3.655,0,0,0,0,0,8.6,0,0,0,-0.03,0,51.2,7.8,6.1,3.665,52,0,0,0,6.2,5.1,0,0,0,7.9,8.4,0,-1,-7,8.6
"12,21,92",16.5,8.9,63.1,4.135,0.76,0,0,0,-12.9,17.5,0,0.25,0,0.05,0,57.9,18.1,14.4,4.145,100,0,-0.01,2.14,15.4,12.1,0,0,0.95,16.2,16.5,0,0,0,17.2
92,16.9,0,58.5,4.133,0,-3,0,0,-37.6,17.7,0,0,0,-0.07,0,57.9,18.2,14.8,4.143,100,0,0,0,0,13.4,0,-10,0.26,16.2,16.5,0,-7,0,17.4
"12,18,36,56,64,65,66,92",16.9,0,58.5,4.134,0,0,-3,0,0,17.7,0,0,0,0,0,57.9,18.2,14.8,4.142,100,0,0,0,15.5,13.4,0,0,0.26,16.2,16.5,0,0,0,17.4
"12,18,36,56,64,65,66,92",17,0,57.2,4.134,0,9,0,0,0,17.7,0,0,0,0,0,57.9,18.2,14.8,4.143,100,0,0,0,15.4,13.4,0,0,0,16.2,16.6,0,0,-1,17.4
"12,36,56,65,92",17,0,57.2,4.134,0,0,0,0,0,17.7,0,0,0,0,0,57.9,18.2,14.8,4.143,100,0,0,0,15.4,13.4,0,0,0,16.2,16.6,0,0,-1,17.4
92,19.4,0,58.5,4.135,0,3,0,0,0,18.1,0,0,0,0,0,57.9,18.1,16.2,4.146,100,0,0,0,0,14.9,0,10,0,17.5,17,0,7,-1,18
"12,92",19.5,16.5,54.5,4.119,-0.78,805,-19,10.9,0,18.6,0.09,-3.74,0.77,0.01,0.05,57.7,18.2,16.2,4.127,100,0,0.06,-0.91,15.5,15.5,13.1,33,0.97,17.5,19.7,0,51,12,18.5
12,21.1,5,60.2,4.119,0,803,-5,0,0,18.1,0.02,0,0.2,0,0,57.7,17.7,16.2,4.131,100,0,0,0,15.2,13.9,0,0,0.25,17.5,17.7,0,0,32,19
"21,29",17.2,0,200,4.122,0,0,0,0,0,17.8,0,0,0,0,0,57.8,17.4,14.8,4.134,100,0,0,0,15.3,13.4,0,-3,0,16.2,16.9,0,3,-69,17.8
"21,28,29",17.2,0,130.7,4.119,0,0,-5,0,0,17.8,0,0,0.16,0,0,57.7,17.5,14.8,4.13,100,0,0,0,15.4,13.4,0,0,0,16.2,16.9,0,-3,-65,17.8
"21,29",19.4,5.1,180.9,4.121,0,0,0,0,0,18.1,0,0,0,0,0,57.7,17.5,15.8,4.13,100,0,0,0,15.4,15.1,0,-7,0,16.2,17.2,0,-3,-68,18.1
"21,29",19.7,0,200,4.12,0,7,0,0,0,18.2,0,0,0,0,0,57.7,17.5,16.2,4.132,100,0,0,0,0,16.2,0,0,0,17.2,17.3,0,7,-69,18.3
29,,,,,,,,,,,,,,,,,,,,,,,,,,,,,,,,,,
"21,28",19.9,0,200,4.12,0,3,0,0,0,18.1,0,0,0,0,0,57.7,17.5,16.2,4.131,100,0,0,0,15.4,15.9,0,0,0,17.3,17.3,0,0,-68,18.5
"21,29",18.4,0,200,4.12,0,-6,0,0,0,18.1,0,0,0,0,0,57.7,17.5,16.2,4.131,100,0,0,0,15.4,15.9,0,6,0,17.3,17.3,0,5,-67,18.5
"56,66",11.4,3.2,6.5,3.926,-0.51,0,-5,0,0,9.7,0.01,-0.01,0.14,0,0,55.3,8,9.3,4.018,100,0,0,0.03,6,13,0,0,0.16,10.6,7.9,0,1,-3,9.6
"56,66",,,,,,,,,,,,,,,,,,,,,,,,,,,,,,,,,,
"56,66",12.5,0,11.9,4.066,0,-7,0,0,0,12.4,0,0,0,0,0,57,11,14.8,4.078,100,0,0,0,7.8,11,0,0,0,10.3,11,0,-1,89,13
"56,66",12.3,0,12,4.066,0,3,0,0,0,12.4,0,0,0,0,0,57,11.1,16.2,4.078,100,0,0,0,7.9,10.8,0,0,0,10.6,11.1,0,0,89,12.9
"56,66",12.2,0,12,4.066,0,3,0,0,0,12.5,0,0,0,0,0,57,11.1,16.2,4.078,100,0,0,0,8,10.7,0,0,0,10.6,11.2,0,0,89,12.9
"56,66",12.2,3.3,12,4.056,0,812,-16,0,0,12.6,0.07,0,0.74,0,0,56.8,11.2,16.2,4.074,100,0,0,0,8,10.6,0,0,0,10.6,11.4,0,0,0,12.9
"56,66",12.5,1.5,12,4.061,0,0,-7,0,0,12.9,0,0,0.21,0,0,56.9,11.2,16.2,4.073,100,0,0,0,8,10.6,0,6,0,10.6,11.5,0,-67,-4,13.2
"56,66",13.4,4.9,11.6,4.049,-0.04,-6,-6,0,-0.1,13.3,0,-0.01,0.19,0,0,56.7,11.1,16.2,4.062,100,0,0,0.01,8,11.6,-0.1,0,0,10.6,11.8,0,0,90,13.8
"56,66",13.3,0,10.6,4.044,0.02,10,-6,-0.1,-0.1,13.3,0,-0.01,0.08,0,0,56.8,11.2,14.8,4.068,100,0,0,-0.04,7.9,11.6,0,0,0,9.3,11.9,0,0,89,13.7
"56,66",12.2,0,10.9,4.048,-0.01,0,-5,0,-0.1,13.5,0,-0.01,0,0,0,56.7,11.1,14.8,4.061,100,0,0,-0.02,8,12,-0.1,-1,0,9.3,11.6,0,0,0,13.9
"56,66",12.2,4.1,10.6,4.027,-0.01,0,-25,0,-0.1,12.8,0.14,-0.01,1.14,0,0,56.7,11.2,14.8,4.058,100,0,0,-0.02,8,10.6,-0.1,-5,0,9.3,11.6,0,-8,0,12.9
"56,66",13.2,4,10.6,4.042,0,0,0,0,0,12.8,0,0,0.18,0,0,56.7,11.2,14.8,4.055,100,0,0,0,8.1,12,0,0,0,10.5,11.5,0,0,90,13.1
"56,66",13.1,0,12,4.055,0.01,0,-1,0,-0.1,12.9,0,-0.02,0,0,0,56.8,11.3,14.8,4.068,100,0,0,-0.02,8.5,7.9,-0.1,0,0,9.5,11.6,0,0,89,13.2
"56,66",10.8,5.1,10.6,4.018,-0.04,0,-9,-0.1,-0.1,11.1,0.02,-0.02,0,0,0,56.8,11.4,15.7,4.058,100,0,0,0.01,8.6,7.9,-0.1,1,1.84,10.6,11,0,0,90,11.1
"56,66",10.8,0,11.1,4.054,0,0,0,0,-0.1,11.1,0,-0.01,0,0,0,56.8,11.8,16.2,4.067,100,0,0,-0.02,9.1,8.2,-0.1,0,0,10.6,11,0,0,1,11.1
"56,66",10.2,-0.7,11.6,4.05,0,0,-7,0,-0.1,10.9,0,-0.01,0.22,0,0,56.8,11.8,16.2,4.064,100,0,0,-0.02,9.1,6.5,-0.1,0,0,10.6,10.9,0,-94,2,10.8
"56,66",10.4,0.8,11.9,4.048,-0.04,0,-7,-0.1,-0.1,11.1,0,-0.01,0.19,0,0,56.8,11.8,16.2,4.064,100,0,0,0.2,9.1,6.5,0.4,0,0.58,11.6,11,0,0,4,11
"56,66",,,,,,,,,,,,,,,,,,,,,,,,,,,,,,,,,,
"56,66",,,,,,,,,,,,,,,,,,,,,,,,,,,,,,,,,,
"51,56,66",11.2,0,11.6,4.053,0,-6,0,0,0,11.6,0.01,0,0,0,0,56.8,11.8,16.2,4.066,100,0,0,0.01,9.1,7.9,0,0,0.14,12,11.2,0,0,3,11.6
"56,66",11.2,0,12,4.051,0,-7,0,0,0,11.6,0.01,0,0,0,0,56.8,9.7,16.2,4.066,100,0,0,0.01,0,7.9,0,4,0.14,12,11.2,0,-6,3,11.6
"56,66",11.1,0,10.6,4.053,0,7,0,0,0,11.6,0,0,0,0,0,56.8,9.7,16.2,4.066,100,0,0,0,0,7.9,0,3,0,12,11.1,0,0,3,11.5
"56,66",11.1,0,10.6,4.053,0,0,-1,0,0,11.6,0,0,0,0,0,56.8,9.7,16.2,4.066,100,0,0,0,0,7.9,0,3,0,12,11.1,0,10,3,11.5
"56,66",11,0,11.6,4.053,0,0,0,0,0,11.5,0,0,0,0,0,56.8,9.2,12.7,4.067,100,0,0,0,6.3,7.9,0,0,0,12,8.8,0,0,4,8.3
"56,66",7.8,0,11.6,4.053,0,7,0,0,0,11.5,0,0,0,0,0,56.8,9.2,12.7,4.067,100,0,0,0,6.3,7.9,0,0,0,12,8.8,0,0,4,8.3
"56,66",8.1,0,9.3,4.053,0,0,0,0,0,8.9,0,0,0,0,0,56.8,9.3,13.4,4.066,100,0,0,0,6.4,3.7,0,1,0,7.9,9.1,0,0,4,8.6
"56,66",8.1,0,7.9,4.053,0,-6,-1,0,0,8.9,0,0,0,0,0,56.8,7,13.4,4.067,100,0,0,0,0,3.7,0,-10,0,7.9,9.1,0,0,3,8.6
"56,66",8.2,0,7.9,4.053,0,7,-1,0,0,9.1,0,0,0,0,0,56.8,7,13.4,4.066,100,0,0,0,0,3.7,0,9,0,7.9,9.2,0,0,3,8.7
"56,66",8.2,0,7.5,4.052,0,0,-1,0,0,9.1,0,0,0,0,0,56.8,7.1,13,4.067,100,0,0,0,0,3.7,0,0,0,7.9,9.2,0,-7,3,8.7
"56,66",4.2,0,8.5,4.051,0,0,0,0,0,9.2,0,0,0,0,0,56.8,7.1,13.4,4.065,100,0,0,0,4.1,0.6,0,0,0,7.9,5,0,0,4,9.1
"56,66",5.9,0,6.2,4.05,0,0,0,0,0,5,0,0,0,0,0,56.8,7.2,9.4,4.065,100,0,0,0,4.3,0.9,0,0,0,4.8,6.4,0,0,5,4.6
"56,66",5.9,0,5.1,4.051,0,-3,-1,0,0,6.5,0,0,0,0,0,56.8,5.1,10.6,4.066,100,0,0,0,0,1,0,0,0,5.1,6.4,0,0,5,6.2
"56,66",6.1,0,6.5,4.051,0,0,0,0,0,6.8,0,0,0,0,0,56.8,7.3,10.7,4.064,100,0,0,0,4.4,1.6,0,0,0,6.1,6.8,0,0,5,6.4
"56,66",6.3,0,6.5,4.05,0,-6,0,0,0,6.9,0,0,0,0,0,56.8,7.5,11.7,4.064,100,0,0,0,4.7,2.3,0,0,0,6.4,6.9,0,-1,5,6.6
"56,66",7.4,0,6.6,4.05,0,-6,0,0,0,8.3,0,0,0,0,0,56.8,7.5,12,4.063,100,0,0,0,4.7,2.4,0,0,0,6.5,8.2,0,0,5,7.9
"56,66",8.1,0,6.5,4.05,0,0,-1,0,0,8.9,0,0,0,0,0,56.8,5.3,10.6,4.064,100,0,0,0,0,2.4,0,0,0,6.5,8.7,0,-5,5,8.4
"56,66",8.2,0,7.4,4.05,0,-3,0,0,0,9.1,0,0,0,0,0,56.8,7.6,12,4.063,100,0,0,0,4.8,2.4,0,0,0,6.5,8.9,0,0,5,8.6
"56,66",8.7,0,7.9,4.05,0,-7,0,0,0,9.7,0,0,0,0,0,56.8,7.7,13.2,4.062,100,0,0,0,4.9,3.6,0,0,0,7.9,9.4,0,-1,6,9.2
"56,66",9.8,0,16.2,3.819,0,0,0,0,0,10.8,0,0,0,0,0,53.5,11.6,14.8,3.833,74,0,0,0,10,10.6,0,10,0,14.4,12.3,0,-6,-3,11.5
"56,58,66",,,,,,,,,,,,,,,,,,,,,,,,,,,,,,,,,,
"56,66",9.8,0,16.2,3.825,0,-6,9,0,0,10.8,0,0,0,0,0,53.6,11.6,14.8,3.838,74,0,0,0,10.1,11.6,0,0,0,14.4,12.3,0,0,-3,11.5
17,,,,,,,,,,,,,,,,,,,,,,,,,,,,,,,,,,
23,,,,,,,,,,,,,,,,,,,,,,,,,,,,,,,,,,
17,,,,,,,,,,,,,,,,,,,,,,,,,,,,,,,,,,
"51,56",,,,,,,,,,,,,,,,,,,,,,,,,,,,,,,,,,
"51,56",,,,,,,,,,,,,,,,,,,,,,,,,,,,,,,,,,
"51,56",,,,,,,,,,,,,,,,,,,,,,,,,,,,,,,,,,
39,-1.8,0,1,4.084,0,1109,-4,0,0,-1.3,0,0,0,0,0,57.2,2.5,1,4.096,100,0,0,0,0.8,-2.5,0,-9,0,-3.2,-3,0,1,2,-2.2
39,1,6.3,1,4.07,0,812,-6,0,0,-1,0.03,0,0.27,0,0,57,2.5,2.4,4.081,100,0,0,0,0.9,2.4,0,0,0.33,-1.8,-2.8,0,0,2,-1.9
39,1.7,0,1,4.076,0,0,0,0,0,-0.9,0,0,0,0,0,57.1,2.5,2.4,4.087,100,0,0,0,1,2.4,0,1,0,-1.8,-2.6,0,0,-1,-1.5
39,3,-0.5,1,4.049,0,810,-18,0,0,-0.6,0.02,0,0.2,0,0,56.8,2.5,2.4,4.068,100,0,0,0,1,5.1,0,-1,0.5,-1.8,-2.6,0,-6,-2,-1
39,2.3,0,1,4.071,0,0,0,0,0,-0.2,0,0,0,0,0,57.1,2.5,2.4,4.083,100,0,0,0,1,3.7,0,0,0,-1.8,-2.1,0,-2,-3,-0.2
39,3.5,38.2,1,4.024,0,748,-19,0,0,0.2,0.1,0,0.89,0,0,56.6,2.5,2.4,4.046,100,0,0,0,1,5.2,0,0,2.98,-1.8,-1.9,0,-1,-3,0.4
39,5,0,1,4.054,0,0,0,0,0,0.7,0,0,0,0,0,56.8,2.7,2.4,4.065,100,0,0,0,1.1,8,0,-1,0,-1.8,-1.5,0,0,-2,1
92,4.6,6,8.2,4.064,,793,-6,,0.6,,0.02,0.74,0.26,-0.02,,57.1,4.7,,4.086,100,,,,3.4,6.5,,,0.3,,4,,,0,
92,11.8,71.4,14.9,3.981,,1787,-50,,7,,0.11,-0.01,1.27,0,,56,8.3,,4.026,100,,,,7.1,16.8,,,0.49,,7.8,,,1,
92,11.8,138.6,24.8,3.796,,1754,-139,,0,,0.42,-1.11,3.59,0,,53.2,9.8,,3.806,85,,,,8.4,23.1,,,3.5,,8.2,,,-9,
92,16.2,111.2,29.5,3.761,,1409,0,,0,,0.39,0,3.38,0.11,,53.9,9.4,,3.841,76,,,,7.6,28.9,,,0,,3.7,,,-4,
92,17.9,140.8,30.2,3.937,,1761,-16,,-0.1,,0.04,-0.26,6.56,0,,55.1,11.2,,3.955,91,,,,10.1,27.1,,,2,,15.4,,,0,
92,19.7,7,32.8,3.93,,809,-18,,6.9,,0.05,-0.68,0.43,0.4,,55.2,11.4,,3.949,90,,,,10.3,28.8,,,0.35,,15.7,,,-16,
73,14.8,77.3,22.6,3.734,,790,-86,,0,,0.28,0,2.54,0.03,,52.8,9.6,,3.751,80,,,,8.6,24.4,,,3.51,,16.3,,,13,
92,14.9,10.7,32.3,3.906,,0,0,,1.6,,0,-0.16,0,0,,54.9,11.6,,3.927,86,,,,10.7,23.1,,,0.55,,14,,,2,
92,14.3,124.2,24.4,3.811,,1742,-134,,2.1,,0.2,-0.92,6.51,0,,54,11.2,,3.877,84,,,,10.1,21.3,,,3.37,,12.5,,,10,
92,15.2,3.8,24.4,3.921,,964,-46,,9.4,,0.08,-0.69,0.5,-0.04,,55,9.7,,3.946,93,,,,8.5,23.1,,,1.78,,11,,,2,
92,15.3,4.8,30.4,3.689,,802,-9,,7.5,,0.02,-1.45,0.21,0,,51.8,10.1,,3.706,56,,,,9.3,23.1,,,1.57,,14.3,,,0,
92,19.9,7.5,42.4,3.769,,952,-55,,6.5,,0.13,0,0.91,-0.03,,52.9,13.3,,3.796,67,,,,11.5,33.1,,,0,,16.1,,,-40,
92,12.9,32.8,18.3,3.946,,887,-12,,3,,0.07,1.08,0.39,0,,55.2,11.6,,3.965,94,,,,10.7,17.5,,,0.87,,11.2,,,-1,
92,14.4,7,23.5,3.929,,925,-43,,9.3,,0.13,0,1.6,-0.02,,55.1,12.3,,3.958,89,,,,11.2,19.9,,,0,,13.1,,,-7,
92,15.2,26.2,24.4,3.928,,787,-11,,0.5,,0.05,0.34,0.43,0.08,,55.2,12.3,,3.952,89,,,,11.1,20.3,,,1.01,,14,,,-7,
"51,56",13.7,19.6,19.6,3.94,,69,-26,,0,,0.2,0.62,1.25,0.03,,55.3,12,,3.954,89,,,,10.5,20.3,,,3.45,,11,,,20,
"51,56",,,,,,,,,,,,,,,,,,,,,,,,,,,,,,,,,,
92,13.1,46.4,22.6,3.839,,703,-71,,9.3,,0.24,-0.11,1.93,-0.01,,54.1,11.9,,3.891,82,,,,10.7,15.3,,,0.41,,13.2,,,23,
92,17.2,5.8,35.8,3.724,,1533,-23,,4,,0.1,1.15,0.2,0.08,,52.5,13.9,,3.767,66,,,,12.8,24.4,,,1.25,,18.6,,,0,
92,23.3,141.9,31.4,3.922,,1755,-35,,-0.5,,0.33,-0.08,6.42,0,,55,11.9,,3.941,91,,,,10.7,35.6,,,1.27,,19.3,,,9,
92,8.2,33.3,19.8,3.818,,1732,-5,,10,,0.03,0.55,0.3,-0.02,,53.6,11.3,,3.839,75,,,,9.7,14.5,,,0.57,,7,,,3,
92,18.7,43,37.7,3.784,,804,-41,,-0.1,,0.15,0,1.87,0,,53.6,12.6,,3.851,72,,,,11.6,22.7,,,0,,20.8,,,-11,
92,22.5,149.3,41.8,3.724,,1752,-45,,1.3,,0.72,-0.37,6.42,0.01,,51.7,14.2,,3.769,63,,,,13.1,27.2,,,1.34,,23.3,,,-13,
92,,,,,,,,,,,,,,,,,,,,,,,,,,,,,,,,,,
92,21.5,0.4,40.3,3.912,,0,0,,-0.3,,0,1.46,0,0,,54.9,12.6,,3.931,78,,,,12.1,27.8,,,0.73,,20.2,,,2,
92,21.3,5.4,31.5,3.722,,800,-7,,6.2,,0.02,0,0.19,0,,52.3,19.1,,3.741,59,,,,17.6,31.4,,,1.2,,19.8,,,33,
92,19,2.7,38.8,3.647,,1754,-42,,11.6,,0.16,-0.78,1.53,-0.02,,51.1,14,,3.676,48,,,,13.5,26.9,,,0.87,,19.1,,,29,
92,20.3,5.1,39.8,3.663,,857,-9,,-10.1,,0.02,1.17,0.2,0.69,,51.4,14,,3.679,47,,,,13.5,28.6,,,0.32,,19.5,,,0,
92,12.2,75.9,25.5,3.928,,922,-42,,10.1,,0.02,1.1,0.4,0,,55.1,12.1,,3.976,86,,,,10.8,20.1,,,0.13,,13.2,,,0,
92,12.2,12.7,25.5,3.906,,816,-45,,-0.4,,0.61,-0.28,1.81,0,,54.6,10.7,,3.926,83,,,,10,15.9,,,1.61,,11.9,,,0,
"51,56",23.9,20.2,28.6,4.02,,0,-11,,0,,0.06,0,0.4,0,,56.5,15.9,,4.035,92,,,,14.9,27.2,,,0,,21.8,,,90,
92,19.3,64.6,27.2,4.008,,1058,-44,,0,,0.14,-0.01,2.54,0,,56.2,15.2,,4.025,92,,,,14.3,21.7,,,0.45,,19.9,,,-7,
92,22.2,2.4,33,3.966,,0,0,,-0.1,,0,0.89,0,0,,55.7,16.6,,3.985,84,,,,15.7,26.4,,,2.69,,23.5,,,20,
92,23.2,68.9,25.8,3.986,,1539,-19,,1.4,,0.08,0,1.66,0,,55.9,15.6,,4.019,95,,,,14.9,28.6,,,0,,19.1,,,-28,
92,20.6,93.4,37.8,3.629,,1743,-78,,-0.1,,0.33,1.83,2.8,0.01,,50.7,16,,3.689,50,,,,15.4,29.1,,,0.31,,21.5,,,38,
92,21.3,22.8,38.5,3.68,,0,0,,0,,0.02,0,0.02,0,,51.7,16,,3.697,50,,,,15.5,30,,,0,,20.8,,,15,
92,21.2,7.9,44.7,3.589,,798,-125,,0,,0.5,1.48,6.08,0,,50.2,16.6,,3.637,41,,,,15.9,31.4,,,3.06,,22.2,,,7,
92,28.7,72.4,60.2,3.542,,802,-59,,6.4,,0.02,0.27,0.19,0.01,,50.1,17.9,,3.589,29,,,,17.2,41.5,,,0.23,,30.3,,,-5,
92,18.5,24.1,31.6,3.769,,1746,-22,,0,,0.75,0.82,6.32,0,,52.8,18.6,,3.787,65,,,,17.7,20.5,,,1.89,,21.3,,,-12,
92,11,134.3,10.6,3.956,,1752,-90,,0,,0.73,-0.01,1.1,-0.02,,55.4,11.4,,4.024,98,,,,9.2,9.8,,,0.64,,7.9,,,9,
92,13.5,27.5,15.1,3.95,,1724,-120,,8.5,,0.07,-0.94,1.25,-0.02,,55.3,12,,3.963,92,,,,9.9,15.7,,,3.44,,9.6,,,-2,
92,8.7,142.9,13.4,3.803,,1753,-41,,2.7,,0.27,1.21,6.58,-0.03,,53.9,8.7,,3.789,88,,,,6.4,9.3,,,1.7,,6.1,,,1,
92,15.8,0,13.5,3.946,,7,-12,,0,,0,-1.42,0,0,,55.7,7.7,,3.978,98,,,,5.8,18.8,,,1.64,,10.2,,,28,
92,14.7,0,13.3,4.015,,9,0,,0,,0,0,0,0,,56.2,7.7,,4.025,98,,,,5.9,16.2,,,0,,9.4,,,28,
92,6.9,-5.4,18,3.537,,791,-18,,2.1,,0.11,1.28,0.62,0,,50.5,10.1,,3.601,48,,,,8,9.3,,,1.93,,6.3,,,-6,
92,9.2,4.1,17.5,3.499,,952,-119,,-0.1,,0.02,-1.75,1.78,-0.02,,49.6,10.2,,3.517,47,,,,8.1,13.6,,,3.47,,6.9,,,7,
92,11.2,5,20.3,3.549,,1223,-106,,5.4,,0.02,0.46,0.53,-0.01,,49.2,10.3,,3.567,46,,,,8.3,15.8,,,1.53,,9.4,,,8,
92,13.3,37.1,21.7,3.494,,1102,-57,,0,,0.13,0.36,6.31,0,,49.4,10.6,,3.549,45,,,,8.5,19.9,,,0.27,,11.4,,,-5,
92,15.4,33.6,24.4,3.39,,831,-52,,4,,0.09,-1.58,1.19,0.12,,49.1,10.8,,3.479,44,,,,8.7,22.7,,,3.5,,13.4,,,15,
92,14.3,3.4,23.4,3.489,,793,-67,,-0.1,,0.51,0.01,4.35,0,,49.3,10.9,,3.571,43,,,,8.6,20.1,,,1.42,,11,,,10,
92,16.3,140.7,23.5,3.498,,1740,-51,,7.9,,0.29,0.04,4.41,0.02,,49,11.1,,3.536,41,,,,8.9,23.1,,,1.4,,12.4,,,64,
92,17.3,100.3,25.4,3.48,,1538,-55,,19.8,,0.49,0.14,4.34,0.94,,48.9,11.2,,3.505,41,,,,9,24.1,,,1.53,,12.7,,,6,
92,18.3,11.7,25.8,3.448,,856,-60,,3.2,,0.31,1.37,3.92,0,,48.8,11.3,,3.49,40,,,,9,25.8,,,3.45,,14.3,,,18,
92,17.8,1.6,25.2,3.483,,780,-9,,7.9,,0.02,1.43,0.2,0.15,,49.5,11.4,,3.549,39,,,,9.1,24.4,,,1.49,,14.4,,,8,
92,22.9,131.9,28.8,3.468,,1764,-72,,1.5,,0.35,-0.45,6.44,0,,48.5,12.2,,3.48,35,,,,9.9,32.8,,,0.47,,14.9,,,-36,
92,11.3,118.3,25.3,3.42,,1760,-80,,19.1,,0.36,1.39,3.26,0,,48.3,12.1,,3.496,31,,,,9.7,17.5,,,2.14,,11.3,,,-17,
92,14.3,146.5,27.5,3.416,,1035,-52,,1.4,,0.16,1.55,4.03,0,,48.8,12.7,,3.494,29,,,,10.2,21.7,,,0.7,,10.8,,,0,
92,14.7,83.7,23.2,3.399,,1257,-77,,-0.1,,0.04,0.4,0.61,-0.02,,48.4,13.4,,3.463,22,,,,10.8,19.4,,,1.57,,8.1,,,-21,
92,17.5,140.2,24.8,3.9,,1752,-136,,9.4,,0.74,-0.41,6.47,0.01,,54.6,11.2,,3.907,93,,,,9.1,18.8,,,1.96,,14,,,3,
92,14.5,129,30.4,3.774,,1968,-73,,18.6,,0.43,1.52,6.37,0,,53.2,11.5,,3.81,82,,,,9.5,18.3,,,0.38,,12.5,,,-3,
92,11.8,9.8,15.3,3.998,,1194,-23,,1.2,,0.43,0.95,0.4,0,,56.7,8.1,,4.073,100,,,,6.2,9.3,,,2.92,,12.2,,,-19,
92,15.2,106.7,18,3.897,,2234,-88,,0.6,,0.55,0.83,4.27,0,,55.4,9,,3.917,94,,,,7.2,16.3,,,0.38,,11.8,,,-18,
92,12.4,3.6,20.4,3.919,,0,0,,-0.1,,0,0,0,0,,54.9,12.1,,3.929,85,,,,9.7,16.2,,,0,,9.2,,,3,
92,10.3,35.3,15,3.584,,733,-15,,-0.1,,0.05,0,0.94,0,,51.3,7.5,,3.67,48,,,,5.8,10.6,,,0,,6.8,,,-12,
92,16.8,3.4,18.9,3.511,,1820,-49,,-0.1,,0.45,-0.01,3.32,-0.03,,49.2,8.7,,3.552,35,,,,6.8,21.7,,,2.56,,8.9,,,2,
92,16.6,3,24,3.727,,725,-28,,10.3,,0.1,-1.61,2.17,-0.01,,52,10.7,,3.739,66,,,,9,17.4,,,1.4,,14.4,,,7,
92,21.4,-0.4,20.5,4.06,,370,-5,,-0.1,,0,0,0.2,0,,56.9,17,,4.068,98,,,,15.3,20.3,,,0,,17.4,,,4,
92,30.5,24.7,34.7,3.94,,804,-32,,-1,,0.02,0.76,1.73,0,,55.5,18.1,,3.969,90,,,,16.2,35.7,,,0.29,,25.8,,,0,
92,29.8,35.4,47.1,3.692,,1060,-145,,5.1,,0.21,0.66,3.33,0,,52.5,19.8,,3.749,70,,,,17.8,34.2,,,1.26,,24.5,,,-20,
92,12.7,0,23.9,3.842,,5,-3,,0.9,,0,-1.14,0,0,,53.8,11.7,,3.854,81,,,,9.6,17.3,,,3.09,,9.2,,,17,
92,17.3,9,14.8,3.999,,1020,-7,,0,,0.05,-2.17,0.92,0,,56.1,9.7,,4.012,98,,,,7.7,16.3,,,3.39,,11.2,,,36,
92,20.5,115.7,40.2,3.78,,1748,-35,,-0.1,,0.41,-3.03,2.34,0,,53.3,13.2,,3.826,78,,,,11.4,20.3,,,3.4,,20.4,,,-16,
92,22,131.8,42,3.78,,1752,-33,,28.3,,0.66,0,0.78,0.08,,53.1,13.4,,3.799,76,,,,11.7,23.1,,,0.68,,21.4,,,26,
92,24.7,30.6,44.4,3.75,,1757,-55,,-1.5,,0.28,1.14,3.83,0,,52.7,13.7,,3.77,74,,,,12,27.2,,,0.84,,21.5,,,22,
92,26.7,84.3,48.2,3.731,,1736,-49,,5.8,,0.13,-0.6,1.91,-0.01,,52.5,14,,3.755,72,,,,12.3,28.7,,,0.29,,23.4,,,7,
92,8.7,89.3,10.6,4.014,,1753,-128,,2.3,,0.75,1.55,6.48,-0.02,,57,12.8,,4.021,100,,,,9.5,5.8,,,1.98,,7.1,,,2,
92,16.9,32.6,17.6,3.943,,794,-26,,10.8,,0.11,1,0.12,-0.03,,55.3,13.2,,3.962,91,,,,10.2,21.3,,,3.36,,9.1,,,15,
92,15.7,110.4,18.9,3.896,,1588,-56,,-0.1,,0.21,0,4.39,-0.01,,54.6,13,,3.906,84,,,,10.1,20.3,,,0.37,,8.6,,,12,
92,17.9,5.1,33.1,3.828,,812,-7,,0.5,,0.02,-2.71,0.2,0,,53.6,15.8,,3.839,79,,,,13.7,20.2,,,0.67,,18.2,,,-50,
92,17.3,126.4,32.1,3.808,,1747,-34,,0.4,,0.43,0.52,3.16,0,,53.5,16.6,,3.836,80,,,,14.2,22.2,,,0.61,,15.3,,,12,
92,17.9,5.3,32.6,3.828,,783,-23,,10.8,,0.08,-0.75,0.66,0.99,,53.6,16.6,,3.841,79,,,,14.2,24.2,,,0.29,,15.3,,,57,
92,19.3,79,33.5,3.818,,995,-136,,2.2,,0.02,0.29,0.21,0.03,,53,16.7,,3.831,78,,,,14.4,25.4,,,0.93,,16,,,59,
41,9.7,0,-40,4.109,,-7,0,,0,,0,0,0,0,,57.7,1.5,,4.126,100,,,,0.3,1,,,0,,6.7,,,1,
41,9.9,0,-40,4.11,,0,0,,0,,0,0,0,0,,57.7,1.5,,4.126,100,,,,0.4,1,,,0,,6.8,,,1,
41,10.1,0,0,4.109,,0,0,,0,,0,0,0,0,,57.6,1.3,,4.126,100,,,,0,1,,,0,,6.8,,,0,
41,10.2,0,-40,4.109,,0,0,,0,,0,0,0,0,,57.7,1.3,,4.127,100,,,,0,1,,,0,,6.9,,,0,
41,10.2,0,-40,4.109,,0,0,,0,,0,0,0,0,,57.6,1.6,,4.126,100,,,,0.3,1,,,0,,6.9,,,1,
92,13.7,105.6,-40,3.766,,1728,-95,,7.6,,0.52,1.64,4.53,0,,53.1,11.3,,3.779,78,,,,9,20.8,,,2.78,,8.6,,,-5,
"51,56,66,92",,,,,,,,,,,,,,,,,,,,,,,,,,,,,,,,,,
"51,56,66,92",14.3,0,-40,3.819,,0,0,,0,,0,0,0,0,,53.6,11.3,,3.834,78,,,,9.1,21.7,,,0,,8.1,,,35,
"51,66",,,,,,,,,,,,,,,,,,,,,,,,,,,,,,,,,,
92,9.7,165.3,19,3.904,,1764,-4,,0,,0.37,0,4.65,-0.02,,55.5,12.4,,3.984,92,,,,11.2,11.7,,,0.52,,9,,,2,
92,16.4,1.1,10.9,3.804,,1670,-3,,0,,0.14,0,0.31,0,,53.9,6.5,,3.848,84,,,,4.9,17.5,,,0,,11.1,,,18,
"51,56",,,,,,,,,,,,,,,,,,,,,,,,,,,,,,,,,,
92,7.3,136.1,17,3.923,,1756,-133,,-0.1,,0.02,0.33,0.22,0,,54.9,8.9,,3.938,92,,,,7.8,10.5,,,1.89,,7.6,,,-5,
92,8.3,61.6,18,3.893,,852,-62,,14.6,,0.14,0.58,3.24,0.25,,54.7,8.9,,3.926,91,,,,7.9,11.5,,,0.86,,8.5,,,6,
"24,56",17,35.9,22.8,3.949,,3,-40,,37.2,,0.02,0.7,0.07,1.75,,55.8,8.5,,4.015,100,,,,7.7,20.3,,,1.85,,14.8,,,16,
"24,51",7.2,177.1,17.5,3.849,,805,-252,,-28.4,,0.01,0.26,0.18,3.33,,54,6.5,,3.866,85,,,,5.5,10.7,,,0.39,,6.1,,,-6,
"24,51",,,,,,,,,,,,,,,,,,,,,,,,,,,,,,,,,,
92,10.2,61.7,16.5,3.914,,1002,-62,,4.2,,0.2,1.64,1.39,0.02,,54.8,6.9,,3.954,95,,,,6.3,12.5,,,3.05,,8.5,,,3,
92,10,23,11.4,3.996,,1007,-21,,-0.1,,0.1,1.84,3.37,-0.02,,56.7,7.7,,4.061,100,,,,7.1,9.2,,,1.27,,9.7,,,4,
92,16.1,49.2,16,3.984,,1764,-55,,-0.2,,0.22,-0.02,6.19,0,,56,8.5,,4.009,100,,,,7.9,17.5,,,3.24,,11.4,,,-7,
92,14.7,126,21.9,3.87,,922,-37,,0,,0.17,0.77,4.33,0,,55.1,8.8,,3.882,95,,,,8.2,18.7,,,3.38,,11.8,,,6,
23,14.3,60.4,24.4,3.857,,809,-160,,-0.8,,0.2,2.08,2.76,-1.02,,53.7,10.5,,3.909,88,,,,9.8,17.3,,,0.15,,12.5,,,12,
92,12.7,134.4,20.8,3.823,,1764,-42,,8.8,,0.53,-0.01,2.18,0,,53.6,11.5,,3.834,82,,,,10.7,14.3,,,1.34,,11.6,,,-9,
92,15.7,28.9,23.8,3.622,,1700,-88,,0,,0.26,-0.01,3.77,0,,51.2,12.4,,3.676,65,,,,11.6,20,,,1.57,,15.6,,,46,
92,12.9,22.7,33.5,3.922,,1806,-1,,22.3,,0.02,-0.01,0.03,0.03,,55,9.1,,3.934,87,,,,8,16.2,,,0.26,,14.4,,,0,
92,21.4,82.2,40.1,3.805,,849,-9,,-0.1,,0.13,4.71,1.49,0,,53.7,10.3,,3.83,79,,,,9.3,25.8,,,0.22,,19.6,,,-12,
92,21.6,0,38.5,3.842,,0,0,,0,,0,0,0,0,,53.8,10.3,,3.854,79,,,,9.4,27.2,,,0,,18.3,,,-12,
92,23.5,83.3,35.7,3.699,,1743,-35,,10.1,,0.35,0,3.73,0,,51.8,11.8,,3.712,67,,,,11,30,,,2.04,,18.7,,,-1,
92,24.5,5.3,37.1,3.707,,787,-5,,0,,0.02,0.02,0.19,0,,52,11.8,,3.72,66,,,,11,31.4,,,0.23,,19.7,,,2,
17,,,,,,,,,,,,,,,,,,,,,,,,,,,,,,,,,,
92,12.9,5.3,11.9,4.036,,988,-5,,2.8,,0.03,1.39,1.16,0,,56.9,9.3,,4.071,100,,,,8.6,12.1,,,1.56,,11,,,11,
92,11.8,68.8,17.5,3.764,,1751,-26,,2,,0.27,0.57,1.2,0,,52.7,10.3,,3.809,77,,,,9.3,13.3,,,0.5,,10,,,14,
17,,,,,,,,,,,,,,,,,,,,,,,,,,,,,,,,,,
17,,,,,,,,,,,,,,,,,,,,,,,,,,,,,,,,,,
92,20.3,47,48.8,3.781,,1757,-58,,0.3,,0.4,-0.36,3.71,-0.1,,52.8,10.1,,3.798,75,,,,9.1,24.4,,,0.95,,17.8,,,-30,
92,15.8,3.9,17.8,3.919,,797,-164,,-0.1,,0.21,-2.21,1.2,0,,54.9,5.1,,3.985,99,,,,4.3,17.4,,,0.75,,10.7,,,13,
17,,,,,,,,,,,,,,,,,,,,,,,,,,,,,,,,,,
92,18.6,0.2,29.2,3.658,,1756,-21,,4.2,,0.67,0.65,5.64,-0.01,,51.4,11.9,,3.686,60,,,,11.2,22.5,,,1.4,,16.6,,,-12,
92,14.1,76,23.8,3.812,,930,-72,,4.4,,0.24,-1.23,1.34,0,,53,12,,3.832,80,,,,11.1,16.3,,,2.14,,12.4,,,78,
92,17.2,76.8,31.3,3.992,,1017,-5,,0,,0.24,-0.01,0.32,0,,55.9,14.7,,4.004,95,,,,13.5,20.4,,,2.74,,17,,,10,
92,18,125.8,24.6,3.938,,1456,-34,,7.3,,0.1,1.86,2.32,0,,55.5,12.5,,3.974,92,,,,11.9,21.3,,,1.52,,17.5,,,0,
"24,51",,,,,,,,,,,,,,,,,,,,,,,,,,,,,,,,,,
92,17.3,29.1,24.4,3.919,,1753,-33,,1.3,,0.02,0.91,0.31,0,,55.7,10.9,,3.987,97,,,,10,19.6,,,1.19,,16.3,,,-18,
92,26.6,3.8,50.9,3.718,,1684,-25,,7.9,,0.02,0.14,2.21,0,,52.1,12.2,,3.729,73,,,,11.5,32.5,,,0.59,,20.5,,,-47,
92,17.5,129.2,26.5,3.967,,1757,-20,,-0.1,,0.09,-0.54,0.19,0.02,,55.6,10.1,,3.98,100,,,,9.3,21.4,,,1.19,,17.3,,,-15,
92,20.3,79.2,30.4,3.575,,1756,-129,,-0.1,,0.69,-0.01,6.13,0,,50.1,13.4,,3.621,56,,,,12.8,23.4,,,1.53,,17.6,,,2,
23,,,,,,,,,,,,,,,,,,,,,,,,,,,,,,,,,,
"51,56",,,,,,,,,,,,,,,,,,,,,,,,,,,,,,,,,,
"51,56",15.4,0,20.3,3.819,,0,-13,,0,,0.02,0,0.13,0,,53.6,10.8,,3.834,81,,,,9.2,19.6,,,0.13,,11.6,,,90,
"51,56",,,,,,,,,,,,,,,,,,,,,,,,,,,,,,,,,,
"51,56",,,,,,,,,,,,,,,,,,,,,,,,,,,,,,,,,,
"51,56",,,,,,,,,,,,,,,,,,,,,,,,,,,,,,,,,,
17,,,,,,,,,,,,,,,,,,,,,,,,,,,,,,,,,,
92,,,,,,,,,,,,,,,,,,,,,,,,,,,,,,,,,,
92,15.2,0,10.6,3.97,,0,0,,0.1,,0,-0.14,0,0,,55.6,10.7,,3.981,89,,,,8.8,8.3,,,0,,12.3,,,31,
92,15.9,0,10.6,3.965,,0,0,,0.1,,0,-0.14,0,0,,55.6,10.8,,3.976,89,,,,8.9,9.3,,,0,,12.4,,,31,
92,16,0,10.6,3.965,,0,0,,0.1,,0,-0.14,0,0,,55.5,10.8,,3.975,89,,,,8.9,9.3,,,0,,12.7,,,31,
92,16.5,0,10.6,3.958,,0,0,,0.1,,0,-0.14,0,0,,55.5,10.9,,3.969,88,,,,9,10.6,,,0,,12.8,,,29,
92,17.2,0,10.6,3.951,,-7,0,,0.1,,0,-0.15,0,0,,55.4,11,,3.962,88,,,,9.1,12,,,0,,13.1,,,31,
92,16.6,0,10.6,3.955,,-7,0,,0,,0,-0.13,0,0,,55.4,11,,3.966,87,,,,9.1,11.4,,,-0.01,,13.2,,,30,
92,16.6,0,10.6,3.954,,-7,0,,0.1,,0,-0.15,0,0,,55.4,11,,3.966,87,,,,9.1,10.6,,,0,,13.3,,,30,
92,16.5,0,10.6,3.954,,0,0,,0.1,,0,-0.14,0,0,,55.4,11.1,,3.965,87,,,,9.1,10.6,,,0,,13.6,,,30,
92,16.5,0,10.6,3.953,,0,0,,0.1,,0,-0.14,0,0,,55.4,11.1,,3.965,87,,,,9.1,10.4,,,0,,13.7,,,30,
92,16.3,0,10.7,3.952,,-7,0,,0.1,,0,-0.14,0,0,,55.4,11.1,,3.964,87,,,,9.2,9.4,,,0,,13.8,,,30,
"51,56",20.7,41.3,20.3,3.975,,267,-58,,0,,0.31,-0.01,2.11,0,,55.7,11,,3.989,93,,,,9.5,25.8,,,0,,14.4,,,90,
12,18.6,88.6,24.4,3.748,,1556,-187,,0,,0.41,0.44,3.84,1.61,,53.2,11.7,,3.777,83,,,,10.3,20.9,,,0.83,,15.7,,,-11,
"24,51",,,,,,,,,,,,,,,,,,,,,,,,,,,,,,,,,,
17,,,,,,,,,,,,,,,,,,,,,,,,,,,,,,,,,,
17,,,,,,,,,,,,,,,,,,,,,,,,,,,,,,,,,,
17,,,,,,,,,,,,,,,,,,,,,,,,,,,,,,,,,,
17,14.1,-3.4,23.1,3.698,,975,-138,,0.7,,0.74,0.49,7.02,1.69,,52.1,13.7,,3.73,76,,,,11.9,20.3,,,2.42,,10.4,,,8,
17,11.8,71.3,22.4,3.619,,705,-136,,-8.1,,0.71,0.33,6.08,0.36,,51.5,13.2,,3.682,67,,,,11.5,16.9,,,0.97,,9.2,,,0,
17,13.7,27.2,21.3,3.668,,2207,-128,,-11.2,,0.14,-1.42,6.15,1.82,,52.3,9.7,,3.717,75,,,,8.9,20,,,1.29,,11.4,,,32,
17,,,,,,,,,,,,,,,,,,,,,,,,,,,,,,,,,,
"24,51",,,,,,,,,,,,,,,,,,,,,,,,,,,,,,,,,,
24,6.1,0,8.8,3.598,,820,-26,,-18.9,,0.03,0,0.25,-1.04,,50.5,5.8,,3.622,32,,,,4.8,2.4,,,0,,6,,,21,
"51,56",,,,,,,,,,,,,,,,,,,,,,,,,,,,,,,,,,
17,,,,,,,,,,,,,,,,,,,,,,,,,,,,,,,,,,
17,18.1,15.2,28.5,3.66,,976,-54,,9.6,,0.21,0,1.19,1.65,,51.7,16.2,,3.701,60,,,,15,23.1,,,0,,14.5,,,-2,
"24,56",,,,,,,,,,,,,,,,,,,,,,,,,,,,,,,,,,
"24,56",21.6,2.9,32,3.933,,794,-22,,-20.3,,0,0.22,4.5,4.27,,54.5,17.5,,3.944,91,,,,16.6,26.8,,,1,,18.9,,,-8,
24,20,28,24.4,3.78,,804,-43,,109.9,,0.59,-2.21,0.1,4.71,,53.8,13,,3.849,85,,,,11.4,26.8,,,2.73,,14.1,,,-24,
17,17.8,-1.1,20.3,3.829,,788,-38,,-7.2,,0.33,0.98,5.59,-0.54,,53.8,12,,3.863,92,,,,10.7,22.3,,,1.42,,12.7,,,5,
24,25.6,113.8,30,3.824,,388,-88,,11.5,,0.13,0,0,-0.11,,54.3,18.5,,3.873,87,,,,17.2,29.9,,,0,,21.9,,,5,
17,,,,,,,,,,,,,,,,,,,,,,,,,,,,,,,,,,
17,,,,,,,,,,,,,,,,,,,,,,,,,,,,,,,,,,
"51,56",18.3,23,17.8,3.743,0,43,-4,0,-0.1,8.9,0.04,-0.01,0.1,0,0,52.7,7.5,7.9,3.779,76,0,0,0,6.1,20.3,0,0,0.26,10.6,13.1,0,0,90,9.1
"51,56,66",29,4,31.8,3.766,0,5,-1,0,0.6,8.9,0.01,-0.09,0.15,0.01,0,53,16.3,7.9,3.786,74,0,0,0,14.9,29.4,0,0,0.22,10.6,25.5,0,0,90,9.1
92,18.6,4.2,13.4,3.666,0,992,-22,0,-0.6,8.9,0.76,1.47,0.49,0,0,51.5,11.8,7.9,3.69,66,0,0,0,10.4,19.8,0,0,2.61,10.6,12.9,0,0,14,9.1
"56,66",,,,,,,,,,,,,,,,,,,,,,,,,,,,,,,,,,
"56,66",0.6,0,0.8,3.839,0,0,0,0,0,1,0,0,0,0,0,53.9,4.1,3.7,3.858,76,0,0,0,3,-4.3,0,0,0,-1.8,0.1,0,1,65,0.1
"56,66",0.8,0,0.5,3.839,0,3,0,0,0,1.5,0,0,0,0,0,53.9,4,3.6,3.858,76,0,0,0,3,-4.5,0,0,0,-1.8,0.1,0,0,65,0.4
"56,64,66",18.5,0,23,4.067,0,0,0,0,0,19.8,0,0,0,0,0,57.1,15.6,25.8,4.086,100,0,0,0,14.5,13.4,0,0,0,28.6,16.8,0,44,1,19.1
"56,64,66",21.1,0,28.6,3.981,0,-9,-1,0,0,22.7,0,0,0,0,0,56,14.8,28.4,4,92,0,0,0,13.6,14.8,0,0,0,28.6,19.8,0,6,-3,21.7
"56,64,66",21.1,0,28.6,3.979,0,3,-4,0,0,22.7,0,0,0,0,0,55.9,14.8,28.4,3.998,92,0,0,0,13.6,14.8,0,7,0,28.6,19.8,0,695,-3,21.7
"56,64,66",21.3,0,28.6,3.971,0,-9,-5,0,0,23,0,0,0,0,0,55.8,14.9,28.4,3.989,91,0,0,0,13.6,14.8,0,5,0,28.4,19.8,0,124,-3,21.7
92,9.3,12.9,12,3.87,-0.5,7,-13,2.9,-0.2,10.4,0,1.11,0,0,-0.01,54.3,6.4,10.7,3.889,81,0,0,-0.12,5.4,4.9,9,-296,1.65,8,9.2,0,-308,-5,8.5
92,9.7,5.4,12.2,3.881,0.89,4,-9,2.3,-0.1,10.4,0,-0.01,0.23,0,0.01,54.5,6.5,12,3.897,81,0,0,1.3,5.5,5.1,4.6,-127,0.31,18.5,9.2,0,-10,-2,8.6
92,11.3,2.2,16.3,3.858,-0.43,801,-12,1.2,-0.1,11.6,0,-1.42,0.2,-0.04,0.01,54.2,6.6,14.8,3.875,80,-0.02,0.01,-0.61,5.7,6.5,6.6,-11,0.3,20.2,11.2,-0.02,-201,-2,10.5
92,13.3,19.4,23.5,3.838,0.65,802,-11,-7.3,-10.9,14.8,0,-0.6,0,0,0,53.8,7,17.2,3.855,78,-0.01,0.01,-0.06,6.1,7.9,1.6,0,0.31,24.4,15.3,0,0,-2,12.7
92,13.9,0,23.1,3.85,0.01,0,-4,0,1.8,15.2,0,0.98,0,0,0,54.1,7.1,17.5,3.868,78,0,0,0.1,6.2,7.9,0,0,0,24.4,15.2,0,0,-2,13.2
92,15.2,0,23.1,3.86,0.01,2,-7,3,0.2,16.4,0,0.01,0.19,0,0,54.2,7.2,17.5,3.873,78,-0.01,0,0,6.3,9.3,0.6,-13,-0.01,24.4,16.3,0,-112,-2,14.3
92,15.2,0,23.1,3.867,0,2,0,0,0,16.6,0,0,0,0,0,54.3,7.3,17.5,3.885,78,0,0,0,6.3,9.2,0,0,0,24.4,15.4,0,0,-3,14.5
92,18.7,-2.5,23.1,3.865,0.72,1,-3,1.5,-0.1,21.5,0,0,0,0,0,54.3,9.7,21.7,3.883,79,0,0.01,0.88,8.1,12,2.5,-129,0.27,31.3,16.1,0,-115,2,18.7
92,19.4,0,23.1,3.864,0.01,0,-4,0,0,22.3,0,0,0,0,0,54.3,9.8,23.1,3.882,79,0,0,0.01,8.1,12,0,-104,0,31.4,16.6,0,-113,-1,19.5
92,19.4,0,24.1,3.856,0.01,0,-6,0,-0.1,22.3,0,0,0.18,0,0,54.2,9.8,23.1,3.874,78,0,0,0.01,8.1,12,0,-34,0,31.4,17.8,0,-118,6,19.6
92,17.2,3.7,23.1,3.859,-0.15,0,-13,2,2.2,18.5,0,1.32,0.17,0,0.01,54.2,16.5,20.3,3.875,82,0,0,0.07,15.5,13.4,2,-157,0.84,26.4,16.9,0,-113,-1,16.5
"65,66",25.8,0,30,4.078,0,3,0,0,0,24.2,0,0,0,0,0,57.2,26.7,23.1,4.096,99,0,0,0,0,24.4,0,9,0,200,24.9,0,-7,15,23.1
"56,65,66",25.8,0,30,4.077,0,3,0,0,0,24.2,0,0,0,0,0,57.2,27.1,23.1,4.095,99,0,0,0,25.8,24.4,0,10,0,200,24.9,0,0,15,23.1
"56,65,66",25.8,0,30,4.077,0,3,0,0,0,24.5,0,0,0,0,0,57.2,26.7,23.1,4.094,99,0,0,0,0,24.4,0,10,0,200,24.9,0,-6,15,23.3
"51,56",,,,,,,,,,,,,,,,,,,,,,,,,,,,,,,,,,
"51,56",34.2,63,37.2,3.861,0,784,-65,0,0,30.4,0.35,0,2.67,0,0,54.2,29.8,32.8,3.899,82,0,0,0,28.1,35.5,0,0,2.02,200,31.8,0,4,90,30.3
57,22.6,6.1,29.8,4.106,0,789,138,0,-173.5,21.7,0.04,-0.01,0.36,-0.06,0,57.9,25.5,24.3,4.226,100,0.11,-0.04,0.47,23.9,24.3,-65.2,0,1.04,200,25.6,0,3212,-4,20.8
57,23.2,33.7,30.6,4.146,0,2468,96,0,-49.3,22,0.08,-2.24,0.5,-5.82,0,58.4,25.5,23.2,4.19,100,-0.02,0,0.24,24,23.1,1.3,-1,0.32,200,25.5,0,506,-7,21.1
57,23.3,20.6,31.3,4.156,0,2042,41,0,-107.9,22.1,0.04,-2.68,0.29,-4.31,0,58.3,25.5,24.1,4.187,100,-0.29,0,0.39,24,23.1,1.2,0,0.42,200,26.1,0,2645,-3,21.3
"56,65,66",28.5,0,31.4,3.964,0,0,0,0,0,28.3,0,0,0,0,0,55.6,25,24.4,3.982,88,0,0,0,23.9,27.1,0,12,0,200,28.4,0,0,6,26.2
"56,66",28.8,0,31.4,3.964,0,7,0,0,0,28.9,0,0,0,0,0,55.6,25,25.8,3.982,88,0,0,0,23.9,27.2,0,13,0,200,28.6,0,7,6,26.6
"56,65,66",28.8,0,31.4,3.963,0,7,0,0,0,28.9,0,0,0,0,0,55.6,25,25.8,3.982,88,0,0,0,23.9,27.2,0,18,0,200,28.6,0,0,6,26.6
"56,65",,,,,,,,,,,,,,,,,,,,,,,,,,,,,,,,,,
"56,65,66",28.9,0,31.4,3.964,0,-7,0,0,0,28.9,0,0,0,0,0,55.6,24.7,25.8,3.983,88,0,0,0,0,27.2,0,19,0,200,28.7,0,0,5,26.7
"56,66",28.9,0,31.4,3.963,0,9,0,0,0,28.9,0,0,0,0,0,55.6,25,25.8,3.982,88,0,0,0,23.9,27.2,0,14,0,200,28.7,0,0,6,26.7
"56,66",29,0,31.4,3.963,0,0,0,0,0,29.4,0,0,0,0,0,55.6,25.1,25.8,3.982,88,0,0,0,23.9,27.2,0,16,0,200,28.8,0,1,6,26.8
"56,65,66",29,0,31.4,3.963,0,-3,0,0,0,29.4,0,0,0,0,0,55.6,25.1,25.8,3.982,88,0,0,0,23.9,27.2,0,18,0,200,28.8,0,0,6,26.8
"56,66",29.2,0,31.4,3.963,0,-3,0,0,0,29.4,0,0,0,0,0,55.6,25.1,25.8,3.982,88,0,0,0,23.9,27.2,0,20,0,200,28.9,0,9,6,26.9
"56,65,66",29.2,0,31.4,3.963,0,0,0,0,0,29.4,0,0,0,0,0,55.6,25.1,25.8,3.981,88,0,0,0,23.9,27.2,0,11,0,200,28.9,0,3,5,26.9
"56,65,66",29.4,0,31.6,3.963,0,3,0,0,0,29.4,0,0,0,0,0,55.6,25.2,25.8,3.981,88,0,0,0,23.9,27.2,0,14,0,200,29.2,0,3,6,27.1
"56,65,66",33.4,0,33.9,3.962,0,-6,-3,0,0,32.8,0,0,0,0,0,55.6,27.1,28.6,3.98,88,0,0,0,25.5,30,0,703,0,200,33.4,0,-1,6,30.9
"56,65",33.4,0,33.9,3.956,0,0,-1,0,0,32.8,0,0,0,0,0,55.6,27.1,28.6,3.981,88,0,0,0,25.5,30,0,92,0,200,33.4,0,2,6,30.9
"56,65,66",33.5,0,34.2,3.963,0,0,0,0,0,33.6,0,0,0,0,0,55.6,27.1,28.6,3.98,88,0,0,0,25.5,30,0,12,0,31.3,33.4,0,6,6,31.3
"56,66",33.5,0,34.2,3.962,0,3,0,0,0,33.6,0,0,0,0,0,55.6,27.2,28.6,3.98,88,0,0,0,25.5,30,0,18,0,31.3,33.4,0,0,6,31.3
"56,65,66",33.5,0,34.2,3.962,0,0,0,0,0,33.6,0,0,0,0,0,55.6,27.2,28.6,3.98,88,0,0,0,25.5,30,0,17,0,31.3,33.4,0,3,6,31.3
"56,65,66",33.8,0,34.2,3.96,0,0,-3,0,0,33.6,0,0,0,0,0,55.6,27.3,29.9,3.978,87,0,0,0,25.5,31.3,0,68,0,31.3,33.6,0,-3,6,31.6
"56,65,66",34.2,0,34.5,3.958,0,3,0,0,0,33.6,0,0,0,0,0,55.6,27.4,30,3.976,87,0,0,0,25.6,31.4,0,2,0,31.3,34,0,6,6,32.1
"56,65",,,,,,,,,,,,,,,,,,,,,,,,,,,,,,,,,,
"53,56,65,66",22.1,0,27.2,3.931,0,0,0,0,0,21.8,0,0,0,0,0,55.2,26.6,20.3,3.95,84,0,0,0,25.4,23.1,0,1,0,23.1,22.2,0,0,17,22.3
"53,56,59,65,66",,,,,,,,,,,,,,,,,,,,,,,,,,,,,,,,,,
"56,64,66",23.7,0,28.6,3.925,0,0,0,0,0,23.2,0,0,0,0,0,55.1,26.1,24.4,3.944,84,0,0,0,25,24.4,0,0,0,24.4,23.3,0,18,-14,24
"56,66",23.7,0,28.6,3.921,0,0,-13,0,0,23.2,0,0,0,0,0,55,26.1,24.4,3.939,84,0,0,0,25,24.4,0,0,0,24.4,23.3,0,1625,-13,24
"56,66",,,,,,,,,,,,,,,,,,,,,,,,,,,,,,,,,,
"56,66",24,0,28.6,3.921,0,0,-3,0,0,23.5,0,0,0,0,0,55,26.1,35.7,3.94,83,0,0,0,25,24.4,0,0,0,24.4,23.5,0,697,-14,26.9
"56,64,66",24.1,0,28.3,3.923,0,0,0,0,0,23.5,0,0,0,0,0,55.1,26,29.6,3.942,83,0,0,0,25,24.4,0,0,0,24.4,23.5,0,18,-14,27.2
"56,66",,,,,,,,,,,,,,,,,,,,,,,,,,,,,,,,,,
"56,64,66",24.3,0,28.6,3.923,0,0,0,0,0,23.8,0,0,0,0,0,55.1,26.1,28.6,3.941,83,0,0,0,25,24.4,0,0,0,24.4,23.6,0,18,-14,27.1
"56,66",,,,,,,,,,,,,,,,,,,,,,,,,,,,,,,,,,
"56,64,66",24.4,0,28.6,3.921,0,0,-1,0,0,23.9,0,0,0,0,0,55.1,26.1,28.6,3.939,83,0,0,0,25,24.4,0,0,0,24.4,23.8,0,696,-13,27.4
"56,64,66",24.7,0,28.6,3.922,0,0,0,0,0,24,0,0,0,0,0,55.1,26.1,28.6,3.941,83,0,0,0,25,24.4,0,0,0,24.4,23.9,0,13,-13,27.4
"56,64,66",24.9,0,28.6,3.922,0,0,0,0,0,24.2,0,0,0,0,0,55.1,26.1,27.2,3.941,83,0,0,0,25,24.4,0,0,0,24.4,24,0,18,-14,27.5
"56,66",24.9,0,28.6,3.922,0,0,0,0,0,24.2,0,0,0,0,0,55.1,26.1,27.2,3.941,83,0,0,0,25,24.4,0,0,0,24.4,24,0,13,-13,27.5
"56,64,66",24.9,0,28.6,3.92,0,0,-1,0,0,24.3,0,0,0,0,0,55.1,26.1,27.2,3.94,83,0,0,0,25,24.4,0,0,0,24.4,24,0,531,-14,27.5
"56,64,66",25.2,0,28.6,3.922,0,0,0,0,0,24.4,0,0,0,0,0,55.1,26.1,27.2,3.941,83,0,0,0,25,24.4,0,0,0,24.4,24.1,0,5,-13,27.5
"56,66",25.3,0,28.6,3.922,0,0,0,0,0,24.8,0,0,0,0,0,55.1,26.1,26.1,3.94,83,0,0,0,25,24.4,0,0,0,24.4,24.2,0,18,-13,27.7
"56,64,66",25.4,0,28.6,3.921,0,0,-1,0,0,24.8,0,0,0,0,0,55,26.1,25.9,3.94,83,0,0,0,24.9,24.4,0,0,0,24.4,24.3,0,703,-14,27.7
"56,66",25.4,0,27.8,3.916,0,0,0,0,0,24.9,0,0,0,0,0,55,26.1,25.9,3.94,83,0,0,0,24.9,23.1,0,0,0,24.4,24.3,0,110,-14,27.7
"56,64,66",25.4,0,27.8,3.9,0,0,-4,0,0,24.9,0,0,0,0,0,55,26.1,25.9,3.94,83,0,0,0,24.9,24.1,0,0,0,24.4,24.3,0,2578,-14,27.7
"64,66",25.7,0,27,3.921,0,0,0,0,0,25,0,0,0,0,0,55,26.1,25.9,3.94,83,0,0,0,24.9,24.3,0,0,0,24.4,24.5,0,0,-14,27.7
"56,64,66",,,,,,,,,,,,,,,,,,,,,,,,,,,,,,,,,,
"56,66",,,,,,,,,,,,,,,,,,,,,,,,,,,,,,,,,,
"56,66",25.8,0,28.6,3.919,0,0,-3,0,0,25.1,0,0,0,0,0,55,26.1,27.2,3.938,83,0,0,0,24.9,24.4,0,1,0,24.4,24.7,0,703,-13,27.2
"56,64,66",25.8,0,28.6,3.92,0,0,0,0,0,25.1,0,0,0,0,0,55,26.1,27.2,3.937,83,0,0,0,24.9,24.4,0,1,0,24.4,24.7,0,18,-14,27.2
"56,66",25.9,0,28.2,3.921,0,0,0,0,0,25.3,0,0,0,0,0,55,26,27.2,3.94,83,0,0,0,24.9,23.1,0,0,0,24.4,24.8,0,0,-13,27.2
"53,56,65,66",25.9,0,27.2,3.921,0,3,0,0,0,25.3,0,0,0,0,0,55,26,23.1,3.94,83,0,0,0,24.9,23.1,0,0,0,24.4,24.9,0,0,-13,27
"53,56,59,65,66",,,,,,,,,,,,,,,,,,,,,,,,,,,,,,,,,,
"53,56,59,65",,,,,,,,,,,,,,,,,,,,,,,,,,,,,,,,,,
"56,66",25.3,0,28.6,3.919,0,0,0,0,0,25.2,0,0,0,0,0,55,26,21.6,3.938,83,0,0,0,24.8,24.4,0,1,0,25.8,25,0,23,-13,25.9
"56,64,66",25.3,0,28.6,3.918,0,0,0,0,0,25.2,0,0,0,0,0,55,26,21.6,3.937,83,0,0,0,24.8,24.4,0,-1,0,25.8,25,0,18,-14,25.9
"56,64,66",25.6,0,28.6,3.919,0,0,0,0,0,25.3,0,0,0,0,0,55,26.1,22,3.937,83,0,0,0,24.8,24.4,0,-1,0,25.8,25.1,0,13,-13,26.8
"56,66",25.6,0,28.6,3.918,0,0,0,0,0,25.3,0,0,0,0,0,55,26.1,22,3.937,83,0,0,0,24.8,24.4,0,-1,0,25.8,25.1,0,18,-13,26.8
"56,64,66",25.7,0,28.6,3.916,0,0,-3,0,0,25.4,0,0,0,0,0,55,26.1,22,3.935,83,0,0,0,24.8,24.4,0,0,0,25.8,25.2,0,704,-14,26.8
"56,66",25.7,0,28.6,3.916,0,0,-3,0,0,25.4,0,0,0,0,0,55,26.1,22,3.935,83,0,0,0,24.8,24.4,0,0,0,25.8,25.2,0,693,-13,26.8
"56,64,66",25.7,0,28.6,3.917,0,-7,-1,0,0,25.4,0,0,0,0,0,55,26.1,22,3.936,83,0,0,0,24.8,24.4,0,0,0,25.8,25.2,0,18,-13,26.8
"56,66",24.6,0,28.6,3.918,0,0,0,0,0,25.6,0,0,0,0,0,55,25.9,22,3.937,83,0,0,0,24.8,23.4,0,0,0,25.8,24.6,0,104,-13,26.8
"56,64,66",24.6,0,28.6,3.917,0,0,-1,0,0,24.4,0,0,0,0,0,55,25.9,22,3.936,83,0,0,0,24.8,24.4,0,0,0,24.5,24.7,0,24,-13,26.8
"56,66",24.7,0,27,3.917,0,0,0,0,0,24.5,0,0,0,0,0,55,25.9,0,3.937,83,0,0,0,24.8,0,0,-1,0,0,24.7,0,13,-13,25.8
"56,66",,,,,,,,,,,,,,,,,,,,,,,,,,,,,,,,,,
"56,66",24.9,0,28.6,3.916,0,0,-3,0,0,24.7,0,0,0,0,0,55,25.9,24.4,3.935,83,0,0,0,24.8,24.4,0,0,0,25.8,24.8,0,698,-14,25.8
"56,64,66",24.9,0,28.6,3.915,0,0,-1,0,0,24.7,0,0,0,0,0,55,25.9,24.4,3.935,83,0,0,0,24.8,24.4,0,0,0,25.8,24.8,0,703,-14,25.8
"56,66",,,,,,,,,,,,,,,,,,,,,,,,,,,,,,,,,,
"56,64,66",25.1,0,28.7,3.91,0,0,-1,0,0,24.9,0,0,0,0,0,55,26,24,3.935,83,0,0,0,24.8,24.4,0,-1,0,25.8,25,0,1191,-13,26.7
"56,64,66",25.2,0,28.7,3.916,0,0,0,0,0,25,0,0,0,0,0,55,26,24,3.935,83,0,0,0,24.8,24.4,0,0,0,25.8,25,0,18,-14,26.7
"56,64,66",25.6,0,28.6,3.916,0,0,0,0,0,25.3,0,0,0,0,0,55,26,24,3.935,83,0,0,0,24.8,24.4,0,-1,0,25.8,25.2,0,13,-13,26.7
"56,64,66",25.9,0,28.7,3.915,0,0,0,0,0,25.6,0,0,0,0,0,55,26.1,24,3.934,83,0,0,0,24.8,24.4,0,0,0,25.8,25.6,0,17,-13,26.7
"56,64,66",26.1,0,28.8,3.915,0,-7,0,0,0,25.9,0,0,0,0,0,55,26.1,24,3.933,83,0,0,0,24.8,24.4,0,0,0,25.8,25.8,0,13,-13,26.7
"56,64,66",26.2,0,29.1,3.914,0,0,0,0,0,26,0,0,0,0,0,55,26.1,24,3.933,82,0,0,0,24.8,24.4,0,0,0,25.8,25.9,0,18,-14,26.7
"64,66",,,,,,,,,,,,,,,,,,,,,,,,,,,,,,,,,,
"56,66",26.3,0,28.6,3.913,0,-7,0,0,0,26.1,0,0,0,0,0,54.9,26.2,25.8,3.932,82,0,0,0,24.8,24.4,0,0,0,25.8,26.1,0,18,-13,26.9
"56,64,66",26.3,0,28.6,3.913,0,0,0,0,0,26.1,0,0,0,0,0,54.9,26.2,25.8,3.932,82,0,0,0,24.8,24.4,0,0,0,25.8,26.1,0,18,-14,26.9
"56,66",26.5,0,29.9,3.913,0,0,0,0,0,26.3,0,0,0,0,0,54.9,26.2,22.5,3.932,82,0,0,0,24.8,24.4,0,0,0,25.8,26.2,0,16,-14,27.1
53,,,,,,,,,,,,,,,,,,,,,,,,,,,,,,,,,,
"56,59,66",29.6,0,30,3.899,0,-3,0,0,0,29,0,0,0,0,0,54.8,26.4,24.4,3.919,81,0,0,0,24.9,28.6,0,0,0,27.2,27.9,0,-6,-13,28.6
"53,56,66",29.3,0,30,3.9,0,3,0,0,0,28.8,0,0,0,0,0,54.8,26.4,23.1,3.92,81,0,0,0,24.9,28.5,0,0,0,27.2,27.9,0,-1,-13,28.6
"56,66",28.6,0,29.7,3.898,0,0,0,0,0,28.5,0,0,0,0,0,54.7,26.4,27.1,3.918,81,0,0,0,24.9,27.6,0,0,0,26.9,27.8,0,32,-13,29
"56,66",28.6,0,30,3.898,0,0,0,0,0,28.5,0,0,0,0,0,54.7,26.4,27.1,3.918,81,0,0,0,24.9,27.2,0,0,0,27.2,27.8,0,35,-13,29
"56,64,66",28.6,0,30,3.898,0,0,0,0,0,28.5,0,0,0,0,0,54.7,26.4,27.1,3.918,81,0,0,0,24.9,27.2,0,0,0,27.2,27.8,0,29,-13,29
"56,64,66",28.4,0,30,3.898,0,0,0,0,0,28.3,0,0,0,0,0,54.7,26.5,27.1,3.917,81,0,0,0,24.9,27.8,0,0,0,27.2,27.7,0,18,-13,29
"56,64,66",28.3,0,28.6,3.898,0,0,-3,0,0,26.2,0,0,0,0,0,54.7,26.3,27.1,3.918,81,0,0,0,24.9,25.9,0,0,0,27.2,27.7,0,699,-13,29
"56,64,66",21.6,0,28.6,3.9,0,0,0,0,0,21.3,0,0,0,0,0,54.7,25,19.8,3.919,80,0,0,0,24.2,23.1,0,0,0,24.4,22,0,18,-13,22
"56,66",,,,,,,,,,,,,,,,,,,,,,,,,,,,,,,,,,
"56,64,66",21.7,0,28.6,3.899,0,0,0,0,0,21.3,0,0,0,0,0,54.7,25.1,19.8,3.919,80,0,0,0,24.2,23.1,0,0,0,24.4,22,0,111,-13,22
"56,64,66",22,0,28.6,3.899,0,0,0,0,0,21.5,0,0,0,0,0,54.7,25,19.8,3.918,80,0,0,0,24.1,23.6,0,0,0,24.4,22.2,0,18,-13,22
"56,64,66",22.4,0,28.6,3.898,0,0,0,0,0,21.8,0,0,0,0,0,54.7,25.1,19.8,3.918,80,0,0,0,24.1,24.3,0,0,0,24.4,22.4,0,12,-13,22
"53,54,56,66",27.8,0,31.4,3.888,0,0,0,0,0,22.2,0,0,0,0,0,54.6,26.5,17.9,3.908,79,0,0,0,25.4,27.2,0,0,0,24.4,27.9,0,-11,-14,23.1
"53,54,56,59,62,66",27.8,0,31.4,3.888,0,7,0,0,0,22.2,0,0,0,0,0,54.6,26.5,17.9,3.908,79,0,0,0,25.4,27.2,0,0,0,24.4,27.9,0,-11,-14,23.1
"53,54,56,58,59,62,66",,,,,,,,,,,,,,,,,,,,,,,,,,,,,,,,,,
"53,54,56,59,62,66",,,,,,,,,,,,,,,,,,,,,,,,,,,,,,,,,,
"53,54,56,59,62,66",27.9,0,32.8,3.887,0,7,0,0,0,22.2,0,0,0,0,0,54.6,26.6,17.9,3.907,79,0,0,0,25.4,28.6,0,0,0,24.4,28.1,0,-11,-14,23.1
"53,54,56,58,59,62,66",27.9,0,32.8,3.887,0,0,0,0,0,22.2,0,0,0,0,0,54.6,26.7,17.9,3.907,79,0,0,0,25.4,28.6,0,0,0,24.4,28.1,0,-11,-14,23.1
"53,54,56,59,62,66",27.9,0,32.8,3.887,0,0,0,0,0,22.2,0,0,0,0,0,54.6,26.7,17.9,3.907,79,0,0,0,25.4,28.6,0,0,0,24.4,28.1,0,-11,-13,23.1
"53,54,56,58,59,62,66",28,0,32.8,3.887,0,3,0,0,0,22.2,0,0,0,0,0,54.6,26.7,17.9,3.907,79,0,0,0,25.4,28.6,0,0,0,24.4,28.1,0,-11,-14,23.1
"53,54,56,59,62,66",28,0,32.8,3.886,0,0,0,0,0,22.2,0,0,0,0,0,54.6,26.7,17.9,3.907,79,0,0,0,25.4,28.6,0,0,0,24.4,28.1,0,-11,-14,23.1
"53,54,56,58,59,62,66",28.1,0,32.8,3.886,0,7,0,0,0,22.2,0,0,0,0,0,54.6,26.7,17.9,3.907,79,0,0,0,25.4,28.6,0,0,0,24.4,28.3,0,-11,-14,23.1
"53,54,56,59,62,66",28.1,0,32.8,3.886,0,0,0,0,0,22.2,0,0,0,0,0,54.6,26.7,17.9,3.907,79,0,0,0,25.4,28.6,0,0,0,24.4,28.3,0,-11,-14,23.1
"53,54,56,59,62,66",,,,,,,,,,,,,,,,,,,,,,,,,,,,,,,,,,
"53,54,56,59,62,66",28.1,0,32.8,3.886,0,7,0,0,0,22.2,0,0,0,0,0,54.6,26.7,17.9,3.906,79,0,0,0,25.4,28.6,0,0,0,24.4,28.3,0,-11,-14,23.1
"53,54,56,58,59,62,66",,,,,,,,,,,,,,,,,,,,,,,,,,,,,,,,,,
"53,54,56,59,62,66",,,,,,,,,,,,,,,,,,,,,,,,,,,,,,,,,,
"53,54,56,58,59,62,66",28.3,0,32.8,3.886,0,-3,0,0,0,22.2,0,0,0,0,0,54.6,26.7,17.9,3.906,79,0,0,0,25.4,28.6,0,0,0,24.4,28.4,0,-11,-14,23.1
"53,54,56,59,62,66",28.3,0,32.8,3.886,0,7,0,0,0,22.2,0,0,0,0,0,54.6,26.7,17.9,3.906,79,0,0,0,25.4,28.6,0,0,0,24.4,28.4,0,-11,-14,23.1
"53,54,56,66",28.4,0,32.8,3.886,0,-6,0,0,0,22.2,0,0,0,0,0,54.6,26.7,17.9,3.906,79,0,0,0,25.4,28.6,0,0,0,24.4,28.4,0,-11,-14,23.1
"53,54,56,66",28.4,0,32.8,3.886,0,0,0,0,0,22.2,0,0,0,0,0,54.6,26.7,17.9,3.906,79,0,0,0,25.4,28.6,0,0,0,24.4,28.4,0,-11,-14,23.1
"53,54,56,59,62,66",28.4,0,32.8,3.886,0,7,0,0,0,22.2,0,0,0,0,0,54.6,26.7,17.9,3.906,79,0,0,0,25.4,28.6,0,0,0,24.4,28.4,0,-11,-14,23.1
"53,54,56,58,59,62,66",,,,,,,,,,,,,,,,,,,,,,,,,,,,,,,,,,
"53,54,56,59,62,66",28.4,0,32.8,3.886,0,0,0,0,0,22.2,0,0,0,0,0,54.6,26.7,17.9,3.906,79,0,0,0,25.4,28.6,0,0,0,24.4,28.4,0,-11,-14,23.1
"53,54,56,59,62,66",,,,,,,,,,,,,,,,,,,,,,,,,,,,,,,,,,
"53,54,56,58,59,62,66",28.4,0,32.8,3.885,0,0,0,0,0,22.2,0,0,0,0,0,54.6,26.8,17.9,3.906,79,0,0,0,25.4,28.6,0,0,0,24.4,28.5,0,-11,-14,23.1
"53,54,56,59,62,66",28.4,0,32.8,3.885,0,0,0,0,0,22.2,0,0,0,0,0,54.6,26.7,17.9,3.906,79,0,0,0,25.4,28.6,0,0,0,24.4,28.5,0,-11,-14,23.1
"53,54,56,58,59,62,66",28.5,0,32.8,3.885,0,0,0,0,0,22.2,0,0,0,0,0,54.6,26.8,17.9,3.906,79,0,0,0,25.4,28.6,0,0,0,24.4,28.5,0,-11,-14,23.1
"53,54,56,59,62,66",28.5,0,32.8,3.885,0,0,0,0,0,22.2,0,0,0,0,0,54.6,26.7,17.9,3.906,79,0,0,0,25.4,28.6,0,0,0,24.4,28.5,0,-11,-14,23.1
"53,54,56,57,59,62,66",28.5,0,30.7,3.885,0,0,0,0,0,22.2,0,0,0,0,0,54.6,26.8,17.9,3.906,79,0,0,0,25.4,28.6,0,0,0,24.4,28.5,0,-11,-13,23.1
"53,54,56,66",28.5,0,32.2,3.885,0,0,0,0,0,22.2,0,0,0,0,0,54.6,26.7,17.9,3.906,79,0,0,0,25.4,28.6,0,0,0,24.4,28.6,0,-11,-14,23.1
"53,54,56,59,62,66",,,,,,,,,,,,,,,,,,,,,,,,,,,,,,,,,,
"53,54,56,57,59,62",,,,,,,,,,,,,,,,,,,,,,,,,,,,,,,,,,
"53,54,56,66",28.5,0,32.2,3.885,0,-7,0,0,0,22.2,0,0,0,0,0,54.6,26.7,17.9,3.906,79,0,0,0,25.4,28.6,0,0,0,24.4,28.6,0,-11,-14,23.1
"53,54,56,59,62,66",,,,,,,,,,,,,,,,,,,,,,,,,,,,,,,,,,
"53,54,55,56,57,59,62,66",28.5,0,32.2,3.885,0,0,0,0,0,22.2,0,0,0,0,0,54.6,26.7,17.9,3.906,79,0,0,0,25.4,28.6,0,0,0,24.4,28.6,0,-11,-13,23.1
"53,54,56,66",28.5,0,32.2,3.885,0,0,0,0,0,22.2,0,0,0,0,0,54.6,26.7,17.9,3.906,79,0,0,0,25.4,28.6,0,0,0,24.4,28.6,0,-11,-14,23.1
"53,54,56,59,62,66",28.6,0,31.5,3.885,0,-7,0,0,0,22.2,0,0,0,0,0,54.6,26.7,17.9,3.906,79,0,0,0,25.4,28.6,0,0,0,24.4,28.6,0,-11,-14,23.1
"53,56,57,59,62,66",28.6,0,29.8,3.886,0,0,0,0,0,22.2,0,0,0,0,0,54.6,26.7,17.9,3.906,79,0,0,0,25.4,28.6,0,0,0,24.4,28.6,0,-11,-13,23.1
"53,54,56,66",28.5,0,31.4,3.886,0,0,0,0,0,22.2,0,0,0,0,0,54.6,26.7,17.9,3.906,79,0,0,0,25.4,27.5,0,0,0,24.4,28.5,0,-11,-14,23.1
"53,54,56,59,62,66",28.5,0,31.4,3.886,0,0,0,0,0,22.2,0,0,0,0,0,54.6,26.7,17.9,3.906,79,0,0,0,25.4,27.5,0,0,0,24.4,28.5,0,-11,-14,23.1
"53,54,56,57,59,62,66",28.5,0,31.4,3.886,0,0,0,0,0,22.2,0,0,0,0,0,54.6,26.7,17.9,3.906,79,0,0,0,25.4,27.5,0,0,0,24.4,28.5,0,-11,-13,23.1
"53,54,56,66",28.4,0,31.4,3.885,0,0,0,0,0,22.2,0,0,0,0,0,54.5,26.4,17.9,3.906,79,0,0,0,0,27.2,0,0,0,24.4,28.4,0,-11,-14,23.1
"53,54,56,58,59,62,66",28.4,0,31.4,3.885,0,0,0,0,0,22.2,0,0,0,0,0,54.5,26.4,17.9,3.906,79,0,0,0,0,27.2,0,0,0,24.4,28.4,0,-11,-14,23.1
"54,56,59,62,66",28.4,0,31.4,3.885,0,0,0,0,0,22.2,0,0,0,0,0,54.5,26.7,17.9,3.906,79,0,0,0,25.5,27.2,0,0,0,24.4,28.4,0,-11,-3,23.1
"53,54,56,66",28.4,0,31.4,3.885,0,0,-1,0,0,22.2,0,0,0,0,0,54.6,26.8,17.9,3.906,79,0,0,0,25.4,27.2,0,0,0,24.4,28.4,0,-11,-14,23.1
"53,54,56,59,62,66",28.4,0,31.4,3.885,0,0,0,0,0,22.2,0,0,0,0,0,54.6,26.8,17.9,3.906,79,0,0,0,25.4,27.2,0,0,0,24.4,28.4,0,-11,-14,23.1
"53,54,56,57,59,62,66",28.3,0,31.6,3.885,0,0,0,0,0,22.2,0,0,0,0,0,54.6,26.8,17.9,3.906,79,0,0,0,25.4,27.2,0,0,0,24.4,28.4,0,-11,-23,23.1
"24,51",,,,,,,,,,,,,,,,,,,,,,,,,,,,,,,,,,
41,19.9,0,18.9,4.07,0,0,0,0,0,20.6,0,0,0,0,0,57.2,14.1,18.9,4.093,99,0,0,0,12.7,16.2,0,0,0,20.3,19.4,0,2,3,20.2
41,19.9,0,18.9,4.07,0,5,0,0,0,20.6,0,0,0,0,0,57.2,14.1,18.9,4.092,99,0,0,0,12.7,16.2,0,0,0,20.3,19.4,0,2,3,20.2
"41,56,66",,,,,,,,,,,,,,,,,,,,,,,,,,,,,,,,,,
41,19.8,0,18.9,4.07,0,0,0,0,0,20.5,0,0,0,0,0,57.3,14.2,18.9,4.095,100,0,0,0,0,17.5,0,0,0,20.3,19,0,0,3,19.9
"41,56,66",,,,,,,,,,,,,,,,,,,,,,,,,,,,,,,,,,
"56,66",,,,,,,,,,,,,,,,,,,,,,,,,,,,,,,,,,
"56,66",18.5,0,18.9,4.07,0,7,0,0,0,20,0,0,0,0,0,57.2,14.3,18.9,4.093,100,0,0,0,0,16.2,0,-3,0,20.3,18.6,0,0,3,19.3
"56,66",18.5,0,18.9,4.07,0,0,0,0,0,20,0,0,0,0,0,57.2,14.3,18.9,4.092,99,0,0,0,12.9,16.2,0,0,0,20.3,18.6,0,0,3,19.4
92,11,16.9,12.9,3.846,0.35,0,0,1.7,5,9.3,0,0.51,0,0,0.01,54,6.9,9.7,3.863,85,0,0.01,0.5,5.1,9.2,4.4,-27,0.88,7.7,8.2,0,-49,-18,9
"56,66",15.3,0,17.3,3.926,0,-6,22,0,0,15.3,0,0,0,0,0,55.1,16.2,14.8,3.943,85,0,0,0,14.5,13,0,0,0,14.8,14.3,0,0,5,15
"56,66",15.3,0,17.5,3.931,0,0,22,0,0,15.3,0,0,0,0,0,55.2,16.3,14.8,3.949,85,0,0,0,14.5,13.1,0,6,0,14.8,14.3,0,0,6,15
"56,66",15.3,0,18.5,3.939,0,0,22,0,0,15.4,0,0,0,0,0,55.3,16.4,14.8,3.955,85,0,0,0,14.6,13.2,0,-1,0,14.8,14.3,0,0,6,15.2
"56,66",15.3,0,17.5,3.93,0,-7,0,0,0,15.4,0,0,0,0,0,55.1,16.4,14.8,3.946,86,0,0,0,14.6,13.4,0,1,0,14.8,14.3,0,0,6,15.2
"56,66",15.4,0,18.9,3.927,0,0,0,0,0,15.4,0,0,0,0,0,55.1,16.4,14.9,3.942,86,0,0,0,14.7,13.4,0,0,0,14.8,14.4,0,1,6,15.3
"56,66",15.5,0,18.7,3.921,0,-7,0,0,0,15.4,0,0,0,0,0,55,16.4,15.3,3.937,86,0,0,0,14.6,13.4,0,0,0,14.8,14.4,0,0,5,15.3
"56,66",15.5,0,17.5,3.922,0,7,0,0,0,15.7,0,0,0,0,0,55,16.3,14.8,3.936,90,0,0,0,0,13.3,0,7,0,14.8,14.4,0,0,5,15.4
"56,66",15.5,0,17.5,3.921,0,0,0,0,0,15.7,0,0,0,0,0,55,16.3,14.8,3.935,90,0,0,0,0,13,0,-7,0,14.8,14.5,0,9,6,15.4
"56,66",15.5,0,17.5,4.011,0,0,22,0,0,15.7,0,0,0,0,0,56.3,17,14.8,4.028,92,0,0,0,15,12,0,7,0,14.8,14.5,0,0,6,15.4
41,,,,,,,,,,,,,,,,,,,,,,,,,,,,,,,,,,
41,19.8,0,9.3,4.057,0,-2,0,0,0,14.7,0,0,0,0,0,57.2,11.2,11.4,4.096,100,0,0,0,10.3,9.3,0,0,0,20.3,13.7,0,0,7,14.3
"21,67",6.1,0,83.7,4.118,,0,-4,,0,,0,0,0,0,,57.8,4.9,,4.138,100,,,,3,-0.5,,,0,,4.2,,,-1,
"21,67",6.1,0,83.7,4.119,,5,-4,,0,,0,0,0,0,,57.8,4.9,,4.138,100,,,,3,-0.5,,,0,,4.2,,,-1,
"21,67,69",6.5,0,83.7,4.115,,800,-6,,0,,0.03,0,0.27,0,,57.8,4.9,,4.133,100,,,,3,-0.5,,,0,,4.2,,,2,
"21,25,67",6.5,20.2,83.7,4.109,,674,-17,,0,,0.05,0,0.3,0,,57.6,4.9,,4.128,100,,,,3,-0.5,,,0,,4.2,,,2,
67,,,,,,,,,,,,,,,,,,,,,,,,,,,,,,,,,,
"21,25,69",7.9,188.6,-40,4.114,,2236,-8,,0,,0.32,0,4.92,0,,57.7,9.8,,4.072,100,,,,6.8,2,,,0,,5.8,,,2,
"21,25,69",7.9,7,0,4.117,,0,0,,0,,0,0,0,0,,57.8,9.8,,4.133,100,,,,0,2.4,,,0,,5.8,,,2,
"21,25,67,69",9.1,0,-40,4.118,,7,0,,0,,0,0,0,0,,57.8,4.3,,4.136,100,,,,2.4,2.4,,,0,,6,,,90,
"21,67,69",,,,,,,,,,,,,,,,,,,,,,,,,,,,,,,,,,
25,5,0,-40,4.116,,3,0,,0,,0,0,0,0,,57.8,4.7,,4.135,100,,,,3,-3,,,0,,2,,,90,
"21,25,69",5.5,0,-40,4.124,,0,0,,0,,0,0,0,0,,57.9,5.4,,4.14,100,,,,3,-1.8,,,0,,3.5,,,-3,
"21,25,69",5.5,0,-40,4.124,,7,0,,0,,0,0,0,0,,57.9,5.4,,4.14,100,,,,3.1,-1.8,,,0,,3.5,,,0,
"21,25,69",5.5,0,-40,4.125,,7,0,,0,,0,0,0,0,,57.9,6.6,,4.14,100,,,,3.7,-1.8,,,0,,3.5,,,-1,
"21,25,67,69",5.5,0,-40,4.125,,0,0,,0,,0,0,0,0,,57.9,6.6,,4.14,100,,,,3.7,-1.8,,,0,,3.5,,,3,
"21,25,69",5.6,0,0,4.127,,7,0,,0,,0,0,0,0,,57.9,6.9,,4.142,100,,,,4,-1.8,,,0,,3.7,,,1,
"21,67",,,,,,,,,,,,,,,,,,,,,,,,,,,,,,,,,,
"25,69",7.6,0,-40,4.127,,0,0,,0,,0,0,0,0,,57.9,8.7,,4.142,100,,,,5.8,0,,,0,,5.6,,,-1,
"21,25,69",7.8,0,-40,4.127,,-3,0,,0,,0,0,0,0,,57.9,8.7,,4.141,100,,,,5.8,1,,,0,,5.6,,,0,
"25,69",7.8,0,-40,4.126,,3,0,,0,,0,0,0,0,,57.9,8.7,,4.14,100,,,,5.8,0,,,0,,5.6,,,0,
"21,25,67,69",7.8,0,-40,4.126,,0,0,,0,,0,0,0,0,,57.9,8.8,,4.141,100,,,,5.8,0,,,0,,5.6,,,1,
"21,25,67,69",7.1,0,-40,4.126,,3,0,,0,,0,0,0,0,,57.9,8.8,,4.14,100,,,,5.8,0.8,,,0,,5.1,,,90,
"67,69",7.2,0,-40,4.123,,0,-1,,0,,0,0,0,0,,57.8,8.7,,4.138,100,,,,5.8,1,,,0,,5.1,,,90,
"25,67,69",5.3,0,-40,4.126,,0,0,,0,,0,0,0,0,,57.9,5.6,,4.143,100,,,,3.7,-1.8,,,0,,3.3,,,90,
"25,67,69",5.3,0,-40,4.127,,0,0,,0,,0,0,0,0,,57.9,5.6,,4.143,100,,,,3.6,-1.8,,,0,,3.3,,,90,
"25,67,69",5.3,0,0,4.126,,0,0,,0,,0,0,0,0,,57.9,5.9,,4.141,100,,,,3.6,-1.8,,,0,,3.3,,,90,
"25,67,69",5.3,0,-40,4.125,,0,0,,0,,0,0,0,0,,57.9,6,,4.141,100,,,,3.6,-1.8,,,0,,3.3,,,90,
"25,67,69",7.3,64.8,-40,4.081,,1013,-19,,0,,0.04,0,0.02,0,,57.3,6.1,,4.105,100,,,,3.7,2.4,,,3.88,,3.3,,,90,
"25,67,69",5.5,0,-40,4.124,,-3,0,,0,,0,0,0,0,,57.8,5.9,,4.139,100,,,,3.3,-1.8,,,0,,3.3,,,90,
"25,69",,,,,,,,,,,,,,,,,,,,,,,,,,,,,,,,,,
"25,67,69",5.5,0,0,4.126,,0,0,,0,,0,0,0,0,,57.9,7.3,,4.141,100,,,,4.2,-1.8,,,0,,3.5,,,90,
"25,67,69",5.5,0,-40,4.124,,3,0,,0,,0,0,0,0,,57.9,7.3,,4.14,100,,,,4.2,-3.2,,,0,,3.5,,,90,
"25,67,69",5.3,0,-40,4.124,,-3,0,,0,,0,0,0,0,,57.9,7.2,,4.14,100,,,,4.1,-1.8,,,0,,3.3,,,90,
"25,67,69",5.3,0,-40,4.121,,487,0,,0,,0,0,0,0,,57.8,5.9,,4.139,100,,,,4.2,-1.8,,,0,,3.4,,,90,
"25,67,69",7.6,0,-40,4.127,,0,0,,0,,0,0,0,0,,57.9,5,,4.142,100,,,,2.2,0,,,0,,5,,,90,
"21,25,67,69",7.6,0,-40,4.126,,0,0,,0,,0,0,0,0,,57.9,5,,4.142,100,,,,2.2,0,,,0,,5,,,90,
"21,69",,,,,,,,,,,,,,,,,,,,,,,,,,,,,,,,,,
"21,25,67,69",7.8,0,0,4.126,,0,0,,0,,0,0,0,0,,57.9,5,,4.142,100,,,,0,-0.4,,,0,,5.1,,,90,
"21,25",,,,,,,,,,,,,,,,,,,,,,,,,,,,,,,,,,
"21,25,67,69",8.4,0,-40,4.123,,-3,0,,0,,0,0,0,0,,57.9,6.1,,4.14,100,,,,4.1,1.3,,,0,,5.3,,,90,
"21,25,69",,,,,,,,,,,,,,,,,,,,,,,,,,,,,,,,,,
"21,25,67,69",8.4,0,-40,4.123,,3,0,,0,,0,0,0,0,,57.8,12.6,,4.138,100,,,,10.7,1.3,,,0,,5.3,,,90,
"25,67",,,,,,,,,,,,,,,,,,,,,,,,,,,,,,,,,,
"21,25,67,69",15.2,0,-40,4.123,,-7,0,,0,,0,0,0,0,,57.8,12.7,,4.138,100,,,,10.8,8.3,,,0,,13.2,,,90,
"21,25,67,69",15.3,0,-40,4.123,,0,0,,0,,0,0,0,0,,57.8,12.8,,4.137,100,,,,10.9,9.3,,,0,,13.5,,,90,
69,,,,,,,,,,,,,,,,,,,,,,,,,,,,,,,,,,
"25,41,67,69",15.6,0,-40,4.122,,-3,0,,0,,0,0,0,0,,57.8,12.7,,4.137,100,,,,10.8,9.3,,,0,,13.7,,,90,
"21,25,41,67,69",15.6,0,-40,4.122,,3,0,,0,,0,0,0,0,,57.8,12.7,,4.136,100,,,,10.8,9.3,,,0,,13.7,,,90,
"21,25,67,69",15.7,0,-40,4.123,,0,0,,0,,0,0,0,0,,57.8,12.8,,4.136,100,,,,0,9.3,,,0,,13.7,,,90,
"21,25,67,69",15.7,0,-40,4.122,,7,0,,0,,0,0,0,0,,57.8,12.8,,4.136,100,,,,11,9.3,,,0,,13.9,,,90,
"21,25,67,69",,,,,,,,,,,,,,,,,,,,,,,,,,,,,,,,,,
"25,69",,,,,,,,,,,,,,,,,,,,,,,,,,,,,,,,,,
"25,67,69",15.2,0,-40,4.121,,0,0,,0,,0,0,0,0,,57.8,12.9,,4.136,100,,,,0,9.3,,,0,,13.1,,,90,
67,15.2,0,-40,4.121,,0,0,,0,,0,0,0,0,,57.8,13,,4.136,100,,,,11,9.3,,,0,,13.1,,,90,
28,14.3,93.5,144.9,3.731,,2506,-69,,21.2,,0.38,0.23,4.1,0.37,,53.5,8.8,,3.841,83,,,,6.8,19,,,1,,11.5,,,-2,
28,7.3,4.1,128.4,3.812,,3,0,,0,,0,0,0,0,,54,9.2,,3.864,79,,,,0,9.3,,,0.26,,8.2,,,-3,
28,17.4,70.3,120.6,3.633,,2500,-140,,-1.7,,0.43,0.72,3.65,-1.66,,51,11.3,,3.652,64,,,,9.1,25.5,,,0.26,,14.8,,,-10,
28,5.4,0,131,3.674,,-3,0,,0,,0,0,0,0,,52,10.1,,3.722,62,,,,0,1,,,0,,6.3,,,5,
28,5.5,21.2,125.9,3.67,,-9,-61,,0,,0.02,0,0.05,0,,51.4,10.2,,3.68,61,,,,7.5,1,,,0,,6.3,,,5,
12,6.3,23.6,111.9,3.699,,1139,-4,,23.3,,0.02,0,2.86,-0.03,,51.8,10.2,,3.71,61,,,,7.6,2.4,,,0,,7.3,,,4,
"12,18",6.8,3.6,108.5,3.7,,0,-1,,0,,0,0,0,0,,51.9,10.2,,3.714,61,,,,7.6,3.7,,,0.18,,6.6,,,-11,
"12,18,36",6.8,0,108,3.7,,660,0,,0,,0,0,0.02,0,,51.9,10.2,,3.715,61,,,,7.6,2.5,,,0,,6.6,,,-10,
"12,18,21,36",6.8,0,107.5,3.7,,0,0,,0,,0,0,0,0,,51.9,10.2,,3.715,61,,,,7.6,3.7,,,0,,6.6,,,-11,
"12,18,36",6.8,0,105.5,3.687,,7,0,,0,,0,0,0,0,,51.8,10.1,,3.708,61,,,,7.6,3.6,,,0,,6.6,,,-11,
"21,29",1.9,201.8,-39.6,3.924,,2299,-198,,0,,1.08,0,9.26,0,,55,1.1,,3.945,100,,,,-1,-2.5,,,0,,1.9,,,43,
"21,29",0.5,0,184.8,4.12,,0,0,,0,,0,0,0,0,,57.8,-1.7,,4.136,100,,,,-3.6,-5.9,,,0,,0.9,,,-68,
"21,29",0.7,0,200,4.12,,0,0,,0,,0,0,0,0,,57.8,-1.7,,4.137,100,,,,-3.5,-5.9,,,0,,0.9,,,-69,
"21,29",1.4,0,200,4.118,,-5,0,,0,,0,0,0,0,,57.8,-1.7,,4.135,100,,,,-3.5,-4.6,,,0,,1.2,,,-68,
"21,29",1.5,0,199.2,4.118,,-3,0,,0,,0,0,0,0,,57.8,-1.7,,4.134,100,,,,-3.4,-4.5,,,0,,1.4,,,-68,
"21,29",1.5,0,169.1,4.118,,2,0,,0,,0,0,0,0,,57.8,-1.7,,4.135,100,,,,-3.4,-4.5,,,0,,1.4,,,-67,
"21,29",1.5,0,152.2,4.118,,2,0,,0,,0,0,0,0,,57.8,-1.7,,4.134,100,,,,-3.4,-4.5,,,0,,1.4,,,-67,
"21,29",1.5,0,163.1,4.118,,-2,0,,0,,0,0,0,0,,57.8,-1.7,,4.134,100,,,,-3.4,-4.5,,,0,,1.4,,,-67,
"21,92",1.5,0,-37.6,4.119,,3,0,,0,,0,0,0,0,,57.8,0,,4.135,100,,,,-3.4,-4.5,,,0,,1.5,,,-67,
"21,29",1.8,0,-40,4.117,,-3,0,,0,,0,0,0,0,,57.8,-1.6,,4.133,100,,,,-3.4,-4.5,,,0,,1.8,,,-66,
"21,29",1.8,0,-40,4.117,,0,0,,0,,0,0,0,0,,57.8,-1.6,,4.134,100,,,,-3.4,-4.5,,,0,,1.9,,,-66,
"21,29",1.8,0,170.8,4.117,,-3,0,,0,,0,0,0,0,,57.8,-1.6,,4.132,100,,,,-3.3,-4.6,,,0,,2,,,-67,
"51,56",33.4,-1.3,29.9,3.958,,0,-52,,0,,0.3,0,2.75,0,,55.6,17.3,,3.995,90,,,,15.7,35.7,,,0,,28.8,,,6,
"51,56",,,,,,,,,,,,,,,,,,,,,,,,,,,,,,,,,,
"51,56",,,,,,,,,,,,,,,,,,,,,,,,,,,,,,,,,,
92,12,132.5,17.5,3.816,,1741,-18,,5.7,,0.71,-0.52,2.03,0.13,,53.9,8.9,,3.863,89,,,,6.5,13.4,,,0.53,,11.2,,,15,
41,8.7,5.7,12.3,3.779,,794,-6,,-0.1,,0.02,-0.01,0.24,0,,53,15.7,,3.794,72,,,,12.1,1,,,0.3,,8.6,,,-1,
41,9.2,0,12.1,3.781,,0,0,,-0.1,,0,-0.01,0,0,,53,15.7,,3.797,72,,,,12.1,1,,,0,,8.9,,,-1,
"51,56",17.3,0,13.4,4.076,,0,-30,,0,,0.02,0,0.14,0,,57.3,12.4,,4.122,100,,,,10.6,9.2,,,0.14,,16.1,,,3,
"51,56",27.2,-0.5,35.7,3.924,,0,-59,,0,,0.33,0,2.66,0,,55,16.1,,3.962,91,,,,14.8,30,,,1.13,,23.5,,,5,
"51,56",16.2,70.4,17.5,3.558,,713,-37,,0,,0.34,0,2.71,0,,50.4,6,,3.614,41,,,,4.2,25.8,,,1.71,,6.4,,,90,
41,16.2,0,13.4,3.954,,0,0,,0,,0,0,0,0,,55.5,14.1,,3.97,81,,,,0,10.6,,,0,,13.9,,,-18,
41,15,0,13.9,3.952,,-3,0,,0,,0,0,0,0,,55.5,14.3,,3.97,81,,,,13.6,10.6,,,0,,13.3,,,-19,
41,,,,,,,,,,,,,,,,,,,,,,,,,,,,,,,,,,
41,15.6,0,14.8,3.947,,0,0,,0,,0,0,0,0,,55.4,14.3,,3.965,81,,,,13.6,10.6,,,0,,13.6,,,-1,
"51,56",31.4,62.3,24.4,3.95,,107,-19,,0,,0.33,0,2.64,0,,55.5,17,,3.965,86,,,,15.5,40,,,3.19,,18.5,,,2,
58,14,0,9.3,4.124,,0,0,,-0.1,,0,-0.02,0,0,,57.9,14,,4.143,100,,,,10.8,6.5,,,0,,12.4,,,14,
58,,,,,,,,,,,,,,,,,,,,,,,,,,,,,,,,,,
58,,,,,,,,,,,,,,,,,,,,,,,,,,,,,,,,,,
58,17.7,0,13.1,4.125,,0,0,,0,,0,0,0,0,,57.9,12.6,,4.144,100,,,,11.5,10.6,,,0,,16.5,,,8,
"51,56",,,,,,,,,,,,,,,,,,,,,,,,,,,,,,,,,,
"51,56",21.2,41.1,27.2,3.774,,660,-33,,0,,0.32,0,2.58,0,,53.3,15.9,,3.793,82,,,,14.3,28,,,1.49,,16.4,,,90,
"51,56",18.5,36,14.8,4.093,,498,-17,,0,,0.33,0,2.62,0,,57.6,18,,4.127,100,,,,15.9,13.4,,,0,,17.8,,,90,
"51,56",27.2,42.2,24.5,4.018,,812,-13,,0,,0.32,0,2.59,0,,56.6,18.5,,4.033,98,,,,17.4,27.2,,,0,,22.1,,,90,
"51,56",14.8,-0.7,10.6,4.104,,648,-15,,0,,0.05,0,0.89,0,,57.6,12,,4.117,100,,,,9.9,10.6,,,3.1,,13.7,,,90,
92,23.2,26.3,55.9,3.731,,1904,-46,,2.8,,0.04,-0.68,1.84,0,,52.6,21.8,,3.771,75,,,,19.8,37.1,,,0.24,,23.7,,,10,
73,13.5,58.8,30,3.479,,1252,-58,,1,,0.28,0.13,2.49,0.01,,48.8,20.1,,3.497,15,,,,17.2,24.4,,,1.57,,14.4,,,17,
"51,56",,,,,,,,,,,,,,,,,,,,,,,,,,,,,,,,,,
"51,56",23.9,62.4,30,3.845,,0,-62,,0,,0.33,0,2.55,0,,53.9,18.2,,3.861,81,,,,16.1,34.2,,,3.73,,16.2,,,90,
29,8.8,29.4,-40,3.87,,2360,-98,,-46.2,,0.51,0.49,1.73,5.72,,54.5,8.9,,3.929,91,,,,6.8,13.2,,,0.84,,8.5,,,7,
29,9.1,0,-40,3.953,,0,0,,0,,0,-0.01,0,0,,55.4,8.8,,3.967,96,,,,0,12,,,0,,8.2,,,-2,
29,9.4,48.1,-40,3.844,,2430,-145,,9.9,,0.15,-0.84,9.01,0.39,,54,9,,3.872,91,,,,6.9,13.4,,,1.48,,8.4,,,46,
29,9.8,0,0,3.954,,0,0,,7.8,,0,-0.84,0,0,,55.5,8.8,,3.972,96,,,,0,13.4,,,1.48,,8.4,,,-45,
29,8.7,0,-40,3.967,,0,0,,0,,0,0,0,0,,55.7,8.8,,3.988,96,,,,0,12,,,0,,8.1,,,-44,
29,9.1,0,-40,3.97,,0,0,,0,,0,0,0,0,,55.8,8.8,,3.991,96,,,,0,10.6,,,0,,7.9,,,2,
29,7.9,0,0,3.981,,0,0,,0,,0,0,0,0,,55.8,9,,3.992,90,,,,6.7,10.6,,,0,,7.8,,,2,
29,7.7,0,-40,3.982,,0,0,,0,,0,0,0,0,,55.8,8.7,,3.994,96,,,,0,10.6,,,0,,7.8,,,2,
29,7.6,0,-40,3.978,,-7,0,,0,,0,0,0,0,,55.8,9,,3.99,90,,,,6.7,10.6,,,0,,7.8,,,-7,
29,,,,,,,,,,,,,,,,,,,,,,,,,,,,,,,,,,
29,12,69.8,-40,3.875,,2494,-25,,9.3,,0.45,-1.15,0.5,0.4,,54.5,9.2,,3.902,87,,,,6.9,20.2,,,0.75,,9.4,,,-21,
29,13.7,0,-40,3.885,,0,0,,-1.4,,0,-0.56,0,-0.01,,54.5,9.3,,3.901,91,,,,0,23.1,,,3.48,,10.2,,,-67,
29,13.7,0,-40,3.897,,0,0,,-1.4,,0,-0.56,0,-0.01,,54.6,9.7,,3.909,85,,,,7.3,23.1,,,3.48,,10.2,,,-67,
29,15,2,-40,3.824,,875,-84,,7.8,,0.42,-0.53,2.17,0.34,,53.6,9.8,,3.836,84,,,,7.4,24.4,,,1.73,,10.6,,,-12,
29,16.5,15.8,-40,3.879,,0,0,,5.6,,0,0.45,0,0,,54.4,9.6,,3.894,89,,,,0,25.8,,,0.9,,10.9,,,0,
29,,,,,,,,,,,,,,,,,,,,,,,,,,,,,,,,,,
29,17.3,3.7,-40,3.843,,808,-42,,29.9,,0.04,0.53,0.7,1.54,,53.9,10.2,,3.856,81,,,,7.8,28.6,,,0.24,,11.9,,,3,
29,17.5,0,0,3.878,,0,0,,0,,0,0,0,0,,54.3,10.2,,3.889,80,,,,7.8,27.2,,,0,,11.6,,,90,
29,2.5,21.7,-40,3.906,,752,0,,0,,0.02,0,0.02,0,,54.7,9.1,,3.918,80,,,,6.7,3.7,,,0,,4.1,,,90,
29,2.2,0,0,3.906,,7,0,,0,,0,0,0,0,,54.7,8.8,,3.918,87,,,,0,2.4,,,0,,3.5,,,-38,
"29,41",2.2,0,0,3.904,,7,0,,0,,0,0,0,0,,54.7,8.8,,3.917,79,,,,6.4,3.4,,,0,,3.5,,,-38,
"29,41",2.2,0,-40,3.904,,0,0,,0,,0,0,0,0,,54.7,8.8,,3.916,79,,,,6.4,3.7,,,0,,3.5,,,-38,
29,2.2,0,-40,3.904,,0,0,,0,,0,0,0,0,,54.7,8.8,,3.916,79,,,,6.4,3.7,,,0,,3.5,,,-38,
29,2.2,0,-40,3.901,,0,0,,0,,0,0,0,0,,54.7,8.8,,3.913,79,,,,6.4,3.7,,,0,,3.7,,,-38,
"29,31",2.2,0,-40,3.899,,0,-4,,0,,0,0,0,0,,54.6,8.8,,3.912,79,,,,6.4,3.7,,,0,,3.7,,,-38,
"29,31",2.2,0,-40,3.901,,0,0,,0,,0,0,0,0,,54.7,8.8,,3.913,79,,,,6.4,3.7,,,0,,3.7,,,-39,
29,2.2,0,-40,3.902,,0,0,,0,,0,0,0,0,,54.7,8.6,,3.913,86,,,,0,3.7,,,0,,3.8,,,-40,
"29,38",2.2,0,-40,3.9,,0,0,,0,,0,0,0,0,,54.7,8.7,,3.912,79,,,,6.3,3.7,,,0,,3.8,,,-40,
"29,38",2.8,0,-40,3.894,,0,0,,0,,0,0,0,0,,54.6,8.8,,3.905,79,,,,6.4,5.1,,,0,,4,,,90,
29,2.8,0,-40,3.89,,0,0,,0,,0,0,0,0,,54.6,8.8,,3.907,79,,,,6.4,5.1,,,0,,4,,,90,
29,2.8,0,-40,3.88,,0,0,,0,,0,0,0,0,,54.6,8.8,,3.907,79,,,,6.4,5.1,,,0,,4.1,,,90,
29,2.8,0,-40,3.898,,0,0,,0,,0,0,0,0,,54.6,8.6,,3.908,86,,,,0,5.1,,,0,,4.1,,,90,
29,,,,,,,,,,,,,,,,,,,,,,,,,,,,,,,,,,
29,2.8,0,-40,3.898,,0,0,,0,,0,0,0,0,,54.6,8.5,,3.909,86,,,,0,3.7,,,0,,4.3,,,90,
29,2.8,0,-40,3.896,,0,-1,,0,,0,0,0,0,,54.6,8.7,,3.908,79,,,,6.2,3.7,,,0,,4.3,,,89,
"29,31",2.8,0,-40,3.896,,0,-1,,0,,0,0,0,0,,54.6,8.7,,3.908,79,,,,6.2,3.7,,,0,,4.3,,,89,
31,,,,,,,,,,,,,,,,,,,,,,,,,,,,,,,,,,
"29,31",2.8,0,-40,3.898,,0,0,,0,,0,0,0,0,,54.6,8.5,,3.909,86,,,,0,3.7,,,0,,4.5,,,90,
29,2.8,0,-40,3.896,,0,-1,,0,,0,0,0,0,,54.6,8.8,,3.908,79,,,,6.2,3.7,,,0,,4.5,,,88,
"29,31",2.8,0,-40,3.896,,0,0,,0,,0,0,0,0,,54.6,8.7,,3.908,79,,,,6.2,3.7,,,0,,4.5,,,90,
29,,,,,,,,,,,,,,,,,,,,,,,,,,,,,,,,,,
"29,31,38",2.7,20.2,-40,3.89,,900,-10,,0,,0.02,0,0.02,0,,54.5,8.7,,3.902,79,,,,6.3,3.7,,,0,,4.5,,,90,
"29,31",-1.5,0,-40,3.898,,3,-3,,0,,0,0,0,0,,54.6,3.4,,3.911,67,,,,1.1,-4.5,,,0,,0.4,,,90,
"29,31",-1.5,0,-40,3.879,,0,-1,,0,,0,0,0,0,,54.6,3.4,,3.91,67,,,,1.2,-4.5,,,0,,0.4,,,89,
"29,31",-1.5,0,-40,3.898,,-7,-1,,0,,0,0,0,0,,54.6,3.4,,3.91,67,,,,1.2,-4.5,,,0,,0.4,,,89,
"29,31",-1.5,0,-40,3.899,,3,-3,,0,,0,0,0,0,,54.7,3.2,,3.912,86,,,,0,-4.5,,,0,,0.4,,,89,
"29,31",-1.5,0,-40,3.895,,7,-1,,0,,0,0,0,0,,54.6,0.2,,3.908,65,,,,-1.2,-4.3,,,0,,0.4,,,89,
"29,31",-1.5,0,-40,3.895,,3,-1,,0,,0,0,0,0,,54.6,0.2,,3.908,65,,,,-1.2,-4.3,,,0,,0.4,,,89,
"29,31",-0.2,0,-40,3.893,,7,0,,0,,0,0,0,0,,54.6,0.2,,3.906,65,,,,-1.1,-3.2,,,0,,1,,,89,
"21,29,31",-0.2,0,-40,3.892,,0,0,,0,,0,0,0,0,,54.6,0.2,,3.905,65,,,,-1.1,-3.2,,,0,,1.2,,,89,
"21,29,31",0.4,0,-40,3.891,,-3,0,,0,,0,0,0,0,,54.5,0.3,,3.903,65,,,,-1.1,-2.8,,,0,,1.5,,,89,
"21,31",,,,,,,,,,,,,,,,,,,,,,,,,,,,,,,,,,
"21,31",0.7,0,-40,3.889,,0,0,,0,,0,0,0,0,,54.5,0.3,,3.902,65,,,,-1.1,-1.8,,,0,,2,,,-67,
"21,31",1.2,0,-40,3.888,,-3,0,,0,,0,0,0,0,,54.5,0.3,,3.9,65,,,,-1.1,-1.8,,,0,,2.4,,,-67,
"21,29,31",1.4,0,-40,3.887,,3,0,,0,,0,0,0,0,,54.5,0.4,,3.899,64,,,,-1,-1.8,,,0,,2.7,,,-67,
"21,29,31",1.5,0,-40,3.887,,0,0,,0,,0,0,0,0,,54.5,0.4,,3.899,64,,,,-1.1,-1.8,,,0,,2.8,,,-67,
"21,29,31",1.5,0,0,3.889,,0,0,,0,,0,0,0,0,,54.5,0.1,,3.901,85,,,,-1.2,0,,,0,,2.8,,,-67,
"21,29,31",1.5,0,0,3.887,,0,0,,0,,0,0,0,0,,54.5,0.4,,3.899,64,,,,-1.1,0,,,0,,2.8,,,-67,
"21,29,31",1.9,0,-40,3.885,,3,0,,0,,0,0,0,0,,54.5,0.4,,3.897,64,,,,-1,-1.8,,,0,,3.3,,,-9,
"21,29,31",1.9,0,-40,3.885,,0,0,,0,,0,0,0,0,,54.5,0.1,,3.898,85,,,,-1,-1.8,,,0,,3.3,,,-9,
"21,29,31",2,0,-40,3.884,,0,0,,0,,0,0,0,0,,54.4,0.5,,3.896,64,,,,-1,-1.8,,,0,,3.7,,,-8,
"53,54,56,66",16.1,0,-40,3.888,,0,0,,0,,0,0,0,0,,54.5,11.1,,3.898,78,,,,9.6,15.9,,,0,,17.8,,,74,
"53,54,56,59,62,66",16.1,0,-40,3.888,,0,0,,0,,0,0,0,0,,54.5,11,,3.898,78,,,,9.6,15.9,,,0,,17.8,,,74,
"21,53,54,56,59,62,66",16.2,0,-40,3.888,,0,0,,0,,0,0,0,0,,54.5,11.1,,3.898,78,,,,9.5,15.8,,,0,,17.8,,,75,
"21,56,66",16.1,0,-40,3.888,,7,0,,0,,0,0,0,0,,54.5,11.1,,3.898,78,,,,9.6,16.1,,,0,,17.9,,,75,
"21,56,66,69",16.1,0,-40,3.888,,0,0,,0,,0,0,0,0,,54.5,11.1,,3.898,78,,,,9.6,16.1,,,0,,17.9,,,-17,
"21,25,56,66,69",16.2,0,-40,3.888,,0,0,,0,,0,0,0,0,,54.5,11.1,,3.898,78,,,,9.6,16.2,,,0,,17.9,,,61,
"21,56,66,69",16.2,0,-40,3.888,,0,0,,0,,0,0,0,0,,54.5,11.1,,3.898,78,,,,9.6,16.2,,,0,,17.9,,,75,
"21,56,66",16.2,0,-40,3.888,,-3,0,,0,,0,0,0,0,,54.5,11.1,,3.898,78,,,,9.6,16.2,,,0,,17.9,,,-13,
"21,56,66,69",16.2,0,-40,3.888,,0,0,,0,,0,0,0,0,,54.5,11.1,,3.898,78,,,,9.6,16.2,,,0,,17.9,,,-17,
"21,56,66,69",16.2,0,-40,3.888,,0,0,,0,,0,0,0,0,,54.5,11.1,,3.898,78,,,,9.6,16.2,,,0,,17.9,,,75,
"21,56,66,67,69",16.2,0,-40,3.888,,7,0,,0,,0,0,0,0,,54.5,11.1,,3.898,78,,,,9.6,16.2,,,0,,17.9,,,75,
"21,56,66,67,69",16.2,0,-40,3.887,,0,0,,0,,0,0,0,0,,54.5,11.1,,3.898,78,,,,9.6,16.2,,,0,,17.9,,,75,
"21,56,66,67,69",16.2,0,-40,3.887,,0,0,,0,,0,0,0,0,,54.5,11,,3.898,78,,,,9.6,16.2,,,0,,17.9,,,47,
"21,25,56,66,67,69",16.2,0,-40,3.888,,0,0,,0,,0,0,0,0,,54.5,11.1,,3.898,78,,,,9.6,16.2,,,0,,17.9,,,-16,
"21,56,66,67,69",16.2,0,-40,3.887,,0,0,,0,,0,0,0,0,,54.5,11.1,,3.898,78,,,,9.6,16.2,,,0,,18.2,,,-17,
"21,56,66,67",16.2,0,-40,3.888,,7,0,,0,,0,0,0,0,,54.5,11.1,,3.898,78,,,,9.6,16.2,,,0,,18.2,,,-18,
"21,56,66,67,69",16.2,0,-40,3.888,,-7,0,,0,,0,0,0,0,,54.5,11.1,,3.898,78,,,,9.6,16.2,,,0,,18.2,,,-18,
"21,56,66,67",16.2,0,-40,3.888,,0,0,,0,,0,0,0,0,,54.5,11.1,,3.898,78,,,,9.6,16.2,,,0,,18.2,,,-17,
"21,56,66,67,69",16.2,0,-40,3.887,,0,0,,0,,0,0,0,0,,54.5,11.1,,3.898,78,,,,9.6,16.2,,,0,,18.2,,,-18,
"21,56,66,67",16.2,0,-40,3.888,,0,0,,0,,0,0,0,0,,54.5,11.1,,3.898,78,,,,9.6,16.2,,,0,,18.2,,,75,
"21,25,56,66,67,69",16.2,0,-40,3.887,,0,0,,0,,0,0,0,0,,54.5,11.1,,3.898,78,,,,9.7,16.2,,,0,,18.2,,,-17,
"21,56,66,67",16.2,0,-40,3.888,,0,0,,0,,0,0,0,0,,54.5,11.1,,3.898,78,,,,9.7,16.2,,,0,,18.2,,,75,
"21,56,66,67,69",16.2,0,-40,3.888,,0,0,,0,,0,0,0,0,,54.5,11.1,,3.898,78,,,,9.6,16.2,,,0,,18.2,,,-17,
"21,56,66,67",16.3,0,-40,3.888,,0,0,,0,,0,0,0,0,,54.5,11.1,,3.898,78,,,,9.7,16.2,,,0,,18.2,,,75,
"21,25,56,66,67,69",16.3,0,-40,3.887,,0,0,,0,,0,0,0,0,,54.5,11.1,,3.898,78,,,,9.6,16.2,,,0,,18.2,,,-17,
"21,56,66,67",16.3,0,-40,3.888,,0,0,,0,,0,0,0,0,,54.5,11.1,,3.898,78,,,,9.7,16.2,,,0,,18.2,,,75,
"21,25,56,66,67,69",16.3,0,-40,3.887,,0,0,,0,,0,0,0,0,,54.5,11.1,,3.897,78,,,,9.7,16.2,,,0,,18.2,,,75,
"21,56,66,67,69",16.3,0,-40,3.887,,0,0,,0,,0,0,0,0,,54.5,11.1,,3.898,78,,,,9.7,16.2,,,0,,18.2,,,-17,
"21,56,66,67",16.3,0,-40,3.887,,0,0,,0,,0,0,0,0,,54.5,11.1,,3.898,78,,,,9.7,16.2,,,0,,18.2,,,75,
"21,25,56,66,67,69",16.3,0,-40,3.888,,-3,0,,0,,0,0,0,0,,54.5,11.1,,3.898,78,,,,9.6,16.2,,,0,,18.2,,,-17,
"21,67,69",,,,,,,,,,,,,,,,,,,,,,,,,,,,,,,,,,
"21,25,69",16.4,0,-40,3.889,,3,0,,0,,0,0,0,0,,54.5,10.7,,3.898,85,,,,0,16.2,,,0,,18.3,,,-16,
"21,69",16.4,0,-40,3.887,,0,0,,0,,0,0,0,0,,54.5,11.1,,3.898,78,,,,9.6,16.2,,,0,,18.3,,,-16,
"21,25,69",16.4,0,-40,3.887,,0,0,,0,,0,0,0,0,,54.5,11.1,,3.898,78,,,,9.6,16.2,,,0,,18.3,,,-16,
"21,25,69",16.4,0,-40,3.887,,-3,0,,0,,0,0,0,0,,54.5,11.1,,3.898,78,,,,9.6,16.2,,,0,,18.3,,,-16,
"21,69",16.4,0,-40,3.888,,0,0,,0,,0,0,0,0,,54.5,11.1,,3.898,78,,,,9.6,16.2,,,0,,18.3,,,-16,
"21,25,69",16.4,0,-40,3.887,,0,0,,0,,0,0,0,0,,54.5,11.1,,3.898,78,,,,9.7,16.2,,,0,,18.3,,,-16,
"21,69",16.4,0,-40,3.887,,0,0,,0,,0,0,0,0,,54.5,11.1,,3.898,78,,,,9.7,16.2,,,0,,18.5,,,-16,
"21,25,69",16.4,0,-40,3.887,,0,0,,0,,0,0,0,0,,54.5,11.1,,3.897,78,,,,9.7,16.2,,,0,,18.5,,,-16,
"21,69",16.4,0,-40,3.887,,0,0,,0,,0,0,0,0,,54.5,11.1,,3.897,78,,,,9.7,16.2,,,0,,18.5,,,-16,
"21,25,69",16.4,0,-40,3.888,,0,0,,0,,0,0,0,0,,54.5,11.1,,3.898,78,,,,9.7,16.2,,,0,,18.5,,,-16,
"21,41,69",16.4,0,0,3.889,,7,0,,0,,0,0,0,0,,54.5,10.7,,3.897,85,,,,0,16.2,,,0,,18.5,,,-16,
"21,25,41,69",16.4,0,0,3.887,,0,0,,0,,0,0,0,0,,54.5,11.1,,3.897,78,,,,9.6,16.2,,,0,,18.5,,,-16,
"21,41,69",16.4,0,0,3.887,,0,0,,0,,0,0,0,0,,54.5,11.1,,3.898,78,,,,9.6,16.2,,,0,,18.5,,,62,
"21,25,41,69",16.4,0,-40,3.888,,0,0,,0,,0,0,0,0,,54.5,11.1,,3.897,78,,,,9.7,16.2,,,0,,18.5,,,74,
"21,41,69",16.4,0,-40,3.887,,0,0,,0,,0,0,0,0,,54.5,11.1,,3.897,78,,,,9.7,16.2,,,0,,18.5,,,-16,
"21,41,69",16.4,0,-40,3.887,,0,0,,0,,0,0,0,0,,54.5,11.1,,3.897,78,,,,9.7,16.2,,,0,,18.5,,,74,
"21,41",16.4,0,-40,3.888,,0,0,,0,,0,0,0,0,,54.5,11.2,,3.897,78,,,,9.7,16.2,,,0,,18.5,,,29,
"21,41,69",16.4,0,-40,3.887,,0,0,,0,,0,0,0,0,,54.5,11.2,,3.897,78,,,,9.7,16.2,,,0,,18.5,,,-16,
"21,41",16.4,0,-40,3.887,,0,0,,0,,0,0,0,0,,54.5,11.1,,3.897,78,,,,9.7,16.2,,,0,,18.5,,,74,
"21,41,69",16.4,0,-40,3.887,,0,0,,0,,0,0,0,0,,54.5,11.1,,3.897,78,,,,9.7,16.2,,,0,,18.5,,,-16,
"21,41,69",16.5,0,-40,3.887,,0,0,,0,,0,0,0,0,,54.5,11.2,,3.897,78,,,,9.7,16.2,,,0,,18.6,,,0,
"21,41",16.5,0,-40,3.887,,0,0,,0,,0,0,0,0,,54.5,11.2,,3.897,78,,,,9.7,16.2,,,0,,18.6,,,74,
"21,25,41,69",16.5,0,-40,3.887,,0,0,,0,,0,0,0,0,,54.5,11.2,,3.897,78,,,,9.7,16.2,,,0,,18.6,,,57,
"21,41,69",16.5,0,-40,3.887,,0,0,,0,,0,0,0,0,,54.5,11.1,,3.897,78,,,,9.7,16.2,,,0,,18.6,,,74,
"21,41",16.5,0,-40,3.887,,0,0,,0,,0,0,0,0,,54.5,11.1,,3.897,78,,,,9.7,16.2,,,0,,18.6,,,74,
"21,41,69",16.5,0,-40,3.887,,0,0,,0,,0,0,0,0,,54.5,11.1,,3.897,78,,,,9.7,16.2,,,0,,18.6,,,-16,
"21,41",16.5,0,-40,3.887,,0,0,,0,,0,0,0,0,,54.5,11.2,,3.897,78,,,,9.7,16.2,,,0,,18.6,,,11,
"21,41,69",16.5,0,-40,3.887,,0,0,,0,,0,0,0,0,,54.5,11.1,,3.897,78,,,,9.7,16.2,,,0,,18.6,,,-16,
"21,25,41,69",16.5,0,-40,3.887,,3,0,,0,,0,0,0,0,,54.5,11.1,,3.897,78,,,,9.7,16.2,,,0,,18.6,,,-16,
"21,41,69",16.5,0,-40,3.887,,0,0,,0,,0,0,0,0,,54.5,11.2,,3.897,78,,,,9.7,16.2,,,0,,18.7,,,-16,
"21,25,41,69",16.5,0,-40,3.887,,0,0,,0,,0,0,0,0,,54.5,11.2,,3.897,78,,,,9.7,16.2,,,0,,18.7,,,-16,
"21,41,69",16.5,0,-40,3.887,,0,0,,0,,0,0,0,0,,54.5,11.2,,3.898,78,,,,9.7,16.2,,,0,,18.7,,,74,
"21,41",16.5,0,-40,3.887,,0,0,,0,,0,0,0,0,,54.5,11.2,,3.897,78,,,,9.7,16.2,,,0,,18.7,,,45,
"21,41,69",16.5,0,-40,3.887,,0,0,,0,,0,0,0,0,,54.5,11.2,,3.897,78,,,,9.7,16.2,,,0,,18.7,,,74,
"21,41,69",16.5,0,-40,3.887,,0,0,,0,,0,0,0,0,,54.5,11.1,,3.897,78,,,,9.7,16.2,,,0,,18.8,,,-16,
"21,25,41,69",16.5,0,-40,3.887,,0,0,,0,,0,0,0,0,,54.5,11.2,,3.897,78,,,,9.7,16.2,,,0,,18.7,,,-16,
"21,41,69",16.5,0,-40,3.887,,7,0,,0,,0,0,0,0,,54.5,11.2,,3.897,78,,,,9.7,16.2,,,0,,18.7,,,-16,
"21,25,41,69",16.5,0,-40,3.887,,3,0,,0,,0,0,0,0,,54.5,11.2,,3.897,78,,,,9.7,16.2,,,0,,18.7,,,-16,
"21,41,69",16.5,0,-40,3.887,,0,0,,0,,0,0,0,0,,54.5,11.2,,3.897,78,,,,9.7,16.2,,,0,,18.7,,,-16,
"21,25,41,69",16.5,0,-40,3.887,,7,0,,0,,0,0,0,0,,54.5,11.2,,3.897,78,,,,9.7,16.2,,,0,,18.7,,,-16,
"21,41,69",16.5,0,-40,3.887,,7,0,,0,,0,0,0,0,,54.5,11.2,,3.897,78,,,,9.7,16.2,,,0,,18.7,,,1,
"21,25,41,69",16.5,0,-40,3.887,,0,0,,0,,0,0,0,0,,54.5,11.2,,3.897,78,,,,9.7,16.2,,,0,,18.7,,,-16,
"21,41,69",16.6,0,-40,3.887,,0,0,,0,,0,0,0,0,,54.5,11.2,,3.897,78,,,,9.7,16.2,,,0,,19.1,,,-16,
"21,41",16.7,0,-40,3.887,,0,0,,0,,0,0,0,0,,54.5,11.2,,3.897,78,,,,9.7,16.2,,,0,,19.1,,,-16,
"21,41,69",16.7,0,-40,3.887,,0,0,,0,,0,0,0,0,,54.5,11.2,,3.897,78,,,,9.7,16.2,,,0,,19.1,,,74,
"21,41",16.7,0,-40,3.886,,0,0,,0,,0,0,0,0,,54.5,11.2,,3.897,78,,,,9.7,16.2,,,0,,19.1,,,75,
"21,41,67",16.7,0,-40,3.887,,0,0,,0,,0,0,0,0,,54.5,11.2,,3.897,78,,,,9.7,16.2,,,0,,19.1,,,90,
"67,69",16.7,0,-40,3.888,,7,0,,0,,0,0,0,0,,54.5,10.8,,3.898,85,,,,0,14.8,,,0,,19.1,,,90,
67,16.7,0,-40,3.886,,0,0,,0,,0,0,0,0,,54.5,11.2,,3.897,78,,,,9.7,15.8,,,0,,19.1,,,90,
"67,69",16.7,0,-40,3.886,,0,0,,0,,0,0,0,0,,54.4,11.2,,3.897,78,,,,9.7,15.8,,,0,,19.1,,,90,
"67,69",16.7,0,-40,3.887,,0,0,,0,,0,0,0,0,,54.4,11.2,,3.897,78,,,,9.7,15.8,,,0,,19.1,,,90,
"21,67,69",16.7,0,-40,3.886,,0,0,,0,,0,0,0,0,,54.5,11.2,,3.897,78,,,,9.7,15.8,,,0,,19.1,,,90,
"21,67",16.7,0,-40,3.887,,-3,0,,0,,0,0,0,0,,54.5,11.2,,3.897,78,,,,9.7,15.8,,,0,,19.1,,,90,
"21,67,69",16.7,0,-40,3.887,,0,0,,0,,0,0,0,0,,54.5,11.2,,3.897,78,,,,9.7,15.8,,,0,,19.1,,,90,
"21,67",,,,,,,,,,,,,,,,,,,,,,,,,,,,,,,,,,
"21,67,69",16.8,0,-40,3.887,,7,0,,0,,0,0,0,0,,54.4,11.2,,3.897,78,,,,9.7,16.2,,,0,,19.1,,,90,
"21,67,69",,,,,,,,,,,,,,,,,,,,,,,,,,,,,,,,,,
"21,67",16.8,0,-40,3.887,,0,0,,0,,0,0,0,0,,54.4,11.2,,3.897,78,,,,9.7,16.2,,,0,,19.1,,,90,
"21,67,69",16.8,0,-40,3.887,,0,0,,0,,0,0,0,0,,54.4,11.2,,3.897,78,,,,9.7,16.2,,,0,,19.1,,,90,
"21,67,69",16.8,0,-40,3.887,,0,0,,0,,0,0,0,0,,54.5,11.2,,3.896,78,,,,9.7,16.2,,,0,,19.1,,,90,
"21,67",16.8,0,-40,3.887,,-7,0,,0,,0,0,0,0,,54.4,11.2,,3.897,78,,,,9.8,16.2,,,0,,19.3,,,90,
"21,67,69",,,,,,,,,,,,,,,,,,,,,,,,,,,,,,,,,,
"21,67",16.8,0,-40,3.886,,0,0,,0,,0,0,0,0,,54.4,11.2,,3.897,78,,,,9.8,16.2,,,0,,19.3,,,90,
"21,67,69",16.8,0,-40,3.887,,7,0,,0,,0,0,0,0,,54.4,11.3,,3.896,78,,,,9.8,16.2,,,0,,19.3,,,90,
"21,67",16.8,0,-40,3.886,,0,0,,0,,0,0,0,0,,54.4,11.3,,3.897,78,,,,9.8,16.2,,,0,,19.3,,,90,
"21,67",16.8,0,-40,3.887,,0,0,,0,,0,0,0,0,,54.4,11.3,,3.896,78,,,,9.8,16.2,,,0,,19.3,,,90,
"21,67,69",16.9,0,-40,3.886,,3,0,,0,,0,0,0,0,,54.4,11.3,,3.897,78,,,,9.8,16.2,,,0,,19.4,,,90,
"21,67",16.9,0,-40,3.886,,0,0,,0,,0,0,0,0,,54.4,11.3,,3.896,78,,,,9.8,16.2,,,0,,19.4,,,90,
"21,67,69",16.9,0,-40,3.887,,7,0,,0,,0,0,0,0,,54.4,11.3,,3.896,78,,,,9.8,16.2,,,0,,19.4,,,90,
"21,67",16.9,0,-40,3.886,,7,0,,0,,0,0,0,0,,54.4,11.3,,3.896,78,,,,9.8,16.2,,,0,,19.4,,,90,
"21,67",16.9,0,-40,3.887,,0,0,,0,,0,0,0,0,,54.4,11.3,,3.896,78,,,,9.8,16.2,,,0,,19.4,,,90,
"21,67,69",16.9,0,-40,3.887,,0,0,,0,,0,0,0,0,,54.4,11.3,,3.896,78,,,,9.8,16.2,,,0,,19.4,,,90,
"21,67",16.9,0,-40,3.887,,0,0,,0,,0,0,0,0,,54.4,11.3,,3.897,78,,,,9.8,16.2,,,0,,19.4,,,90,
"21,67,69",16.9,0,-40,3.886,,0,0,,0,,0,0,0,0,,54.4,11.3,,3.896,78,,,,9.8,16.2,,,0,,19.4,,,90,
"21,67",16.9,0,-40,3.887,,0,0,,0,,0,0,0,0,,54.4,11.3,,3.896,78,,,,9.8,16.2,,,0,,19.4,,,90,
"21,67,69",16.9,0,-40,3.886,,0,0,,0,,0,0,0,0,,54.4,11.3,,3.896,78,,,,9.8,16.2,,,0,,19.4,,,90,
"21,67",16.9,0,-40,3.886,,-3,0,,0,,0,0,0,0,,54.4,11.3,,3.896,78,,,,9.8,16.2,,,0,,19.4,,,90,
"21,67,69",16.9,0,-40,3.886,,0,0,,0,,0,0,0,0,,54.4,11.3,,3.897,78,,,,9.8,16.2,,,0,,19.4,,,90,
"21,67",16.9,0,-40,3.886,,3,0,,0,,0,0,0,0,,54.4,11.3,,3.896,78,,,,9.8,16.2,,,0,,19.4,,,90,
"21,67,69",17,0,-40,3.886,,0,0,,0,,0,0,0,0,,54.4,11.3,,3.896,78,,,,9.8,16.2,,,0,,19.5,,,90,
"21,67",17,0,-40,3.886,,0,0,,0,,0,0,0,0,,54.4,11.3,,3.896,78,,,,9.8,16.2,,,0,,19.5,,,90,
"21,25,69",17,0,-40,3.887,,3,0,,0,,0,0,0,0,,54.4,10.9,,3.897,85,,,,0,14.8,,,0,,19.7,,,-16,
"21,69",17,0,-40,3.886,,7,0,,0,,0,0,0,0,,54.4,11.3,,3.896,78,,,,9.8,15.8,,,0,,19.7,,,-16,
"21,69",17,0,-40,3.886,,3,0,,0,,0,0,0,0,,54.4,11.3,,3.896,78,,,,9.8,15.8,,,0,,19.7,,,-16,
"21,69",17,0,-40,3.885,,0,0,,0,,0,0,0,0,,54.4,11.3,,3.896,78,,,,9.8,16,,,0,,19.7,,,-16,
"21,69",17,0,-40,3.886,,0,0,,0,,0,0,0,0,,54.4,11.3,,3.896,78,,,,9.8,16,,,0,,19.7,,,-16,
"21,25,69",17,0,-40,3.885,,7,0,,0,,0,0,0,0,,54.4,11.3,,3.896,78,,,,9.8,16,,,0,,19.7,,,-16,
"21,69",17,0,-40,3.885,,0,0,,0,,0,0,0,0,,54.4,11.3,,3.896,78,,,,9.8,16,,,0,,19.7,,,-16,
"21,25,69",17,0,-40,3.886,,0,0,,0,,0,0,0,0,,54.4,11.3,,3.896,78,,,,9.8,16,,,0,,19.7,,,-16,
"21,25,29,69",17,0,-40,3.886,,7,0,,0,,0,0,0,0,,54.4,11.3,,3.896,78,,,,9.8,16,,,0,,19.7,,,-16,
"21,29,69",17,0,-40,3.886,,0,0,,0,,0,0,0,0,,54.4,11.4,,3.896,78,,,,9.8,16,,,0,,19.7,,,-16,
"21,69",17,0,-40,3.886,,0,0,,0,,0,0,0,0,,54.4,11.4,,3.896,78,,,,9.8,16,,,0,,19.7,,,-16,
"21,29,69",17,0,-40,3.886,,0,0,,0,,0,0,0,0,,54.4,11.4,,3.895,78,,,,9.8,16,,,0,,19.7,,,-16,
"21,25,69",17,0,-40,3.886,,0,0,,0,,0,0,0,0,,54.4,11.3,,3.896,78,,,,9.9,16.2,,,0,,19.8,,,-16,
"21,29,69",17,0,-40,3.885,,0,0,,0,,0,0,0,0,,54.4,11.3,,3.895,78,,,,9.8,16.2,,,0,,19.8,,,-16,
"21,25,29,69",17,0,-40,3.886,,0,0,,0,,0,0,0,0,,54.4,11.3,,3.896,78,,,,9.8,16.2,,,0,,19.8,,,-16,
"21,29,69",17,0,-40,3.886,,3,0,,0,,0,0,0,0,,54.4,11.3,,3.896,78,,,,9.8,16.2,,,0,,19.8,,,-16,
"21,29",,,,,,,,,,,,,,,,,,,,,,,,,,,,,,,,,,
"29,69",17,0,-40,3.886,,0,0,,0,,0,0,0,0,,54.4,11,,3.897,85,,,,0,16.2,,,0,,19.8,,,-16,
"21,29,69",17,0,-40,3.885,,0,0,,0,,0,0,0,0,,54.4,11.4,,3.895,78,,,,9.8,16.2,,,0,,19.8,,,-16,
"21,25,29,69",,,,,,,,,,,,,,,,,,,,,,,,,,,,,,,,,,
"21,29,69",17.2,21.3,-40,3.885,,923,0,,0,,0.02,0,0.02,0,,54.4,11.4,,3.895,78,,,,9.9,16.2,,,0,,19.9,,,-16,
"21,69",17.7,0,-40,3.885,,0,0,,0,,0,0,0,0,,54.4,11.4,,3.895,78,,,,9.9,16.2,,,0,,19.9,,,-16,
"21,29,69",17.7,0,-40,3.885,,0,0,,0,,0,0,0,0,,54.4,11.4,,3.895,78,,,,9.9,16.2,,,0,,19.9,,,-16,
"21,29,69",17.7,0,-40,3.885,,0,0,,0,,0,0,0,0,,54.4,11.4,,3.895,78,,,,9.9,16.2,,,0,,19.9,,,-16,
"21,29,67,69",17.7,-0.7,-40,3.884,,0,0,,0,,0,0,0,0,,54.4,11.4,,3.894,78,,,,9.9,16.2,,,0,,19.9,,,26,
"21,29,67",17.7,-0.7,-40,3.883,,0,0,,0,,0,0,0,0,,54.4,11.4,,3.894,78,,,,9.9,16.2,,,0,,19.9,,,90,
"21,29",18.1,0,-40,3.884,,0,0,,0,,0,0,0,0,,54.4,11.4,,3.895,78,,,,9.9,16.2,,,0,,20,,,90,
67,18.1,0,0,3.885,,0,0,,0,,0,0,0,0,,54.4,11,,3.894,85,,,,0,16.2,,,0,,20,,,90,
"21,67,69",18.1,0,-40,3.884,,0,0,,0,,0,0,0,0,,54.4,11.4,,3.894,78,,,,9.9,16.2,,,0,,20,,,90,
"21,67",18.1,0,-40,3.884,,3,0,,0,,0,0,0,0,,54.4,11.4,,3.894,78,,,,9.9,16.2,,,0,,20,,,90,
"21,67,69",18.1,0,-40,3.884,,3,0,,0,,0,0,0,0,,54.4,11.4,,3.894,78,,,,9.9,16.2,,,0,,20,,,90,
"21,67",18.1,0,-40,3.884,,0,0,,0,,0,0,0,0,,54.4,11.4,,3.894,78,,,,9.9,16.2,,,0,,20,,,90,
"67,69",17.7,0,-40,3.885,,7,0,,0,,0,0,0,0,,54.4,15.4,,3.896,85,,,,0,16.2,,,0,,20.5,,,90,
"21,67,69",17.7,0,-40,3.885,,0,0,,0,,0,0,0,0,,54.4,15.4,,3.895,80,,,,14.5,16.2,,,0,,20.5,,,90,
"21,67",17.7,0,-40,3.885,,0,0,,0,,0,0,0,0,,54.4,15.4,,3.895,80,,,,14.5,16.2,,,0,,20.5,,,90,
"21,67,69",17.7,0,-40,3.885,,0,0,,0,,0,0,0,0,,54.4,15.4,,3.895,80,,,,14.6,16.2,,,0,,20.5,,,90,
"21,67",,,,,,,,,,,,,,,,,,,,,,,,,,,,,,,,,,
"21,67",,,,,,,,,,,,,,,,,,,,,,,,,,,,,,,,,,
"21,67,69",17.8,0,-40,3.885,,3,0,,0,,0,0,0,0,,54.4,15.5,,3.895,79,,,,14.6,17.5,,,0,,20.7,,,90,
"21,67,69",17.8,0,-40,3.885,,0,0,,0,,0,0,0,0,,54.4,15.5,,3.895,79,,,,14.6,17.5,,,0,,20.7,,,90,
"21,67,69",17.8,0,-40,3.885,,-3,0,,0,,0,0,0,0,,54.4,15.5,,3.895,79,,,,14.6,17.5,,,0,,20.7,,,90,
"21,67,69",17.8,0,-40,3.885,,3,0,,0,,0,0,0,0,,54.4,15.5,,3.895,79,,,,14.6,17.5,,,0,,20.7,,,90,
"21,67",17.8,0,-40,3.885,,0,0,,0,,0,0,0,0,,54.4,15.5,,3.895,79,,,,14.6,17.5,,,0,,20.7,,,90,
"21,67,69",17.8,0,-40,3.885,,0,0,,0,,0,0,0,0,,54.4,15.5,,3.895,79,,,,14.6,17.5,,,0,,20.7,,,90,
"21,67",17.9,0,-40,3.885,,0,0,,0,,0,0,0,0,,54.4,15.5,,3.895,79,,,,14.6,17.5,,,0,,20.7,,,90,
"21,67,69",17.9,0,-40,3.885,,0,0,,0,,0,0,0,0,,54.4,15.5,,3.895,79,,,,14.6,17.5,,,0,,20.7,,,90,
"21,67,69",17.9,0,-40,3.885,,3,0,,0,,0,0,0,0,,54.4,15.5,,3.895,79,,,,14.6,17.5,,,0,,20.7,,,90,
"21,25,69",,,,,,,,,,,,,,,,,,,,,,,,,,,,,,,,,,
"21,25,67,69",17.9,0,-40,3.885,,3,0,,0,,0,0,0,0,,54.4,15.4,,3.895,85,,,,0,17.5,,,0,,20.7,,,90,
"21,25,67,69",17.9,0,-40,3.884,,0,0,,0,,0,0,0.04,0,,54.4,15.5,,3.894,79,,,,14.6,17.5,,,0,,20.7,,,90,
"21,67,69",17.9,0.7,-40,3.848,,200,-65,,0,,0.06,0,3.16,0,,54.2,15.5,,3.871,79,,,,14.6,17.5,,,0,,20.7,,,90,
"21,25,67,69",17.9,0.7,-40,3.879,,68,0,,0,,0,0,0,0,,54.4,15.5,,3.89,79,,,,14.6,17.5,,,0,,20.7,,,90,
"21,67,69",18.3,12.9,-40,3.879,,800,-5,,0,,0.02,0,0.21,0,,54.3,15.5,,3.888,79,,,,14.6,17.5,,,0.56,,20.8,,,90,
"21,25,67,69",18.3,12.9,-40,3.878,,820,-5,,0,,0.02,0,0.25,0,,54.3,15.5,,3.888,79,,,,14.6,17.5,,,0.56,,20.8,,,90,
"21,25,67,69",18.3,-2,0,3.881,,0,0,,0,,0,0,0,0,,54.4,15.4,,3.892,85,,,,0,17.5,,,0.56,,20.8,,,90,
"21,67",18.7,0,-40,3.882,,0,0,,0,,0,0,0,0,,54.4,15.4,,3.892,85,,,,0,17.5,,,0,,20.9,,,90,
"21,25,67,69",18.7,0,-40,3.881,,-3,0,,0,,0,0,0,0,,54.4,15.5,,3.891,79,,,,14.5,17.5,,,0,,20.9,,,90,
"21,25,67",18.7,18.3,-40,3.865,,830,-24,,0,,0.16,0,0,0,,54.2,15.5,,3.891,79,,,,14.6,17.5,,,0,,20.9,,,90,
"21,25,67,69",19,5.3,-40,3.877,,794,-2,,0,,0.01,0,0.02,0,,54.3,15.5,,3.889,79,,,,14.6,17.6,,,0.26,,20.9,,,90,
"21,25,69",12.5,0,-40,3.88,,3,0,,0,,0,0,0,0,,54.4,6.1,,3.892,66,,,,4.7,17.6,,,0,,20.9,,,-3,
"21,25,67,69",13.9,0,-40,3.88,,0,0,,0,,0,0,0,0,,54.4,6.9,,3.891,73,,,,5.4,10.6,,,0,,14.5,,,90,
"21,25,67,69",13.9,0,-40,3.881,,0,0,,0,,0,0,0,0,,54.4,6.5,,3.892,84,,,,0,10.6,,,0,,14.5,,,90,
"21,25,69",14,0,-40,3.88,,0,0,,0,,0,0,0,0,,54.4,7,,3.891,73,,,,5.5,10.6,,,0,,15.9,,,90,
"21,25,67,69",14,0,-40,3.88,,0,0,,0,,0,0,0,0,,54.4,7,,3.891,73,,,,5.5,10.6,,,0,,15.9,,,90,
"21,67",,,,,,,,,,,,,,,,,,,,,,,,,,,,,,,,,,
"21,67",,,,,,,,,,,,,,,,,,,,,,,,,,,,,,,,,,
"21,67",14.3,0,-40,3.88,,0,0,,0,,0,0,0,0,,54.4,7,,3.89,73,,,,5.5,12,,,0,,16.2,,,90,
"56,66",17.2,0,21.3,3.953,,0,0,,0,,0,0,0,0,,55.4,10.9,,3.964,84,,,,8.7,14.8,,,0,,19.4,,,-5,
"53,54,56,59,62,66",,,,,,,,,,,,,,,,,,,,,,,,,,,,,,,,,,
"54,59,62",,,,,,,,,,,,,,,,,,,,,,,,,,,,,,,,,,
"53,54,56,66",17,0,21.6,3.954,,0,0,,0,,0,0,0,0,,55.4,10.9,,3.964,84,,,,8.7,14.8,,,0,,19.4,,,-8,
"53,54,56,59,62,66",17,0,21.6,3.953,,0,0,,0,,0,0,0,0,,55.4,10.9,,3.964,84,,,,8.7,14.8,,,0,,19.4,,,-8,
"56,66",,,,,,,,,,,,,,,,,,,,,,,,,,,,,,,,,,
"51,56",14.5,7.2,17.5,4.084,,1108,-55,,0,,0.32,0,2.7,0,,57.5,13.8,,4.12,100,,,,10.9,11.9,,,3.26,,16.2,,,6,
"51,56",,,,,,,,,,,,,,,,,,,,,,,,,,,,,,,,,,
"24,56",20.9,14.3,14.8,4.013,,487,-21,,0.1,,0.02,0.62,0.18,2.81,,56.3,12.1,,4.027,98,,,,10.3,24.3,,,1.61,,13.3,,,59,
17,15.6,40.7,7.9,3.891,1.73,1299,-72,4.7,0,11.9,0.65,0,2.63,0,0.02,55,12.2,12.7,3.935,94,0,0,0,10.6,9.4,0,0,1.97,14,9.6,0,0,-7,10
92,22.4,75.9,14.8,4.016,0.73,1918,-83,1.3,9,18.2,0.43,0,4.61,-0.05,0,56.5,15.2,18.9,4.055,100,0,0,0,13.9,13.4,0,0,2.27,16.2,17.5,0,0,16,17.5
73,19.3,25.9,21.6,3.442,,673,-63,,0.5,,0.31,0.36,2.7,0,,48.3,11.2,,3.455,14,,,,9,24.5,,,1.83,,16.6,,,0,
"51,56",,,,,,,,,,,,,,,,,,,,,,,,,,,,,,,,,,
"51,56",,,,,,,,,,,,,,,,,,,,,,,,,,,,,,,,,,
"56,58,66",8.4,0,13.7,4.128,,0,0,,0,,0,0,0,0,,57.9,10.8,,4.141,100,,,,8.5,7.9,,,0,,6.9,,,-9,
"56,58,66",5.1,0,13.7,4.13,,-3,0,,0,,0,0,0,0,,57.9,5.7,,4.142,100,,,,4.5,2.3,,,0,,6.9,,,-9,
58,5.6,0,6.5,4.13,,0,0,,0,,0,0,0,0,,57.9,5.7,,4.142,100,,,,4.5,5.1,,,0,,5.1,,,-9,
58,7.1,0,6.5,4.13,,0,0,,0,,0,0,0,0,,57.9,5.7,,4.142,100,,,,4.5,6.5,,,0,,5.3,,,-8,
58,,,,,,,,,,,,,,,,,,,,,,,,,,,,,,,,,,
58,7.4,0,5.1,4.13,,-7,0,,0,,0,0,0,0,,57.9,5.7,,4.142,100,,,,4.5,6.1,,,0,,5.6,,,-9,
58,6.6,0,5.5,4.13,,-6,0,,0,,0,0,0,0,,57.9,5.7,,4.142,100,,,,4.5,6.5,,,0,,5.6,,,-9,
58,6.6,0,5.1,4.13,,7,0,,0,,0,0,0,0,,57.9,5.7,,4.142,100,,,,4.5,5.1,,,0,,5.6,,,-9,
58,6.3,0,6.5,4.13,,7,0,,0,,0,0,0,0,,57.9,5.7,,4.142,100,,,,4.5,6.5,,,0,,5.6,,,-9,
"56,58,66",6.4,0,5.2,4.13,,0,0,,0,,0,0,0,0,,57.9,5.7,,4.142,100,,,,4.5,5.1,,,0,,5.8,,,-8,
"58,66",,,,,,,,,,,,,,,,,,,,,,,,,,,,,,,,,,
58,6.1,0,6.5,4.13,,-6,0,,0,,0,0,0,0,,57.9,5.7,,4.142,100,,,,4.5,6.5,,,0,,5.6,,,-8,
58,6.1,0,6.5,4.13,,3,0,,0,,0,0,0,0,,57.9,5.7,,4.142,100,,,,4.5,6.5,,,0,,5.6,,,-8,
58,6.3,0,6.5,4.13,,0,0,,0,,0,0,0,0,,57.9,5.7,,4.142,100,,,,4.5,6.5,,,0,,6,,,-8,
58,6.4,0,6.4,4.13,,7,0,,0,,0,0,0,0,,57.9,5.7,,4.142,100,,,,4.5,6.5,,,0,,6,,,-9,
"55,58",6.4,0,6.5,4.13,,0,0,,0,,0,0,0,0,,57.9,5.7,,4.142,100,,,,4.5,6.5,,,0,,6,,,-8,
"52,55,58",6.4,0,6.5,4.13,,0,0,,0,,0,0,0,0,,57.9,5.7,,4.142,100,,,,4.5,6.5,,,0,,6,,,-9,
"52,58",6.4,0,6.5,4.13,,0,0,,0,,0,0,0,0,,57.9,5.7,,4.142,100,,,,4.5,6.5,,,0,,6,,,-8,
58,6.6,0,6.5,4.13,,7,0,,0,,0,0,0,0,,57.9,5.7,,4.142,100,,,,4.5,5.1,,,0,,6,,,-9,
58,6.6,0,6.5,4.13,,-3,0,,0,,0,0,0,0,,57.9,5.7,,4.142,100,,,,4.5,6.5,,,0,,6.1,,,-8,
58,6.8,0,6.8,4.13,,7,0,,0,,0,0,0,0,,57.9,5.7,,4.142,100,,,,4.5,6.5,,,0,,6.4,,,-9,
58,7.1,0,6.8,4.13,,0,0,,0,,0,0,0,0,,57.9,5.7,,4.142,100,,,,4.5,6.5,,,0,,6.6,,,-9,
58,7.3,0,6.9,4.13,,3,0,,0,,0,0,0,0,,57.9,5.7,,4.142,100,,,,4.5,6.5,,,0,,6.8,,,-9,
58,7.4,0,7.1,4.13,,3,0,,0,,0,0,0,0,,57.9,5.7,,4.142,100,,,,4.5,6.5,,,0,,6.9,,,-9,
58,7.6,0,7.2,4.13,,0,0,,0,,0,0,0,0,,57.9,5.7,,4.142,100,,,,4.5,6.5,,,0,,7.1,,,-9,
58,7.6,0,5.1,4.13,,7,0,,0,,0,0,0,0,,57.9,5.7,,4.142,100,,,,4.5,5.1,,,0,,7.3,,,-9,
58,6.8,0,6.5,4.13,,-9,0,,0,,0,0,0,0,,57.9,5.7,,4.142,100,,,,4.5,6.3,,,0,,6.4,,,-8,
58,,,,,,,,,,,,,,,,,,,,,,,,,,,,,,,,,,
58,7.5,0,6.4,4.115,,3,0,,0,,0,0,0,0,,57.7,5.9,,4.129,100,,,,4.5,6.5,,,0,,6.7,,,-9,
58,7.4,0,6.4,4.116,,3,0,,0,,0,0,0,0,,57.7,5.9,,4.129,100,,,,4.5,7.9,,,0,,6.8,,,-9,
"56,58,66",,,,,,,,,,,,,,,,,,,,,,,,,,,,,,,,,,
58,,,,,,,,,,,,,,,,,,,,,,,,,,,,,,,,,,
58,,,,,,,,,,,,,,,,,,,,,,,,,,,,,,,,,,
58,7.4,0,6.5,4.116,,0,0,,0,,0,0,0,0,,57.7,5.9,,4.129,100,,,,4.5,7.9,,,0,,6.8,,,-8,
"56,58,66",8.5,0,6.4,4.113,,7,0,,0,,0,0,0,0,,57.7,6,,4.127,100,,,,4.7,7.9,,,0,,3.8,,,-6,
58,4.5,0,3.7,4.111,,0,0,,0,,0,0,0,0,,57.6,6,,4.125,100,,,,4.7,3.6,,,0,,3.8,,,-6,
58,4.5,0,3.7,4.11,,-6,0,,0,,0,0,0,0,,57.6,3,,4.124,100,,,,1.8,3.6,,,0,,3.8,,,-6,
58,4.5,0,3.7,4.11,,0,0,,0,,0,0,0,0,,57.6,3,,4.123,100,,,,1.9,3.6,,,0,,3.8,,,-6,
58,5.4,4.3,4.7,4.094,,812,-10,,-0.1,,0.02,0,0.25,0,,57.4,3,,4.107,100,,,,1.9,4.6,,,1.8,,4,,,-6,
58,,,,,,,,,,,,,,,,,,,,,,,,,,,,,,,,,,
58,,,,,,,,,,,,,,,,,,,,,,,,,,,,,,,,,,
58,5.6,0,5,4.104,,5,0,,0,,0,0,0,0,,57.5,3,,4.118,100,,,,2,5.1,,,0,,4.2,,,-6,
58,5.6,0,5,4.105,,5,0,,0,,0,0,0,0,,57.5,3,,4.118,100,,,,2,5.1,,,0,,4.2,,,-6,
58,5.6,0,5.1,4.106,,883,0,,0,,0.02,0,0.02,0,,57.5,3,,4.118,100,,,,2,5.1,,,0,,4.3,,,-5,
58,5.8,0,5.1,4.105,,808,0,,0,,0.02,0,0.02,0,,57.5,3,,4.118,100,,,,2,5.1,,,0,,4.5,,,-6,
"56,66",6.4,0,3.8,4.104,,-7,0,,0,,0,0,0,0,,57.5,3.3,,4.118,100,,,,2.1,5.1,,,0,,4.5,,,-6,
58,4.9,0,4.7,4.132,,0,13,,0,,0,0,0,0,,57.9,5,,4.145,100,,,,3.7,3.7,,,0,,4.1,,,-30,
58,,,,,,,,,,,,,,,,,,,,,,,,,,,,,,,,,,
"56,58,66",5,0,3.8,4.132,,-3,13,,0,,0,0,0,0,,57.9,5,,4.145,100,,,,3.7,12.1,,,0,,12.3,,,-30,
"56,58,66",12.9,0,11.7,4.132,,3,13,,0,,0,0,0,0,,57.9,5,,4.145,100,,,,3.7,11.6,,,0,,12.3,,,-30,
"56,58,66",12.9,0,11.7,4.132,,3,13,,0,,0,0,0,0,,57.9,5,,4.145,100,,,,3.7,11.6,,,0,,12.3,,,-30,
58,14.1,0,14.7,4.132,,468,13,,0,,0.02,0,0.05,0,,57.9,5,,4.145,100,,,,3.7,13.4,,,0,,13.5,,,-30,
58,,,,,,,,,,,,,,,,,,,,,,,,,,,,,,,,,,
58,15.3,22.7,14.8,4.131,,761,13,,0,,0,0,0,0,,57.9,5,,4.143,100,,,,3.7,14.7,,,0,,13.6,,,-29,
"56,66",15.3,0,14.6,4.128,,7,0,,0,,0,0,0,0,,57.8,11.9,,4.14,100,,,,10.9,14.7,,,0,,13.6,,,-30,
"56,66",15.7,0,14.8,4.128,,0,0,,0,,0,0,0,0,,57.9,12,,4.14,100,,,,10.9,14.8,,,0,,14,,,-30,
"56,58,66",,,,,,,,,,,,,,,,,,,,,,,,,,,,,,,,,,
"56,66",15.7,0,14.8,4.128,,-3,0,,0,,0,0,0,0,,57.9,12,,4.14,100,,,,10.9,14.8,,,0,,14,,,-30,
58,,,,,,,,,,,,,,,,,,,,,,,,,,,,,,,,,,
58,,,,,,,,,,,,,,,,,,,,,,,,,,,,,,,,,,
58,14.9,0,14.8,4.128,,0,0,,0,,0,0,0,0,,57.8,12.1,,4.14,100,,,,11,14.1,,,0,,14.1,,,-30,
58,,,,,,,,,,,,,,,,,,,,,,,,,,,,,,,,,,
58,,,,,,,,,,,,,,,,,,,,,,,,,,,,,,,,,,
58,,,,,,,,,,,,,,,,,,,,,,,,,,,,,,,,,,
58,,,,,,,,,,,,,,,,,,,,,,,,,,,,,,,,,,
58,,,,,,,,,,,,,,,,,,,,,,,,,,,,,,,,,,
58,,,,,,,,,,,,,,,,,,,,,,,,,,,,,,,,,,
58,,,,,,,,,,,,,,,,,,,,,,,,,,,,,,,,,,
58,,,,,,,,,,,,,,,,,,,,,,,,,,,,,,,,,,
58,,,,,,,,,,,,,,,,,,,,,,,,,,,,,,,,,,
58,,,,,,,,,,,,,,,,,,,,,,,,,,,,,,,,,,
58,,,,,,,,,,,,,,,,,,,,,,,,,,,,,,,,,,
58,,,,,,,,,,,,,,,,,,,,,,,,,,,,,,,,,,
58,,,,,,,,,,,,,,,,,,,,,,,,,,,,,,,,,,
58,16.2,0,14.8,4.124,,0,0,,-0.1,,0,-0.01,0,0,,57.8,12.5,,4.135,100,,,,11.2,14.8,,,0,,15.7,,,-30,
58,9.9,0,16.2,3.64,,0,-65,,0,,0,0,0,0,,51,16.5,,3.647,65,,,,14.9,10.6,,,0,,9.6,,,7,
58,10.7,0,17.4,3.64,,32,-65,,0,,0,0,0,0,,51,16.5,,3.647,65,,,,14.9,12,,,0.08,,9.6,,,7,
"51,56",15.2,0,11.7,4.103,,0,-19,,0,,0.01,0,0.08,0,,57.6,11.3,,4.119,100,,,,9.2,14.2,,,0.07,,13,,,5,
"51,56",,,,,,,,,,,,,,,,,,,,,,,,,,,,,,,,,,
"51,56",,,,,,,,,,,,,,,,,,,,,,,,,,,,,,,,,,
73,11.8,88.7,17.5,3.464,,1259,-82,,-0.8,,0.39,-0.04,3.46,0,,48.6,9.6,,3.479,14,,,,8.1,24.4,,,1.2,,7,,,16,
31,19.4,0,27.2,3.884,,0,0,,-2,,0,1.63,0,0,,54.5,13.2,,3.901,79,,,,12,30,,,3.16,,16.4,,,-3,
31,19.1,4.1,28.2,3.886,,0,0,,0,,0,0,0,0,,54.5,13.1,,3.903,0,,,,0,30,,,0.77,,14.8,,,-54,
31,18.2,0,28.6,3.893,,0,0,,0,,0,0,0,0,,54.6,13.1,,3.91,0,,,,0,28.6,,,0,,14.3,,,-53,
31,17.7,0,28.5,3.895,,0,0,,0,,0,0,0,0,,54.6,13.3,,3.911,78,,,,11.9,28.6,,,0,,14.1,,,-53,
31,17.4,0,28.5,3.897,,0,0,,0,,0,0,0,0,,54.7,13,,3.914,0,,,,0,28.6,,,0,,14.1,,,-52,
31,23.6,0,23.1,4.035,,810,0,,0,,0.02,0,0.02,0,,56.6,13.8,,4.048,94,,,,13,27.2,,,0,,19.1,,,49,
31,23.1,-0.5,21.7,4.042,,-3,0,,0,,0,0,0,0,,56.7,13.5,,4.055,0,,,,0,25.8,,,0.23,,18.6,,,47,
31,22.6,0,21.7,4.044,,0,0,,0,,0,0,0,0,,56.7,13.4,,4.057,0,,,,0,25.8,,,0,,18.5,,,47,
31,21.5,0,21.7,4.047,,3,0,,0,,0,0,0,0,,56.7,13.4,,4.06,0,,,,0,24.4,,,0,,18.3,,,47,
31,21.6,0,21.7,4.04,,0,0,,0,,0,0,0,0,,56.6,13.7,,4.053,93,,,,12.8,25.8,,,0,,17.9,,,4,
31,20.4,0,22,4.044,,0,0,,0,,0,0,0,0,,56.7,13.7,,4.057,93,,,,12.7,24.4,,,0,,17.5,,,8,
31,28.9,20.5,32.8,3.948,,24,0,,0,,0.02,0,0.02,0,,55.4,19.2,,3.963,87,,,,18.5,37.5,,,0,,21.5,,,10,
31,28.5,0,32.8,3.959,,0,0,,0,,0,0,0,0,,55.5,19.1,,3.973,0,,,,0,35.7,,,0,,21.3,,,22,
31,,,,,,,,,,,,,,,,,,,,,,,,,,,,,,,,,,
31,24.6,-1.5,31.4,3.975,,-7,0,,0,,0,0,0,0,,55.8,18.7,,3.989,0,,,,0,31.4,,,0.22,,20.3,,,-5,
31,23.1,0,31.4,3.977,,3,0,,0,,0,0,0,0,,55.8,19,,3.99,86,,,,17.6,30,,,0,,19.9,,,-3,
"51,56",,,,,,,,,,,,,,,,,,,,,,,,,,,,,,,,,,
92,,,,,,,,,,,,,,,,,,,,,,,,,,,,,,,,,,
92,5.8,50.2,14,3.727,,1127,-28,,-0.8,,0.3,-2.21,8.33,0.2,,53.5,11.6,,3.83,76,,,,9.9,9.3,,,0.63,,6.1,,,-2,
"51,56",23.6,28.5,23.1,4.019,,781,-46,,0,,0.04,0,1.21,0,,56.7,15.9,,4.055,99,,,,14.7,31.5,,,0,,19.9,,,0,
"51,56",,,,,,,,,,,,,,,,,,,,,,,,,,,,,,,,,,
41,13.5,0,13.4,4.023,,0,0,,0,,0,0,0,0,,56.5,10.8,,4.048,98,,,,9.9,10.4,,,0,,15.2,,,78,
"12,21",16.1,72.7,19.9,3.968,,2323,-27,,0,,0.1,0.25,7.74,0.44,,54.9,7.1,,3.992,98,,,,5.4,21.7,,,1.56,,10.3,,,-61,
12,11.5,19.1,20.3,3.357,,1535,-103,,22.3,,0.59,2.39,2.08,1.05,,48.3,11.8,,3.463,32,,,,9.9,18.6,,,1.32,,6.9,,,17,
36,14,96.5,22.5,3.415,,2492,-137,,10.7,,0.44,1.09,4.25,0.32,,47.8,12.5,,3.453,28,,,,10.6,22.5,,,0.9,,8.4,,,34,
12,17.6,78.3,25.7,3.353,,1392,-159,,14.2,,0.53,-0.15,2.86,1.73,,47.6,13.8,,3.413,22,,,,11.8,31.5,,,0.47,,10,,,28,
12,8.5,14.6,21.2,3.838,,2328,-61,,21.6,,0.63,1.93,0.66,-0.03,,54.5,11.9,,3.911,93,,,,9.5,14.5,,,0.57,,7,,,-5,
12,16.5,35.5,29,3.807,,768,-28,,18.8,,0.02,0.98,0.45,0.47,,53.6,13.3,,3.822,86,,,,11.3,27.8,,,1.54,,10.8,,,7,
12,16.5,85.8,16.4,3.909,,1241,-84,,18.3,,0.58,-0.16,0.48,0.13,,54.7,10,,3.959,94,,,,7.7,24.4,,,0.28,,7.4,,,52,
"12,21",12.7,22.6,20.5,3.903,,816,-35,,0,,0.03,-0.71,0.53,-0.1,,55.2,10.7,,3.946,88,,,,7.9,21.9,,,0.89,,9.1,,,0,
"12,21",12,19.2,19.9,3.89,,813,-79,,0,,0.14,0,1.49,0.1,,54.6,10.6,,3.91,88,,,,7.9,21.3,,,0,,8.6,,,-22,
"12,21",14.3,4.5,22.9,3.891,,1103,-33,,31.2,,0.4,0,3.32,1.06,,54.8,10.9,,3.924,86,,,,8.3,24.4,,,0,,10.4,,,-17,
12,14.8,8.1,24.4,3.857,,2049,-44,,74.1,,0.38,-0.93,0.31,0.88,,54.8,11,,3.917,85,,,,8.3,24.4,,,1.14,,11.5,,,0,
12,3.3,128.4,12.6,3.77,,1757,-157,,72.2,,0.2,0,2.01,2.72,,53.3,8.1,,3.827,81,,,,6.1,3,,,0,,4.8,,,25,
"12,21",4.1,21.5,12.6,3.87,,805,-15,,0,,0.02,0,0.23,0,,54.3,8.1,,3.886,81,,,,6.1,3,,,0,,4.8,,,2,
36,17.3,36.1,26,3.69,,1104,-11,,1.8,,0.03,0.59,0.48,-1.23,,51.9,10.4,,3.722,70,,,,8.8,27,,,1.65,,10.2,,,20,
"12,21",2.4,17,6.7,3.67,,832,-50,,33.3,,0.03,0,0.32,1.44,,52.5,1.6,,3.687,67,,,,0.3,-1.1,,,0,,3,,,53,
"12,21",2.7,5.6,6.6,3.735,,809,-6,,0,,0.03,0,0.26,0,,52.4,1.6,,3.75,67,,,,0.3,-0.4,,,0.32,,2.8,,,25,
12,,,,,,,,,,,,,,,,,,,,,,,,,,,,,,,,,,
12,5.8,5.7,12.6,3.714,,891,-115,,0,,0.11,0,1.13,3.99,,53.4,3.9,,3.802,76,,,,2.5,6.1,,,0.17,,3.8,,,0,
"12,21",8.7,4.4,13,3.622,,831,-52,,19.7,,0.07,0.73,0.28,1.47,,51.3,5.1,,3.675,63,,,,3.5,18.2,,,0.74,,1.9,,,45,
"12,21",3.4,4.2,7.8,3.64,,802,-48,,0,,0.11,-0.01,0.93,0.01,,51.6,0.6,,3.695,61,,,,-0.6,1.1,,,0.29,,3.8,,,73,
"51,56",27.5,22.1,27,3.925,,956,-17,,0,,0.04,0,0,0,,55,16.9,,3.934,87,,,,16,30,,,0,,17.4,,,90,
"51,56",23.8,61.4,28.5,3.808,,76,-33,,0,,0.03,0,0.75,0,,53.4,12.8,,3.835,76,,,,11.7,29,,,0,,15,,,90,
"51,56",18.2,0,26.1,3.488,,0,-29,,0,,0.19,0,1.29,0,,49,14.7,,3.528,20,,,,12.8,27.2,,,0.26,,10.7,,,90,
"51,56",16.4,60.9,18.9,3.841,,372,-40,,0,,0.27,0,2.52,0,,53.9,7.9,,3.858,87,,,,6.7,23.8,,,3.01,,7.8,,,2,
"51,56",,,,,,,,,,,,,,,,,,,,,,,,,,,,,,,,,,
58,6.5,0,7.9,3.96,,9,23,,0,,0,0,0,0,,55.7,15.4,,3.988,86,,,,12,2.4,,,0,,8.1,,,4,
"12,21,29",11.8,-4.5,190.1,3.688,,604,-38,,0,,0.57,0.07,5.18,0.24,,52.5,13.2,,3.726,73,,,,11.1,13.4,,,0.73,,9.1,,,68,
"21,29",11.8,2.5,200,3.768,,0,0,,0,,0,0.07,0,0,,53,13.2,,3.788,73,,,,0,13.4,,,0.73,,9.1,,,90,
"21,29",11.4,3.7,199.2,3.759,,802,-58,,0,,0.02,-1.47,0.45,0,,52.8,13.2,,3.795,73,,,,11.1,13,,,2.25,,8.7,,,66,
"21,29",,,,,,,,,,,,,,,,,,,,,,,,,,,,,,,,,,
"21,29",11.4,3.7,200,3.783,,0,0,,0,,0,-1.47,0,0,,53.2,13.1,,3.804,73,,,,0,12.1,,,2.25,,8.7,,,79,
"21,29",,,,,,,,,,,,,,,,,,,,,,,,,,,,,,,,,,
"21,29",10.8,4.2,200,3.788,,0,0,,0,,0,0,0,0,,53.2,13.1,,3.81,73,,,,11,12,,,0,,8.4,,,80,
"21,29",12.8,115.7,179.1,3.702,,2596,-121,,10.5,,0.6,-0.26,5.31,0.03,,51.8,13.2,,3.717,71,,,,11.1,16.8,,,3.35,,8.6,,,-32,
"12,18,56,66",14.4,39.2,20.7,3.682,,0,-106,,0,,0.44,0,4.67,0.16,,51.7,13.3,,3.724,70,,,,11.2,18.9,,,0.24,,8.9,,,41,
"56,66",14.4,0,20.7,3.745,,0,0,,0,,0,0,0,0,,52.6,13.3,,3.763,70,,,,11.2,18.9,,,0.24,,8.9,,,40,
"21,29",14.1,21,186.8,3.741,,1063,-3,,0,,0.02,0,0.04,-0.03,,52.5,13.3,,3.759,70,,,,11.3,18.9,,,0,,8.7,,,39,
"21,28,29",14.1,21,75.6,3.745,,932,-6,,0,,0.04,0,0.24,0,,52.6,13.3,,3.763,70,,,,11.2,18.9,,,0,,8.7,,,82,
"12,21",6,59,23.5,3.696,,823,-41,,10.9,,0.04,0,2.23,0,,51.8,11.6,,3.714,66,,,,9.6,5.7,,,0,,5,,,-68,
"21,29",6.4,4.9,199.6,3.722,,0,-5,,0,,0,0,0.23,0,,52.3,11.6,,3.728,66,,,,9.7,6.5,,,0.29,,5.4,,,61,
"21,29",,,,,,,,,,,,,,,,,,,,,,,,,,,,,,,,,,
"21,29",10.7,157,199.7,3.653,,2308,-45,,0,,0.92,0,3.66,0,,51.6,5.8,,3.651,64,,,,5.2,7.9,,,2.73,,7.2,,,59,
"21,29",,,,,,,,,,,,,,,,,,,,,,,,,,,,,,,,,,
"21,29",11.4,22.5,174.3,3.701,,794,-2,,0,,0.02,0,0.02,0.02,,51.9,5.8,,3.715,63,,,,5.3,9.3,,,0,,6.8,,,55,
"21,29",6.3,58.4,194.8,4.07,,804,-54,,0,,0.33,0,2.62,0,,57.2,9.7,,4.092,100,,,,7.5,2.4,,,1.81,,5.5,,,68,
"21,29",6.3,58.4,198.9,4.07,,812,-54,,0,,0.33,0,2.62,0,,57.2,9.7,,4.092,100,,,,7.5,3,,,1.81,,5.5,,,90,
"21,29",7.1,25.3,200,4.11,,809,-9,,0,,0.11,0,0.95,0,,57.6,8.2,,4.132,100,,,,7.1,2.4,,,0,,6.8,,,90,
"21,28,29",8.2,22.7,62.1,4.094,,817,-5,,0,,0.04,0,0.32,0,,57.6,8.3,,4.115,100,,,,7.2,3.7,,,0.64,,6.8,,,89,
"21,29",9.1,13.9,199.5,4.069,,809,-64,,0,,0.09,0,0.83,0,,57.3,8.4,,4.11,100,,,,7.3,5.1,,,1.01,,7.8,,,60,
"21,29",9.2,13.9,200,4.098,,7,0,,0,,0,0,0,0,,57.6,8.4,,4.119,100,,,,7.3,5.1,,,1.01,,7.8,,,60,
"21,29",9.2,3.9,200,4.099,,-6,0,,0,,0.01,0,0,0,,57.6,8.4,,4.12,100,,,,0,5.1,,,1.01,,7.8,,,59,
29,,,,,,,,,,,,,,,,,,,,,,,,,,,,,,,,,,
"21,29",9.4,5.1,200,4.101,,0,0,,0,,0,0,0,0,,57.6,8.4,,4.122,100,,,,7.2,5.1,,,0,,7.6,,,57,
"21,29",,,,,,,,,,,,,,,,,,,,,,,,,,,,,,,,,,
"21,29",9.2,20.6,183.8,4.095,,837,-15,,80.6,,0.02,0,0.04,-0.22,,57.5,8.4,,4.117,100,,,,7.3,5.1,,,0,,7.6,,,58,
"21,29",9.2,0,200,4.103,,0,0,,0,,0,0,0,0,,57.6,8.5,,4.123,100,,,,7.3,5.1,,,0,,7.7,,,83,
"21,29",,,,,,,,,,,,,,,,,,,,,,,,,,,,,,,,,,
"21,29",,,,,,,,,,,,,,,,,,,,,,,,,,,,,,,,,,
"21,29",5.3,0,200,4.102,,7,0,,0,,0,0,0,0,,57.6,7.4,,4.124,100,,,,6.5,5.1,,,0,,5.1,,,83,
"21,29",5.6,0,200,4.102,,3,0,,0,,0,0,0,0,,57.6,7.5,,4.123,100,,,,6.6,2.4,,,0,,5.5,,,82,
"21,29",6.8,0,188.3,4.101,,0,0,,0,,0,0,0,0,,57.6,7.6,,4.121,100,,,,6.5,2.4,,,0,,6.4,,,-63,
"21,29",6.9,0,200,4.101,,0,0,,0,,0,0,0,0,,57.6,7.6,,4.12,100,,,,6.5,2.4,,,0,,6.5,,,-62,
"21,29",6.7,0,200,4.099,,7,0,,0,,0,0,0,0,,57.6,7.5,,4.12,100,,,,6.4,2.4,,,0,,6.5,,,-29,
"21,29",6.8,0,200,4.1,,0,0,,0,,0,0,0,0,,57.6,7.5,,4.12,100,,,,6.4,2.4,,,0,,6.3,,,0,
"21,29",6.8,0,200,4.1,,0,0,,0,,0,0,0,0,,57.6,7.5,,4.12,100,,,,6.5,2.4,,,0,,6.4,,,0,
"21,29",6.9,0,200,4.099,,0,0,,0,,0,0,0,0,,57.6,7.5,,4.119,100,,,,6.5,2.4,,,0,,6.6,,,-1,
"21,29",7.2,0,200,4.099,,0,0,,0,,0,0,0,0,,57.6,7.6,,4.119,100,,,,6.4,2.4,,,0,,6.6,,,-1,
"21,29",7.3,0,200,4.098,,0,0,,0,,0,0,0,0,,57.6,7.5,,4.118,100,,,,6.4,2.4,,,0,,6.8,,,-1,
29,,,,,,,,,,,,,,,,,,,,,,,,,,,,,,,,,,
"21,29",7.4,0,200,4.097,,-7,0,,0,,0,0,0,0,,57.5,7.1,,4.119,100,,,,6.1,1,,,0,,6.8,,,-1,
"21,29",7.4,0,200,4.096,,7,0,,0,,0,0,0,0,,57.5,7.1,,4.119,100,,,,6.1,1,,,0,,6.8,,,-1,
"21,29",5.9,0,200,4.097,,0,0,,0,,0,0,0,0,,57.5,7,,4.118,100,,,,0,2.4,,,0,,5.6,,,-10,
"21,29",6,0,200,4.097,,0,0,,0,,0,0,0,0,,57.5,7.2,,4.118,100,,,,0,2.4,,,0,,5.6,,,-10,
"21,29",6,0,200,4.096,,7,0,,0,,0,0,0,0,,57.5,7,,4.119,100,,,,0,2.4,,,0,,5.6,,,-10,
"21,29",6,0,200,4.096,,0,0,,0,,0,0,0,0,,57.5,7.2,,4.118,100,,,,6.2,2.4,,,0,,5.8,,,-10,
"21,29",,,,,,,,,,,,,,,,,,,,,,,,,,,,,,,,,,
"21,29",6.1,0,200,4.096,,0,0,,0,,0,0,0,0,,57.5,7.1,,4.118,100,,,,6.1,2.4,,,0,,5.8,,,-10,
"21,29",6.3,0,200,4.097,,-7,0,,0,,0,0,0,0,,57.5,7.2,,4.116,100,,,,6.1,2.4,,,0,,6,,,-9,
"21,29",6.1,0,200,4.096,,0,0,,0,,0,0,0,0,,57.5,7,,4.118,100,,,,0,2,,,0,,5.8,,,30,
58,12.8,0,17.4,3.926,,-3,15,,0,,0,0,0,0,,55.3,14.7,,3.955,81,,,,11.5,7.9,,,0,,12.7,,,9,
58,12.8,0,13.5,4.085,,-3,24,,0,,0,0,0,0,,57.5,16.4,,4.114,98,,,,12.1,6.2,,,0,,12,,,10,
41,,,,,,,,,,,,,,,,,,,,,,,,,,,,,,,,,,
39,-0.9,0,4.9,4.023,0,818,0,0,0,-1.2,0.02,0,0.02,0,0,56.4,1.3,10.4,4.042,100,0,0,0,-0.5,-5.1,0,-10,0,9.3,2.3,0,-6,-2,-1.6
39,0.2,27.8,5.1,4.014,0,740,-1,0,0,-1,0.02,0,0.03,0,0,56.4,1.3,3.7,4.037,100,0,0,0,-0.4,-3.6,0,-26,0,5.2,-1,0,-8,-3,-1.5
39,-1.3,0,5.1,4.073,0,77,0,0,0,-2,0.02,0,0.02,0,0,57.2,1.4,3.7,4.099,100,0,0,0,-0.4,-5.9,0,-3,0,4.9,-1.7,0,0,0,-2.3
39,0.4,6.7,5.1,4.063,0,29,0,0,0,-1.9,0,0,0.02,0,0,57.1,1.3,3.7,4.084,100,0,0,0,-0.3,-3.2,0,0,0.95,5.1,-1.7,0,7,-1,-2.1
39,2.5,25.1,3.7,4.115,0,1591,0,0,0,1.2,0.02,0,0.02,0,0,57.7,4.4,-3.2,4.128,100,0,0,0,2.1,0.8,0,-4,0,-0.4,0.9,0,1,-9,0.7
"51,56,66",17.3,0,20.5,3.843,0,0,0,0,0,16.7,0,0,0,0,0,53.9,8.8,14.3,3.86,72,0,0,0,7.5,17.1,0,1,0,18.8,16.6,0,0,14,16.5
39,-1.5,0,0.2,4.058,0,805,-3,0,0,-3.4,0.02,0,0.02,0,0,56.9,-0.7,-7.3,4.078,100,0,0,0,-2.7,-3.2,0,-4,0,-4.8,-3.5,0,1,6,-3.6
39,-0.8,6.6,0.2,4.052,0,25,0,0,0,-3.2,0.04,0,0.03,0,0,56.9,-0.7,-7.3,4.072,100,0,0,0,-2.6,-1.8,0,21,3.24,-4.5,-3.4,0,11,3,-3.4
39,-0.2,0,1,4.052,0,788,0,0,0,-3.2,0.02,0,0.03,0,0,56.9,-0.7,-7.3,4.071,100,0,0,0,-2.6,-0.4,0,-1,0.25,-4.5,-3.4,0,3,3,-3.2
39,0.1,0.8,-0.3,3.871,0,473,-191,0,0,-2.9,0.08,0,0.68,0,0,56.5,-0.7,-7.3,4.05,100,0,0,0,-2.6,-1,0,0,0.4,-4.5,-3.2,0,0,4,-3.2
39,0.1,0.8,-0.3,4.048,0,809,0,0,0,-2.9,0.02,0,0.02,0,0,56.8,-0.7,-7.3,4.069,100,0,0,0,-2.6,0,0,-5,0.4,-4.5,-3.1,0,8,4,-3.2
39,0.9,0,1,4.052,0,0,0,0,0,-2.3,0,0,0,0,0,56.8,-0.7,-7.2,4.069,100,0,0,0,-2.4,0.9,0,-2,0,-4.2,-2.8,0,0,0,-2.3
92,16.9,9.5,3.5,3.891,0.05,0,-80,0,0,3.3,0.44,0,3.05,0,0,54.5,2.6,6.5,3.951,97,0,0,0.15,-0.5,26.5,0.1,-32,1.04,7.9,1.7,0,-20,0,4
92,16,31.7,6.5,3.861,2.65,780,-115,43.5,-10.6,4.8,0.14,-2.14,0.99,-1.06,0.28,54.2,2.7,9,3.886,96,0.46,0.07,0.5,-0.3,23.1,22.9,2155,0.47,13.5,4.8,1.35,510,25,5.1
"56,66",11.6,0,15,4.071,0,7,0,0,0,9.7,0,0,0,0,0,57.1,14.8,13.5,4.087,100,0,0,0,13.3,13.3,0,-1,0,15.8,10.4,0,-1,-14,15
"56,66",17.2,0,16.2,4.071,0,-3,0,0,0,15.7,0,0,0,0,0,57.1,14.8,20.2,4.085,100,0,0,0,13.4,17.5,0,4,0,20.7,16.6,0,-1,-14,15.4
"56,66",17.5,0,16.2,4.07,0,-7,0,0,0,16.1,0,0,0,0,0,57.1,14.8,20.3,4.084,100,0,0,0,13.4,17.5,0,4,0,21.3,17,0,0,-14,16
39,-4.2,7.8,1.1,4.007,0,1107,-3,0,0,1.4,0.02,0,0.2,0,0,56.3,2.1,-1.9,4.031,99,0,0,0,-1.7,-2.8,0,0,0.41,11.9,-0.2,0,0,5,-5.9
"51,56",20.9,0.1,21.7,3.722,,21,-33,,0,,0.39,0,2.87,0,,52.5,14,,3.768,66,,,,12.4,31.4,,,0,,11.5,,,0,
"51,56",,,,,,,,,,,,,,,,,,,,,,,,,,,,,,,,,,
58,,,,,,,,,,,,,,,,,,,,,,,,,,,,,,,,,,
58,13.9,0,11.6,3.689,,7,0,,0,,0,0,0,0,,51.7,12,,3.701,29,,,,11.3,12,,,0,,12.5,,,-3,
57,,,,,,,,,,,,,,,,,,,,,,,,,,,,,,,,,,
58,13.9,0,11.6,3.686,,0,0,,0,,0,0,0,0,,51.7,12,,3.699,29,,,,11.3,12,,,0,,12.5,,,-3,
58,13.9,0,12,3.691,,7,5,,0,,0,0,0,0,,51.8,12,,3.711,29,,,,11.4,12,,,0,,12.7,,,-4,
58,,,,,,,,,,,,,,,,,,,,,,,,,,,,,,,,,,
58,13.9,0,11.6,3.694,,0,0,,0,,0,0,0,0,,51.8,12.2,,3.709,30,,,,11.5,12,,,0,,12.8,,,-4,
58,14,0,12,3.695,,0,0,,0,,0,0,0,0,,51.8,12.2,,3.709,30,,,,11.6,12,,,0,,12.8,,,-3,
58,14,0,10.6,3.701,,0,19,,0,,0,0,0,0,,51.9,12.3,,3.719,30,,,,11.6,12,,,0,,12.8,,,-3,
58,14,0,12,3.703,,3,18,,0,,0,0,0,0,,52,12.3,,3.721,30,,,,11.6,12,,,0,,12.8,,,-3,
58,14,0,12,3.7,,0,1,,0,,0,0,0,0,,51.9,12.2,,3.715,31,,,,11.6,12,,,0,,12.8,,,-3,
58,14,0,12,3.701,,0,1,,0,,0,0,0,0,,51.9,12.2,,3.715,31,,,,11.6,12,,,0,,12.8,,,-3,
58,14,0,12,3.7,,0,2,,0,,0,0,0,0,,51.9,12.3,,3.714,31,,,,11.6,12,,,0,,12.8,,,-3,
58,,,,,,,,,,,,,,,,,,,,,,,,,,,,,,,,,,
58,14.1,0,12,3.7,,0,0,,0,,0,0,0,0,,51.8,12.3,,3.715,31,,,,11.6,12,,,0,,12.8,,,-3,
58,15,0,10.9,3.695,,-6,3,,0,,0,0,0,0,,51.8,12.6,,3.71,31,,,,11.9,12.1,,,0,,13.9,,,-3,
58,,,,,,,,,,,,,,,,,,,,,,,,,,,,,,,,,,
58,7.1,0,6.5,3.703,,0,0,,0,,0,0,0,0,,52,9.1,,3.721,30,,,,8.1,5.1,,,0,,6.3,,,-4,
58,7.1,0,6.5,3.704,,3,0,,0,,0,0,0,0,,52,9.1,,3.722,30,,,,8.1,5.1,,,0,,6.3,,,-3,
58,,,,,,,,,,,,,,,,,,,,,,,,,,,,,,,,,,
58,7.1,0,6.8,3.706,,3,0,,0,,0,0,0,0,,52,9.1,,3.722,30,,,,8.1,5.4,,,0,,6.3,,,-3,
58,7.1,0,6.8,3.707,,3,0,,0,,0,0,0,0,,52,9.1,,3.72,30,,,,8.1,6.1,,,0,,6.3,,,-4,
58,,,,,,,,,,,,,,,,,,,,,,,,,,,,,,,,,,
58,7.1,0,7.5,3.708,,-3,20,,0,,0,0,0,0,,52.2,9.2,,3.722,31,,,,8.1,6.1,,,0,,6.3,,,-3,
58,7.2,0,7.5,3.71,,3,0,,0,,0,0,0,0,,52.2,9.2,,3.737,31,,,,8.2,6.1,,,0,,6.3,,,-4,
58,,,,,,,,,,,,,,,,,,,,,,,,,,,,,,,,,,
58,7.2,0,7.5,3.712,,7,0,,0,,0,0,0,0,,52.1,9.2,,3.727,31,,,,8.2,6.1,,,0,,6.3,,,-3,
58,,,,,,,,,,,,,,,,,,,,,,,,,,,,,,,,,,
58,7.3,0,7.9,3.714,,7,0,,0,,0,0,0,0,,52.1,9.2,,3.73,31,,,,8.2,6.5,,,0,,6.4,,,-4,
58,7.3,0,7.9,3.713,,0,0,,0,,0,0,0,0,,52.1,9.2,,3.729,31,,,,8.2,6.5,,,0,,6.4,,,-3,
58,7.4,0,7.5,3.714,,0,0,,0,,0,0,0,0,,52.1,9.2,,3.729,31,,,,8.2,6.2,,,0,,6.5,,,-3,
58,7.4,0,7.5,3.717,,0,1,,0,,0,0,0,0,,52.1,9.2,,3.733,31,,,,8.2,6.2,,,0,,6.5,,,-3,
58,7.6,0,7.8,3.718,,0,5,,0,,0,0,0,0,,52.2,9.3,,3.733,31,,,,8.2,6.5,,,0,,6.6,,,-3,
58,7.6,0,7.5,3.714,,-6,0,,0,,0,0,0,0,,52.1,9.2,,3.727,32,,,,8.2,6.5,,,0,,6.6,,,-3,
58,7.6,0,7.8,3.717,,3,2,,0,,0,0,0,0,,52.1,9.2,,3.733,32,,,,8.2,6.5,,,0,,6.6,,,-3,
58,,,,,,,,,,,,,,,,,,,,,,,,,,,,,,,,,,
58,,,,,,,,,,,,,,,,,,,,,,,,,,,,,,,,,,
58,7.8,0,7.9,3.723,,7,1,,0,,0,0,0,0,,52.2,9.3,,3.739,34,,,,8.3,5.2,,,0,,7.4,,,-4,
58,7.8,0,6.6,3.723,,0,0,,0,,0,0,0,0,,52.2,9.3,,3.739,34,,,,8.3,5.2,,,0,,7.4,,,-4,
58,7.8,0,6.6,3.726,,0,1,,0,,0,0,0,0,,52.3,9.3,,3.743,35,,,,8.3,5.2,,,0,,7.4,,,-4,
58,7.8,0,6.6,3.725,,-6,0,,0,,0,0,0,0,,52.2,9.3,,3.738,35,,,,8.3,5.2,,,0,,7.4,,,-3,
58,8.6,0,6.6,3.726,,-3,0,,0,,0,0,0,0,,52.2,9.3,,3.741,35,,,,8.3,6.2,,,0,,7.4,,,-4,
58,8.6,0,6.6,3.727,,3,0,,0,,0,0,0,0,,52.2,9.3,,3.739,35,,,,8.3,6.2,,,0,,7.4,,,-3,
58,8.7,0,6.6,3.727,,0,9,,0,,0,0,0,0,,52.2,9.3,,3.739,35,,,,8.3,6.2,,,0,,7.4,,,-3,
58,8.7,0,6.6,3.729,,0,2,,0,,0,0,0,0,,52.3,9.3,,3.745,35,,,,8.3,6.2,,,0,,7.4,,,-3,
58,8.7,0,6.6,3.728,,0,0,,0,,0,0,0,0,,52.3,9.4,,3.741,35,,,,8.3,6.2,,,0,,7.4,,,-3,
58,,,,,,,,,,,,,,,,,,,,,,,,,,,,,,,,,,
58,8.6,0,7.2,3.736,,-3,22,,0,,0,0,0,0,,52.3,9.4,,3.744,35,,,,8.3,6.5,,,0,,7.4,,,-4,
58,,,,,,,,,,,,,,,,,,,,,,,,,,,,,,,,,,
58,8.7,0,7.9,3.731,,3,0,,0,,0,0,0,0,,52.3,9.4,,3.744,35,,,,8.4,6.5,,,0,,7.5,,,-3,
58,,,,,,,,,,,,,,,,,,,,,,,,,,,,,,,,,,
58,,,,,,,,,,,,,,,,,,,,,,,,,,,,,,,,,,
58,,,,,,,,,,,,,,,,,,,,,,,,,,,,,,,,,,
57,8.8,0,7.9,3.732,,0,0,,0,,0,0,0,0,,52.4,9.4,,3.747,35,,,,8.4,6.5,,,0,,7.6,,,-3,
58,8.8,0,7.9,3.733,,0,0,,0,,0,0,0,0,,52.3,9.4,,3.746,35,,,,8.4,6.5,,,0,,7.6,,,-3,
58,9.1,0,6.5,3.73,,3,8,,0,,0,0,0,0,,52.3,9.4,,3.745,35,,,,8.4,6.5,,,0,,7.8,,,-3,
58,9.1,0,6.6,3.73,,-3,0,,0,,0,0,0,0,,52.3,9.4,,3.746,35,,,,8.4,6.5,,,0,,7.8,,,-3,
58,9.1,0,6.9,3.731,,0,3,,0,,0,0,0,0,,52.3,9.4,,3.747,36,,,,8.4,6.5,,,0,,7.9,,,-3,
58,9.1,0,6.9,3.737,,3,3,,0,,0,0,0,0,,52.3,9.4,,3.757,36,,,,8.4,6.5,,,0,,7.9,,,-4,
"57,58",9.2,0,6.5,3.734,,3,15,,0,,0,0,0,0,,52.3,9.4,,3.746,36,,,,8.4,6.5,,,0,,7.9,,,-4,
58,,,,,,,,,,,,,,,,,,,,,,,,,,,,,,,,,,
58,9.7,2.5,10.6,3.64,,3,0,,1.5,,0.01,1.26,0,0,,51,10.8,,3.653,12,,,,9.7,10.6,,,0.39,,8.6,,,4,
58,8.2,0,6.1,3.644,,-3,0,,0,,0,0,0,0,,51.1,8.4,,3.661,12,,,,7.5,6.5,,,0,,7.1,,,3,
58,8.2,0,6.1,3.646,,-3,0,,0,,0,0,0,0,,51.3,8.4,,3.661,13,,,,7.5,6.5,,,0,,7.1,,,3,
58,8.2,0,6.5,3.648,,0,0,,0,,0,0,0,0,,51.1,8.4,,3.663,13,,,,7.5,6.5,,,0,,7.1,,,3,
58,8.2,0,6.5,3.651,,3,9,,0,,0,0,0,0,,51.2,8.4,,3.662,13,,,,7.6,6.5,,,0,,7.1,,,3,
58,8.2,0,6.5,3.65,,3,0,,0,,0,0,0,0,,51.2,8.4,,3.666,13,,,,7.6,6.5,,,0,,7.1,,,4,
58,8.2,0,6.8,3.652,,-7,0,,0,,0,0,0,0,,51.4,8.4,,3.667,13,,,,7.6,6.5,,,0,,7.1,,,4,
58,8.2,0,7.1,3.652,,0,0,,0,,0,0,0,0,,51.2,8.4,,3.665,13,,,,7.6,6.5,,,0,,7.1,,,3,
58,8.2,0,7.1,3.653,,-3,0,,0,,0,0,0,0,,51.2,8.4,,3.667,13,,,,7.6,6.5,,,0,,7.1,,,4,
58,8.2,0,7.1,3.654,,0,0,,0,,0,0,0,0,,51.2,8.4,,3.666,13,,,,7.6,6.5,,,0,,7.1,,,3,
"56,66",,,,,,,,,,,,,,,,,,,,,,,,,,,,,,,,,,
"56,66",21.8,0,9.3,4.126,,0,0,,0,,0,0,0,0,,57.8,15.7,,4.139,100,,,,14.9,9.3,,,0,,10.7,,,1,
58,,,,,,,,,,,,,,,,,,,,,,,,,,,,,,,,,,
58,,,,,,,,,,,,,,,,,,,,,,,,,,,,,,,,,,
58,,,,,,,,,,,,,,,,,,,,,,,,,,,,,,,,,,
58,14.9,16.7,15.8,3.948,,956,24,,0,,0.06,0,0.23,0,,55.3,19.1,,3.96,81,,,,17.6,14.8,,,0,,13.7,,,3,
58,15.2,0,16.2,3.948,,0,24,,0,,0,0,0,0,,55.3,19.1,,3.96,81,,,,17.6,14.8,,,0,,13.7,,,1,
58,,,,,,,,,,,,,,,,,,,,,,,,,,,,,,,,,,
58,15.2,0,16.2,3.948,,-3,24,,0,,0,0,0,0,,55.3,19.1,,3.96,81,,,,17.6,14.8,,,0,,13.7,,,1,
58,15,0,14.8,3.948,,9,24,,0,,0,0,0,0,,55.3,19.1,,3.96,81,,,,17.6,14.8,,,0,,13.7,,,2,
58,,,,,,,,,,,,,,,,,,,,,,,,,,,,,,,,,,
58,,,,,,,,,,,,,,,,,,,,,,,,,,,,,,,,,,
58,,,,,,,,,,,,,,,,,,,,,,,,,,,,,,,,,,
58,,,,,,,,,,,,,,,,,,,,,,,,,,,,,,,,,,
58,,,,,,,,,,,,,,,,,,,,,,,,,,,,,,,,,,
58,,,,,,,,,,,,,,,,,,,,,,,,,,,,,,,,,,
58,14.8,0,15.3,3.948,,7,24,,0,,0,0,0,0,,55.3,19.1,,3.96,81,,,,17.6,14.8,,,0,,13.5,,,2,
58,,,,,,,,,,,,,,,,,,,,,,,,,,,,,,,,,,
58,14.8,0,14.8,3.948,,0,24,,0,,0,0,0,0,,55.3,19.1,,3.96,81,,,,17.6,14.8,,,0,,13.5,,,2,
58,,,,,,,,,,,,,,,,,,,,,,,,,,,,,,,,,,
58,14.8,0,14.8,3.948,,3,24,,0,,0,0,0,0,,55.3,19.1,,3.96,81,,,,17.6,14.8,,,0,,13.5,,,2,
58,,,,,,,,,,,,,,,,,,,,,,,,,,,,,,,,,,
58,15.6,0,14.8,3.948,,0,24,,0,,0,0,0,0,,55.3,19.1,,3.96,81,,,,17.6,14.8,,,0,,13.5,,,2,
58,15.3,0,14.8,3.948,,7,24,,0,,0,0,0,0,,55.3,19.1,,3.96,81,,,,17.6,14.8,,,0,,13.5,,,2,
58,,,,,,,,,,,,,,,,,,,,,,,,,,,,,,,,,,
58,15.3,0,13,3.948,,0,24,,0,,0,0,0,0,,55.3,19.1,,3.96,81,,,,17.6,14.8,,,0,,13.5,,,9,
58,,,,,,,,,,,,,,,,,,,,,,,,,,,,,,,,,,
58,,,,,,,,,,,,,,,,,,,,,,,,,,,,,,,,,,
58,15.3,8.6,14.8,3.948,,708,24,,0,,0.02,0,0.02,0,,55.3,19.1,,3.96,81,,,,17.6,14.8,,,0,,13.5,,,2,
58,15.6,9.8,16.2,3.948,,3,24,,0,,0,0,0,0,,55.3,19.1,,3.96,81,,,,17.6,16.2,,,0.26,,13.5,,,-5,
58,15.7,0,14.8,3.948,,-7,24,,0,,0,0,0,0,,55.3,19.1,,3.96,81,,,,17.6,14.8,,,0,,13.5,,,-5,
58,,,,,,,,,,,,,,,,,,,,,,,,,,,,,,,,,,
58,,,,,,,,,,,,,,,,,,,,,,,,,,,,,,,,,,
58,,,,,,,,,,,,,,,,,,,,,,,,,,,,,,,,,,
"56,58,66",15.2,0,14.8,3.948,,-9,24,,0,,0,0,0,0,,55.3,19.1,,3.96,81,,,,17.6,13.7,,,0,,13.2,,,-5,
58,,,,,,,,,,,,,,,,,,,,,,,,,,,,,,,,,,
58,,,,,,,,,,,,,,,,,,,,,,,,,,,,,,,,,,
58,14.5,0,13.1,3.948,,0,24,,0,,0,0,0,0,,55.3,19.1,,3.96,81,,,,17.6,13.4,,,0,,13.1,,,-2,
58,14.5,0,13.1,3.948,,0,24,,0,,0,0,0,0,,55.3,19.1,,3.96,81,,,,17.6,13.4,,,0,,13.1,,,-6,
58,14.4,0,13,3.948,,-9,24,,0,,0,0,0,0,,55.3,19.1,,3.96,81,,,,17.6,13.4,,,0,,13.1,,,24,
58,14.4,0,14.8,3.948,,0,24,,0,,0,0,0,0,,55.3,19.1,,3.96,81,,,,17.6,13.4,,,0,,13.1,,,-5,
58,14.4,0,14.8,3.948,,0,24,,0,,0,0,0,0,,55.3,19.1,,3.96,81,,,,17.6,14.7,,,0,,13.1,,,-4,
58,,,,,,,,,,,,,,,,,,,,,,,,,,,,,,,,,,
58,,,,,,,,,,,,,,,,,,,,,,,,,,,,,,,,,,
58,,,,,,,,,,,,,,,,,,,,,,,,,,,,,,,,,,
58,,,,,,,,,,,,,,,,,,,,,,,,,,,,,,,,,,
58,14.5,0,14.8,3.948,,0,24,,0,,0,0,0,0,,55.3,19.1,,3.96,81,,,,17.6,0,,,0,,13.1,,,90,
58,,,,,,,,,,,,,,,,,,,,,,,,,,,,,,,,,,
58,,,,,,,,,,,,,,,,,,,,,,,,,,,,,,,,,,
58,,,,,,,,,,,,,,,,,,,,,,,,,,,,,,,,,,
58,,,,,,,,,,,,,,,,,,,,,,,,,,,,,,,,,,
58,,,,,,,,,,,,,,,,,,,,,,,,,,,,,,,,,,
58,,,,,,,,,,,,,,,,,,,,,,,,,,,,,,,,,,
58,,,,,,,,,,,,,,,,,,,,,,,,,,,,,,,,,,
58,14.5,0,14.8,3.948,,802,24,,0,,0.02,0,0.04,0,,55.3,19.1,,3.96,81,,,,17.6,13.4,,,0,,13.2,,,90,
58,15.2,0,14.8,3.948,,-7,24,,0,,0,0,0,0,,55.3,19.1,,3.96,81,,,,17.6,16.2,,,0,,13.2,,,90,
58,,,,,,,,,,,,,,,,,,,,,,,,,,,,,,,,,,
58,13.1,0,12,3.948,,-6,24,,0,,0,0,0,0,,55.3,19.1,,3.96,81,,,,17.6,10.6,,,0,,12,,,90,
58,14.3,11.1,13.1,3.978,,854,-187,,0,,0.06,-0.01,0.58,0,,56.7,15.1,,4.064,100,,,,14,13.4,,,0.72,,12.4,,,29,
58,14.3,24,13.1,4.063,,769,-187,,-0.1,,0.08,-0.01,0.68,0,,56.7,15.1,,4.085,100,,,,14,13.4,,,0.72,,12.4,,,-8,
58,,,,,,,,,,,,,,,,,,,,,,,,,,,,,,,,,,
58,14.3,4,13.3,4.063,,0,-187,,-0.1,,0,-0.01,0,0,,56.7,15.1,,4.085,100,,,,13.9,13.4,,,0.72,,12.4,,,-15,
58,14.3,4,12.4,4.063,,0,-187,,-0.1,,0,-0.01,0,0,,56.7,15.1,,4.085,100,,,,13.9,13.4,,,0.72,,12.4,,,-15,
"56,58,66",,,,,,,,,,,,,,,,,,,,,,,,,,,,,,,,,,
"56,58,66",,,,,,,,,,,,,,,,,,,,,,,,,,,,,,,,,,
"56,66",13.7,0,13.4,4.063,,0,-187,,0,,0,0,0,0,,56.7,15.1,,4.085,100,,,,13.9,13.1,,,0,,12.2,,,35,
58,,,,,,,,,,,,,,,,,,,,,,,,,,,,,,,,,,
58,,,,,,,,,,,,,,,,,,,,,,,,,,,,,,,,,,
58,13.7,0,13.4,4.063,,0,-187,,0,,0,0,0,0,,56.7,15.1,,4.085,100,,,,13.9,13.4,,,0,,12.3,,,-23,
58,13.7,0,13.4,4.063,,0,-187,,0,,0,0,0,0,,56.7,15.1,,4.085,100,,,,13.9,13.4,,,0,,12.3,,,-23,
58,,,,,,,,,,,,,,,,,,,,,,,,,,,,,,,,,,
"56,58,66",,,,,,,,,,,,,,,,,,,,,,,,,,,,,,,,,,
"56,66",13.9,0,10.7,4.088,,0,0,,0,,0,0,0,0,,57.3,13.9,,4.103,100,,,,12.9,10.5,,,0,,10.6,,,1,
"56,58,66",,,,,,,,,,,,,,,,,,,,,,,,,,,,,,,,,,
58,18.9,0,16.2,4.128,,0,0,,0,,0,0,0,0,,57.8,15.1,,4.14,100,,,,13.5,16.2,,,0,,18.6,,,19,
58,18.9,0,16.2,4.128,,7,0,,0,,0,0,0,0,,57.8,15.1,,4.14,100,,,,13.5,17.3,,,0,,18.5,,,19,
"56,58,66",,,,,,,,,,,,,,,,,,,,,,,,,,,,,,,,,,
58,12.2,0,9.3,4.128,,7,0,,0,,0,0,0,0,,57.8,15.1,,4.14,100,,,,13.5,9.3,,,0,,18.5,,,20,
41,12.8,0,9.3,4.128,,0,0,,0,,0,0,0,0,,57.8,15.1,,4.14,100,,,,13.5,9.3,,,0,,11.5,,,19,
"41,58",,,,,,,,,,,,,,,,,,,,,,,,,,,,,,,,,,
58,,,,,,,,,,,,,,,,,,,,,,,,,,,,,,,,,,
58,,,,,,,,,,,,,,,,,,,,,,,,,,,,,,,,,,
58,,,,,,,,,,,,,,,,,,,,,,,,,,,,,,,,,,
"56,66",,,,,,,,,,,,,,,,,,,,,,,,,,,,,,,,,,
"56,58,66",,,,,,,,,,,,,,,,,,,,,,,,,,,,,,,,,,
58,13.8,0,9.7,4.128,,0,0,,0,,0,0,0,0,,57.8,15.1,,4.14,100,,,,13.5,10.6,,,0,,12.6,,,19,
58,,,,,,,,,,,,,,,,,,,,,,,,,,,,,,,,,,
58,,,,,,,,,,,,,,,,,,,,,,,,,,,,,,,,,,
58,14,0,9.2,4.128,,7,0,,0,,0,0,0,0,,57.8,15.1,,4.14,100,,,,13.5,11.4,,,0,,12.8,,,19,
24,6,40.9,9.9,4.017,0,657,-75,11,10,7.2,0.1,0,0.94,-0.79,-0.01,57.5,6.9,2.4,4.096,100,-0.35,-0.01,0,5.1,1,11.9,-1286,0,5.1,4.9,-0.44,-1199,1,4.5
"56,66",16.8,0,20.3,3.846,0,3,0,0,0,17.3,0,0,0,0,0,53.9,13.7,13.4,3.86,75,0,0,0,12.7,12.7,0,2,0,16.3,15.2,0,0,0,15.4
24,6.4,21.8,6.5,4.071,0,760,-199,11,-7.3,7.6,0.08,0,0.79,-0.35,-0.07,56.6,3.6,2.4,4.008,100,0.05,0.02,0,2.5,-0.4,10.8,1081,0,5.2,5.1,-1.02,1923,-1,5
"56,66",-1.9,0,5.1,3.871,0,-3,-1,0,0,-0.4,0,0,0,0,0,54.2,4.6,-4.5,3.883,82,0,0,0,1.9,-5.9,0,-4,0,-0.7,-2.3,0,0,0,-3
"56,66",-1.9,0,5.1,3.869,0,9,0,0,0,-0.4,0,0,0,0,0,54.2,4.6,-4.5,3.883,82,0,0,0,2,-5.9,0,1,0,-0.7,-2.3,0,0,0,-3
"56,66",-1.9,0,5.2,3.87,0,-9,0,0,0,-0.4,0,0,0,0,0,54.2,4.6,-4.5,3.884,82,0,0,0,1.9,-5.9,0,-4,0,-0.4,-2.3,0,0,0,-3
"56,66",-1.9,0,5.1,3.869,0,9,-3,0,0,-0.4,0,0,0,0,0,54.2,4.6,-4.5,3.883,82,0,0,0,2,-5.9,0,1,0,-0.4,-2.3,0,0,0,-3
"56,66",-1.7,0,5.1,3.869,0,9,-1,0,0,-0.2,0,0,0,0,0,54.2,4.6,-4.5,3.882,82,0,0,0,2,-5.9,0,0,0,-0.4,-2.1,0,5,0,-2.8
"56,66",-1.5,0,5.1,3.87,0,0,0,0,0,0,0,0,0,0,0,54.2,4.6,-4.5,3.883,82,0,0,0,2,-5.9,0,-4,0,-0.4,-1.9,0,0,0,-2.6
"56,65,66",-1.3,0,5.1,3.869,0,-9,0,0,0,0.2,0,0,0,0,0,54.2,4.5,0,3.883,82,0,0,0,2,-5.9,0,1,0,0,-1.7,0,-7,0,-2.4
"56,65",-1.3,0,5.1,3.87,0,-9,0,0,0,0.2,0,0,0,0,0,54.2,4.5,0,3.883,82,0,0,0,2,-5.9,0,2,0,0,-1.7,0,0,0,-2.4
"56,64,65,66",-1.3,0,5.1,3.869,0,0,0,0,0,0.2,0,0,0,0,0,54.2,4.5,-4.5,3.882,82,0,0,0,2,-5.8,0,-3,0,-0.4,-1.6,0,0,0,-2.3
"56,64,66",,,,,,,,,,,,,,,,,,,,,,,,,,,,,,,,,,
"56,66",-1,0,5.1,3.869,0,9,-1,0,0,0.4,0,0,0,0,0,54.2,4.5,-4.5,3.882,82,0,0,0,1.9,-5.9,0,1,0,-0.4,-1.5,0,0,0,-2.1
92,13.2,0,17.5,4.007,0,0,0,0,0,10.8,0,0,0,0,0,56.2,10,8,4.021,99,0,0,0,8.7,6.6,0,0,0,10.3,6.9,0,0,5,18.1
92,18.7,0,17.5,4.007,0,7,0,0,0,10.8,0,0,0,0,0,56.2,10,8,4.021,99,0,0,0,8.7,6.6,0,0,0,10.3,6.9,0,0,5,18.1
92,,,,,,,,,,,,,,,,,,,,,,,,,,,,,,,,,,
"51,56",,,,,,,,,,,,,,,,,,,,,,,,,,,,,,,,,,
"51,56",23.4,20.7,27.2,3.854,,780,-18,,0,,0.1,0,0.79,0,,54.2,14.8,,3.886,80,,,,13.9,37.1,,,0.83,,18.2,,,89,
"51,56",25.4,-12,32.3,3.802,,435,-54,,0,,0.29,0,2.63,0,,53.7,15.6,,3.838,76,,,,14.1,40,,,3.12,,17.7,,,90,
"51,56",29.7,64,37.5,3.682,,787,-42,,0,,0.16,0,1.08,0,,51.8,18.2,,3.715,61,,,,16.7,51.4,,,0,,19.8,,,89,
"51,56",28,36.6,30,3.909,,512,-20,,0,,0.1,0,0.84,0,,54.9,14.9,,3.939,90,,,,13.7,39,,,0,,21.3,,,86,
"51,56",,,,,,,,,,,,,,,,,,,,,,,,,,,,,,,,,,
"51,56",29.8,28,24.4,3.945,,80,-55,,0,,0.15,0,0.42,0,,55.6,15.5,,3.98,92,,,,13.9,37,,,1.58,,20.2,,,89,
"51,56",,,,,,,,,,,,,,,,,,,,,,,,,,,,,,,,,,
"51,56",,,,,,,,,,,,,,,,,,,,,,,,,,,,,,,,,,
"51,56",21.8,42.7,32.9,3.702,,3,-49,,0,,0.34,0,2.73,0,,52.4,12.1,,3.75,65,,,,10.3,28.6,,,0,,13.4,,,90,
"51,56",,,,,,,,,,,,,,,,,,,,,,,,,,,,,,,,,,
"51,56",28.3,-1,34.2,3.949,,0,-40,,0,,0.26,0,1.62,0,,55.4,17.1,,3.937,85,,,,15.8,31.4,,,0,,20.6,,,4,
"51,56,66",8.4,0,12,4.119,,-2,0,,0.1,,0.01,0.44,0,0,,57.7,12,,4.132,100,,,,10.1,3.7,,,0.52,,7.8,,,-1,
"51,56,66",8.6,0,12.1,4.124,,-1,0,,0,,0,0,0,0,,57.8,12,,4.137,100,,,,10.1,4.8,,,0,,7.6,,,-1,
"51,56,66",8.8,0,12.8,4.124,,0,0,,0,,0,0,0,0,,57.8,12,,4.138,100,,,,10.1,5.1,,,0,,7.8,,,-2,
"51,56,66",9.2,0,13.1,4.124,,-5,0,,0,,0,0,0,0,,57.8,12,,4.137,100,,,,10,5.1,,,0,,8.1,,,-2,
"51,56,66",9.6,0,13.3,4.123,,-1,0,,0,,0,0,0,0,,57.8,12,,4.136,100,,,,10,5.1,,,0,,8.4,,,-2,
"51,56,66",9.7,0,13.3,4.123,,0,0,,0,,0,0,0,0,,57.8,12,,4.136,100,,,,10,5.1,,,0,,8.6,,,-2,
"51,56,66",9.9,0,13.4,4.122,,0,0,,0,,0,0,0,0,,57.8,12,,4.136,100,,,,10,5.1,,,0,,8.9,,,-2,
"51,56,66",10,0,13.4,4.122,,0,0,,0,,0,0,0,0,,57.8,12,,4.135,100,,,,10,5.1,,,0,,9.1,,,-2,
"51,56",10.1,0,13.3,4.121,,5,0,,0,,0,0,0,0,,57.8,11.9,,4.135,100,,,,10,5.1,,,0,,9.1,,,-1,
"51,56,66",10.1,0,13.3,4.122,,5,0,,0,,0,0,0,0,,57.8,11.9,,4.135,100,,,,10,5.1,,,0,,9.1,,,-1,
"51,56,66",10.2,0,13.3,4.121,,4,0,,0,,0,0,0,0,,57.8,11.9,,4.135,100,,,,10,5.1,,,0,,9.2,,,-2,
"51,56",,,,,,,,,,,,,,,,,,,,,,,,,,,,,,,,,,
12,6.6,5.1,22.4,3.798,,844,-107,,0,,0.11,0,0.24,0,,53.6,9.7,,3.856,83,,,,8.4,13.4,,,0,,6.4,,,17,
"52,56,66",6.7,0,16.3,4.079,,7,0,,0,,0,0,0,0,,57.2,8.1,,4.093,99,,,,6.3,5.1,,,0,,5.8,,,5,
"21,29",,,,,,,,,,,,,,,,,,,,,,,,,,,,,,,,,,
"21,29",5.7,0.2,16.1,4.075,,0,0,,0,,0,0,0,0,,57.2,7.8,,4.09,99,,,,6.1,3.6,,,0,,5.6,,,-63,
58,10.4,0,12,4.118,,7,0,,0,,0,0,0,0,,57.7,13.2,,4.131,100,,,,10.8,6.5,,,0,,8.4,,,10,
"51,56",22.9,59.2,23.3,3.912,,0,-58,,0,,0.33,0,2.62,0,,54.8,7.9,,3.959,92,,,,6.7,28.6,,,0,,13.7,,,-3,
"21,29",7.9,0,188.8,4.007,,3,0,,0,,0,0,0,0,,56.2,8.9,,4.02,95,,,,7.7,5.2,,,0,,10.2,,,-67,
"21,29",7.9,0,200,4.009,,-3,0,,0,,0,0,0,0,,56.2,8.9,,4.02,95,,,,0,5.1,,,0,,10.2,,,-67,
"21,29",8.2,0,200,4.008,,0,0,,0,,0,0,0,0,,56.2,8.9,,4.02,95,,,,7.7,6.4,,,0,,10.3,,,-67,
"21,29",,,,,,,,,,,,,,,,,,,,,,,,,,,,,,,,,,
"21,29",8.2,0,181.5,4.006,,7,0,,0,,0,0,0.01,0,,56.1,8.9,,4.018,95,,,,7.7,5.1,,,0,,10.4,,,-67,
36,13.6,76.3,39.8,3.739,,2247,-74,,3,,0.1,-0.04,4.2,-0.64,,52.6,15.2,,3.778,73,,,,13.1,24.3,,,0.92,,15,,,-18,
"12,24",16.5,4.3,44.5,3.668,,1409,-88,,28.2,,0.46,1.64,4.38,0.02,,51.9,15.5,,3.702,70,,,,13.6,27.2,,,0.94,,17.5,,,1,
12,16.5,4.3,43.5,3.723,,0,-6,,0,,0.02,1.64,0.19,0,,52.1,15.6,,3.736,70,,,,13.6,27.2,,,0.94,,17.5,,,4,
12,15.3,91.7,46.6,3.699,,1271,-81,,-15.9,,0.42,0,3.06,0.01,,52.1,15.5,,3.728,70,,,,13.4,25.4,,,0,,19.1,,,52,
12,16.5,4.2,-3.3,3.646,,2503,-107,,3.3,,0.35,1.27,4.32,-0.83,,51.5,15.6,,3.693,69,,,,13.4,27.2,,,1.55,,17.7,,,0,
36,14.7,38,18.9,3.735,,802,-6,,13.8,,0.06,0,0.57,0.02,,52.4,15.4,,3.758,69,,,,13.2,24.4,,,0,,15.8,,,48,
36,11.6,4.6,28.1,3.689,,849,-27,,19.7,,0.14,-1.38,0.31,0.5,,52.1,13.9,,3.715,69,,,,12.2,18,,,1.08,,13,,,-41,
12,11.6,27,27.8,3.705,,885,-30,,29.6,,0.02,0.26,1.41,0.86,,52,13.9,,3.742,68,,,,12.2,17.2,,,0.42,,13,,,-2,
12,12.4,26.2,25.8,3.743,,884,-6,,11,,0.02,0,0.04,0.03,,52.4,13.8,,3.755,68,,,,12,16.2,,,0,,12.3,,,0,
12,17.8,21.1,30,3.821,,893,-90,,42.2,,0.09,-0.31,1.12,2.01,,53.9,9.6,,3.87,87,,,,7.7,26.4,,,0.77,,13.9,,,12,
"51,56",19.4,59.1,34.2,3.801,,1000,-58,,0,,0.3,0,0.19,0,,53.3,13.4,,3.813,80,,,,11.6,28.6,,,0.52,,15,,,0,
92,7.7,165.8,17.8,3.914,,1724,-108,,-0.1,,0.81,0,5.79,0,,54.2,9.1,,3.962,88,,,,6.7,9.1,,,0,,8.2,,,0,
"24,56",22.3,35.6,24,3.325,,1500,-17,,0,,0.67,0.85,5.94,0.8,,47.5,14.2,,3.411,18,,,,11.6,28.4,,,3.3,,13.6,,,-10,
41,11.9,0,12,3.692,,0,0,,0,,0,0,0,0,,51.8,7.1,,3.703,60,,,,5.9,9.6,,,0,,8.2,,,-2,
"56,66",13.6,188.7,10.6,3.762,0.56,-5,-39,0.3,-0.1,11.8,0,0,0.04,0,0,52.9,9.9,10.6,3.811,74,0,0,0.05,8.5,11.3,0,5,2.67,11.6,11.8,0,-23,2,11.7
"56,66",,,,,,,,,,,,,,,,,,,,,,,,,,,,,,,,,,
"56,66",8.6,0,12,3.923,0,0,0,0,0,7.8,0,0,0,0,0,55,11.7,6.5,3.938,82,0,0,0,9.4,7.9,0,-1,0,8.9,8,0,0,0,7.6
"56,66",8.6,0,12,3.923,0,0,0,0,0,7.8,0,0,0,0,0,55,11.8,7.9,3.938,82,0,0,0,9.4,8.9,0,9,0,9.3,8,0,5,0,7.6
"56,66",8.6,0,12.2,3.923,0,0,0,0,0,7.8,0,0,0,0,0,55,11.7,7.9,3.938,82,0,0,0,9.4,9.2,0,2,0,9.3,8.1,0,0,0,7.6
"56,66",8.6,0,12,3.923,0,0,0,0,0,7.8,0,0,0,0,0,55,11.7,7.8,3.938,95,0,0,0,0,9.2,0,-19,0,9.3,8.1,0,-9,0,7.6
"56,66",8.6,0,12.1,3.925,0,0,0,0,0,7.8,0,0,0,0,0,55,11.8,7.9,3.938,95,0,0,0,0,9.3,0,-6,0,9.3,8.1,0,7,0,7.6
"56,66",8.6,0,12,3.923,0,7,0,0,0,7.9,0,0,0,0,0,55,11.7,7.6,3.937,82,0,0,0,9.4,8.9,0,0,0,9.3,8.1,0,0,1,7.6
"56,66",8.6,0,10.6,3.924,0,0,0,0,0,7.9,0,0,0,0,0,55,11.6,6.5,3.938,95,0,0,0,0,6.5,0,14,0,7.9,8.1,0,-7,90,7.6
"56,66",,,,,,,,,,,,,,,,,,,,,,,,,,,,,,,,,,
"56,66",8.2,0,10.6,3.923,0,0,0,0,0,7.4,0,0,0,0,0,55,11.5,6.5,3.938,95,0,0,0,0,6.5,0,13,0,7.9,7.8,0,0,90,7.3
"56,66",8.2,0,10.4,3.925,0,0,0,0,0,7.4,0,0,0,0,0,55,11.5,6.5,3.939,95,0,0,0,0,5.1,0,13,0,7.9,7.8,0,7,90,7.3
"56,66",7.6,0,9.3,3.923,0,0,0,0,0,6.4,0,0,0,0,0,55,11.2,5.1,3.938,82,0,0,0,8.9,3.7,0,7,0,6.5,7.3,0,0,90,6.4
"56,66",7.6,0,9.3,3.923,0,0,0,0,0,6.4,0,0,0,0,0,55,11.2,5.1,3.939,95,0,0,0,0,3.7,0,7,0,6.5,7.3,0,-6,90,6.4
"56,66",8.7,0,7.6,3.924,0,0,0,0,0,7.6,0,0,0,0,0,55,10.5,6.5,3.939,82,0,0,0,8.4,2.4,0,6,0,6.5,8.4,0,0,90,7.3
"56,66",12.5,0,10.6,3.924,0,0,0,0,0,11.6,0,0,0,0,0,55,10.8,10.6,3.939,82,0,0,0,9.2,6.5,0,5,0,10.6,12.2,0,0,90,11.2
"56,66",12.5,0,10.6,3.926,0,0,0,0,0,11.6,0,0,0,0,0,55.1,10.8,10.6,3.941,82,0,0,0,9.3,6.5,0,-13,0,10.6,12.2,0,6,90,11.2
"56,66",12.6,0,11.6,3.925,0,-3,0,0,0,11.8,0,0,0,0,0,55,10.8,10.6,3.939,82,0,0,0,9.4,7.6,0,-1,0,11.9,12.3,0,0,90,11.4
"56,66",12.8,0,10.9,3.924,0,0,0,0,0,12,0,0,0,0,0,55,10.8,10.7,3.939,82,0,0,0,9.4,7.7,0,-1,0,11.9,12.6,0,1,90,11.5
"56,66",12.9,0,11.8,3.924,0,3,0,0,0,12,0,0,0,0,0,55,10.8,10.7,3.938,82,0,0,0,9.4,7.8,0,0,0,12,12.6,0,0,90,11.8
"56,66",13,0,11.9,3.924,0,0,0,0,0,12,0,0,0,0,0,55,10.8,11.7,3.938,82,0,0,0,9.4,7.9,0,-1,0,12,12.7,0,0,90,11.9
"56,66",13.2,0,12,3.924,0,0,0,0,0,12.3,0,0,0,0,0,55,10.8,12,3.937,82,0,0,0,9.5,7.9,0,3,0,12.5,12.8,0,0,90,12
"56,66",13.5,0,12,3.923,0,0,0,0,0,12.5,0,0,0,0,0,55,10.9,12,3.936,82,0,0,0,9.5,8.9,0,-1,0,13,13.1,0,0,90,12.3
"56,66",13.6,0,10.6,3.923,0,0,0,0,0,12.6,0,0,0,0,0,55,10.8,10.6,3.937,95,0,0,0,0,7.9,0,-3,0,12,13.1,0,0,90,12.4
"56,66",12.2,0,10.6,3.923,0,0,0,0,0,11.1,0,0,0,0,0,55,10.8,10.6,3.937,82,0,0,0,9.3,6.5,0,0,0,10.6,12,0,0,90,11
"56,66",12.2,0,12,3.923,0,3,0,0,0,11.1,0,0,0,0,0,55,10.8,10.7,3.937,82,0,0,0,9.5,7.9,0,0,0,12,12,0,0,90,11
"56,66",12.4,0,12,3.923,0,0,0,0,0,11.5,0,0,0,0,0,55,10.9,12,3.936,82,0,0,0,9.5,7.9,0,4,0,12.4,12.3,0,0,90,11.2
"56,66",12.8,0,12,3.922,0,0,0,0,0,11.8,0,0,0,0,0,55,10.9,12,3.935,82,0,0,0,9.5,8,0,4,0,13.2,12.4,0,-2,90,11.6
"56,66",13.1,0,12.1,3.922,0,0,0,0,0,12.2,0,0,0,0,0,55,10.9,12,3.935,82,0,0,0,9.5,8.1,0,4,0,13.3,12.7,0,1,90,11.9
"56,66",5.6,0,5.1,3.913,0,0,0,0,0,3.3,0,0,0,0,0,54.9,7.8,3.7,3.925,94,0,0,0,0,3.7,0,10,0,5.1,4.3,0,0,90,3.4
"56,66",,,,,,,,,,,,,,,,,,,,,,,,,,,,,,,,,,
"56,66",5.6,0,5.1,3.919,0,0,0,0,0,3.3,0,0,0,0,0,55,7.8,3.7,3.93,94,0,0,0,0,2.4,0,12,0,5.1,4.3,0,7,90,3.4
"56,66",6.4,0,5.1,3.92,0,0,0,0,0,5,0,0,0,0,0,55,7.4,3.7,3.933,81,0,0,0,5.6,1,0,-11,0,5.1,6.2,0,0,90,5
"56,66",6.4,0,5.1,3.919,0,0,0,0,0,5.1,0,0,0,0,0,55,7.4,3.8,3.933,81,0,0,0,5.7,1.1,0,3,0,5.6,6.3,0,0,90,5
"56,66",6.9,0,6.4,3.919,0,0,0,0,0,5.6,0,0,0,0,0,55,7.4,5.1,3.933,81,0,0,0,5.7,2.4,0,2,0,6.5,6.6,0,0,90,5.5
"56,66",7.1,0,6.5,3.918,0,0,0,0,0,5.8,0,0,0,0,0,55,7.4,5.1,3.932,81,0,0,0,5.8,2.4,0,-1,0,6.5,6.8,0,0,90,5.6
"56,66",7.3,0,6.5,3.919,0,0,0,0,0,6.1,0,0,0,0,0,54.9,7.4,5.1,3.932,81,0,0,0,5.8,2.4,0,4,0,6.5,6.9,0,0,90,6
"56,66",7.8,0,6.5,3.918,0,0,0,0,0,6.4,0,0,0,0,0,54.9,7.3,5.1,3.931,81,0,0,0,5.8,2.4,0,-3,0,6.5,7.3,0,0,90,6.3
"56,66",8.1,0,6.5,3.917,0,0,0,0,0,6.9,0,0,0,0,0,54.9,7.3,5.2,3.931,81,0,0,0,5.8,2.4,0,0,0,6.8,7.6,0,0,90,6.8
"56,66",8.3,0,6.2,3.916,0,0,0,0,0,7.2,0,0,0,0,0,54.9,7.3,5,3.931,81,0,0,0,5.7,2.3,0,2,0,6,7.8,0,0,90,7
"56,66",8.4,0,5.1,3.917,0,0,0,0,0,7.1,0,0,0,0,0,54.9,7.3,5.1,3.931,94,0,0,0,0,2.4,0,10,0,6.5,7.8,0,5,90,6.9
"56,66",8.4,0,5.1,3.917,0,7,0,0,0,7.1,0,0,0,0,0,54.9,7.3,5.1,3.931,94,0,0,0,0,2,0,-17,0,5.5,7.8,0,-5,90,6.9
"56,66",8.4,0,5.1,3.917,0,0,0,0,0,7.1,0,0,0,0,0,54.9,7.3,3.7,3.931,94,0,0,0,0,1,0,-10,0,5.1,7.8,0,10,90,7.1
"56,66",,,,,,,,,,,,,,,,,,,,,,,,,,,,,,,,,,
"56,66",12.9,0,10.6,3.916,0,0,0,0,0,11.4,0,0,0,0,0,54.9,8.3,10.6,3.931,81,0,0,0,6.9,6.5,0,4,0,11.7,12.5,0,0,90,11.4
"56,66",13.3,0,11.3,3.916,0,-3,0,0,0,11.9,0,0,0,0,0,54.9,8.4,12,3.93,81,0,0,0,7,7.9,0,-1,0,12.4,12.9,0,0,90,11.8
"56,66",13.8,0,12,3.916,0,0,0,0,0,12.4,0,0,0,0,0,54.9,8.5,12,3.929,81,0,0,0,7.1,7.9,0,-1,0,13.4,13.3,0,0,90,12.3
"51,56",31.6,-11.2,45.5,3.893,,-10,-58,,-0.1,,0.29,0,2.62,0,,54.8,21.5,,3.909,88,,,,20,42.5,,,0.3,,29.6,,,6,
"51,56",,,,,,,,,,,,,,,,,,,,,,,,,,,,,,,,,,
"51,56",8.3,-1.4,12,4.072,,108,-58,,0,,0.2,0,2.65,0,,57.6,10.1,,4.087,100,,,,7.6,6.4,,,0.04,,8.5,,,4,
"51,56",,,,,,,,,,,,,,,,,,,,,,,,,,,,,,,,,,
"51,56",23.5,0,26.3,3.734,,675,-62,,0,,0.25,0,2.65,0,,52.6,9.5,,3.778,75,,,,7.5,32.8,,,3.16,,14.8,,,0,
"51,56",28,23.2,35.7,3.913,,324,-41,,0,,0.32,0,2.51,0,,55.1,14.8,,3.95,91,,,,12.8,30.8,,,0,,24.9,,,90,
"51,56",23.3,21,34.2,3.916,,132,-11,,0,,0,0,0.25,0,,54.9,17.3,,3.93,84,,,,15.2,24,,,0,,22.5,,,26,
"51,56",32.5,20.7,60,3.785,,764,-5,,0,,0.08,0,1.1,0,,53.1,19.6,,3.803,74,,,,17.5,37.1,,,0,,31.1,,,3,
"51,56",,,,,,,,,,,,,,,,,,,,,,,,,,,,,,,,,,
24,22,0.1,31.4,3.823,,140,-32,,-29.3,,0.01,1.11,0.17,0.96,,53.9,11.9,,3.836,82,,,,10.3,28.6,,,1.26,,18.9,,,-3,
58,,,,,,,,,,,,,,,,,,,,,,,,,,,,,,,,,,
58,,,,,,,,,,,,,,,,,,,,,,,,,,,,,,,,,,
58,,,,,,,,,,,,,,,,,,,,,,,,,,,,,,,,,,
58,9.9,0,9.3,4.128,,-9,0,,0,,0,0,0,0,,57.9,13,,4.143,100,,,,10.4,3.7,,,0,,9.6,,,0,
58,10,0,9.3,4.128,,0,0,,0,,0,0,0,0,,57.9,13,,4.143,100,,,,10.4,3.7,,,0,,9.5,,,0,
58,10,0,7.9,4.128,,0,0,,0,,0,0,0,0,,57.9,13,,4.143,100,,,,10.4,3.7,,,0,,8.2,,,0,
58,9.1,0,9.2,4.128,,9,0,,0,,0,0,0,0,,57.9,13,,4.143,100,,,,10.4,3.7,,,0,,8.2,,,0,
58,7.6,0,7.9,4.128,,0,0,,0,,0,0,0,0,,57.9,13,,4.143,100,,,,10.4,2.4,,,0,,6.8,,,0,
58,7.6,0,7.5,4.128,,7,0,,0,,0,0,0,0,,57.9,13,,4.143,100,,,,10.4,2.4,,,0,,6.8,,,0,
58,7.8,0,6.5,4.128,,0,0,,0,,0,0,0,0,,57.9,13,,4.143,100,,,,10.4,2.4,,,0,,6.8,,,0,
58,,,,,,,,,,,,,,,,,,,,,,,,,,,,,,,,,,
58,,,,,,,,,,,,,,,,,,,,,,,,,,,,,,,,,,
58,15,0,10.3,4.128,,0,0,,0,,0,0,0,0,,57.9,13,,4.143,100,,,,10.4,5.1,,,0,,14.4,,,0,
58,,,,,,,,,,,,,,,,,,,,,,,,,,,,,,,,,,
58,15.5,0,10.6,4.128,,0,0,,0,,0,0,0,0,,57.9,13,,4.143,100,,,,10.4,6.5,,,0,,14.8,,,0,
58,,,,,,,,,,,,,,,,,,,,,,,,,,,,,,,,,,
58,16,0,10.6,4.128,,7,0,,0,,0,0,0,0,,57.9,13,,4.143,100,,,,10.4,6.5,,,0,,15.2,,,0,
58,,,,,,,,,,,,,,,,,,,,,,,,,,,,,,,,,,
58,,,,,,,,,,,,,,,,,,,,,,,,,,,,,,,,,,
58,,,,,,,,,,,,,,,,,,,,,,,,,,,,,,,,,,
58,,,,,,,,,,,,,,,,,,,,,,,,,,,,,,,,,,
58,17.5,0,10.6,4.128,,0,0,,0,,0,0,0,0,,57.9,13,,4.143,100,,,,10.4,7.9,,,0,,16.5,,,0,
58,,,,,,,,,,,,,,,,,,,,,,,,,,,,,,,,,,
58,21.9,0,9.3,4.128,,7,0,,0,,0,0,0,0,,57.9,13,,4.143,100,,,,10.4,5.1,,,0,,21.2,,,0,
58,12.2,0,13.4,4.127,,0,0,,0,,0,0,0,0,,57.9,12.7,,4.142,100,,,,9.3,6.6,,,0,,12.5,,,4,
58,,,,,,,,,,,,,,,,,,,,,,,,,,,,,,,,,,
58,18.3,0,9.1,4.12,,7,0,,0,,0,0,0,0,,57.9,10.8,,4.141,100,,,,9.6,6.5,,,0,,15.8,,,0,
58,,,,,,,,,,,,,,,,,,,,,,,,,,,,,,,,,,
92,20,122.8,19.7,3.872,,1981,-74,,3.1,,0.81,0.21,5.54,0.02,,54.2,7.5,,3.937,91,,,,6.2,24.3,,,0.24,,12,,,0,
92,4.3,47.7,9.3,3.667,,1884,-24,,14.8,,0.08,-0.01,1,0.03,,51.4,10.3,,3.682,56,,,,8.1,0.2,,,0,,7,,,-35,
92,25,79.7,44.2,3.816,,1825,-42,,0,,0.3,2.96,3.02,0,,53.5,20.3,,3.859,79,,,,18.9,33.1,,,1.93,,25.1,,,11,
58,8,0,21.7,3.888,,0,0,,0,,0,0,0,0,,54.7,9.5,,3.911,79,,,,8.1,20.2,,,2.19,,10.2,,,90,
58,4.8,0,17.5,3.791,,-1,0,,0,,0,0,0,0,,53.4,10.2,,3.819,68,,,,8.5,13.4,,,0,,6.8,,,90,
58,,,,,,,,,,,,,,,,,,,,,,,,,,,,,,,,,,
"51,56",22.1,-12.5,19,3.953,,415,-58,,0,,0.33,0,2.62,0,,55.6,10.1,,4.008,98,,,,9.3,29.9,,,0,,14.7,,,1,
"51,56",,,,,,,,,,,,,,,,,,,,,,,,,,,,,,,,,,
"51,56",22.6,64,30,3.67,,1275,-51,,0,,0.17,0,0.21,0,,51.6,14.3,,3.72,59,,,,12.7,37.8,,,0,,18,,,90,
"51,56",25.8,0,24.3,3.909,,0,-58,,0,,0.01,0,0.06,0,,55.3,13.4,,3.958,93,,,,12.1,37.6,,,0.05,,16.1,,,14,
58,5.3,23,12,3.736,,1212,0,,0,,0.02,0,0.02,0,,52.6,11.1,,3.759,63,,,,9.3,7.8,,,0,,6.8,,,54,
"51,56",,,,,,,,,,,,,,,,,,,,,,,,,,,,,,,,,,
58,14.7,0,22.3,3.992,,0,0,,0,,0,0,0,0,,56.1,11.1,,4.014,93,,,,10.3,21.7,,,0,,16.1,,,90,
58,16.5,0,22.7,3.935,,0,0,,0,,0,0,0,0,,55.3,15.4,,3.956,81,,,,14.7,21.3,,,0,,19.4,,,0,
58,,,,,,,,,,,,,,,,,,,,,,,,,,,,,,,,,,
58,21.3,0,25.7,3.72,,-3,0,,-0.1,,0,0,0,0,,52.3,14.5,,3.742,65,,,,13.2,32.8,,,0,,16.4,,,6,
58,26.1,0,32.7,3.966,,0,0,,0,,0,0,0,0,,55.8,15.9,,3.988,92,,,,14.7,36.3,,,0,,22.9,,,90,
57,,,,,,,,,,,,,,,,,,,,,,,,,,,,,,,,,,
58,,,,,,,,,,,,,,,,,,,,,,,,,,,,,,,,,,
"51,56",25.8,20,27.2,3.745,,788,-13,,10,,0.06,0.52,0.26,0,,52.7,12.3,,3.773,72,,,,10.2,32.8,,,1.22,,13.9,,,89,
"51,56",20.5,27.6,17.9,3.977,,264,-19,,0,,0.11,0,0.86,0,,55.8,7.8,,3.99,96,,,,6.2,18.9,,,0,,13.2,,,90,
"51,56",29.2,20,40,3.712,,750,-10,,0,,0.04,0,0.03,0,,52,16.1,,3.723,65,,,,14.3,37.1,,,0,,19.7,,,89,
"51,56",32.2,57.4,29.4,4.009,,942,-48,,0,,0.31,0,2.48,0,,56.3,18.1,,4.026,100,,,,16.2,31.4,,,0,,23.6,,,89,
"51,56",,,,,,,,,,,,,,,,,,,,,,,,,,,,,,,,,,
"51,56",25.1,61.8,33.3,3.767,,128,-59,,0,,0.3,0,2.23,0,,52.8,19.3,,3.78,83,,,,17.3,29.1,,,0.69,,17.8,,,89,
"51,56",,,,,,,,,,,,,,,,,,,,,,,,,,,,,,,,,,
"51,56",,,,,,,,,,,,,,,,,,,,,,,,,,,,,,,,,,
"56,66",18.3,0,20.3,3.868,0,0,0,0,0,16.5,0,0,0,0,0,54.3,17.4,16.2,3.883,80,0,0,0,16.5,12,0,7,0,18.9,16.6,0,0,-23,18.6
"56,66",-5.6,0,-4.3,4.104,0,0,-1,0,0,-6.6,0,0,0,0,0,57.6,-0.6,-4.5,4.122,100,0,0,0,-2.5,-11,0,-1,0,-7,-6.5,0,0,-3,-6
"56,65,66",5.6,0,12,4.115,-0.04,0,0,-0.1,-0.1,4.6,0,-0.01,0,0,0,57.7,5.6,9.3,4.127,100,0,0,0.03,3.5,2.4,-0.1,22,0,6.5,5.9,0,0,-60,5.5
"56,65,66",6,0,12,4.115,-0.02,0,0,0,0,5.1,0,0,0,0,0,57.7,5.6,9.3,4.127,100,0,0,0,3.4,2.1,0,8,0,6.5,5.5,0,-2,-61,6
"56,65",6,0,12,4.116,-0.02,7,0,0,0,5.1,0,0,0,0,0,57.7,5.6,9.3,4.127,100,0,0,0,3.4,2.1,0,8,0,6.5,5.5,0,3,-61,6
"56,65,66",6,0,11.6,4.114,-0.02,0,0,0,0,5.1,0,0,0,0,0,57.7,5.6,9.3,4.127,100,0,0,0,3.5,1,0,18,0,6.5,5.5,0,-4,-61,6
"56,65,66",6,0,12,4.107,-0.02,0,0,0,0,5.1,0,0,0,0,0,57.6,5.6,9.3,4.119,100,0,0,0,3.5,1,0,12,0,6.5,5.5,0,0,-61,6.1
"39,64,65",-4.7,21.7,-1.8,4.048,0,1104,-2,0,0,-6.9,0.02,0,0.05,0,0,56.8,-2.7,-2.2,4.077,100,0,0,0,-4,-7.3,0,1,0,-4.7,-6.5,0,-1,12,-6
39,,,,,,,,,,,,,,,,,,,,,,,,,,,,,,,,,,
"39,64,65",-4,0,-1.8,4.05,0,3,-1,0,0,-6.9,0,0,0,0,0,56.9,-2.8,-1.8,4.068,100,0,0,0,-3.9,-5.9,0,0,0,-4.8,-6.5,0,3,11,-6
39,-3.2,6.5,-1.8,4.043,0,0,0,0,0,-6.9,0,0,0,0,0,56.8,-2.7,-1.8,4.062,100,0,0,0,-3.9,-4.5,0,-5,0,-4.5,-6.5,0,-1,11,-5.8
"56,65,66",,,,,,,,,,,,,,,,,,,,,,,,,,,,,,,,,,
"56,65,66",12.7,0,14.8,3.942,0,0,0,0,0,11.2,0,0,0,0,0,55.3,10.3,14.8,3.953,93,0,0,0,8.9,6.5,0,8,0,6.5,12.3,0,-3,-4,12.3
"65,66",12.8,0,14.8,3.943,0,0,0,0,0,11.2,0,0,0,0,0,55.3,10.3,14.8,3.953,93,0,0,0,8.9,3.7,0,7,0,6.3,12.3,0,-3,-4,12.3
"56,65,66",,,,,,,,,,,,,,,,,,,,,,,,,,,,,,,,,,
"56,66",,,,,,,,,,,,,,,,,,,,,,,,,,,,,,,,,,
"56,65,66",12.9,0,14.8,3.942,0,0,0,0,0,11.4,0,0,0,0,0,55.3,10.3,14.8,3.954,93,0,0,0,8.9,6.5,0,9,0,6.5,12.4,0,0,-4,12.4
"56,65,66",13.1,0,14.8,3.942,0,0,0,0,0,11.6,0,0,0,0,0,55.3,10.3,14.8,3.952,93,0,0,0,8.9,6.5,0,5,0,7.1,12.7,0,7,-4,12.7
"56,66",13.1,0,13.2,3.941,0,36,0,0,0,11.6,0,0,0,0,0,55.3,10.3,0,3.952,93,0,0,0,8.9,0,0,13,0,7.1,12.7,0,0,-6,12.7
"56,65,66",13.1,0,14.8,3.94,0,3,0,0,0,11.6,0,0,0,0,0,55.2,10.3,14.8,3.952,93,0,0,0,9,6.5,0,5,0,7.1,12.7,0,0,-4,12.7
"56,65,66",13.2,0,14.8,3.94,0,-3,0,0,0,11.8,0,0,0,0,0,55.3,10.3,14.8,3.953,93,0,0,0,9,6.5,0,3,0,6.9,12.8,0,-7,-4,12.8
"56,65,66",,,,,,,,,,,,,,,,,,,,,,,,,,,,,,,,,,
"56,65,66",13.2,0,14.8,3.94,0,-3,0,0,0,11.8,0,0,0,0,0,55.2,10.3,14.8,3.952,93,0,0,0,9,6.5,0,4,0,6.2,12.8,0,7,-4,12.9
"56,65,66",13.3,0,15.8,3.939,0,-3,0,0,0,12,0,0,0,0,0,55.2,10.3,14.8,3.952,93,0,0,0,9,6.5,0,13,0,5.5,13.1,0,-4,-4,13.1
"56,65,66",13.5,0,14.9,3.94,0,0,0,0,0,12,0,0,0,0,0,55.2,10.3,14.9,3.952,93,0,0,0,9,6.5,0,8,0,6.1,13.1,0,7,-4,13.1
"56,65,66",13.5,0,15.7,3.939,0,7,0,0,0,12,0,0,0,0,0,55.2,10.3,15.7,3.951,93,0,0,0,8.9,6.5,0,10,0,6.1,13.1,0,7,-4,13.2
"56,65,66",13.8,0,16.2,3.939,0,3,0,0,0,12,0,0,0,0,0,55.2,10.3,16.2,3.95,92,0,0,0,9,6.5,0,10,0,6.1,13.3,0,7,-4,13.5
"56,65,66",13.9,0,15.8,3.938,0,0,0,0,0,12,0,0,0,0,0,55.2,10.3,16.2,3.949,92,0,0,0,9,6.5,0,13,0,6.3,13.3,0,0,-4,13.5
"56,65,66",14.5,0,15.8,3.938,0,-3,0,0,0,12.4,0,0,0,0,0,55.2,10.3,16.2,3.949,92,0,0,0,9,6.5,0,2,0,7.9,13.6,0,0,-4,13.7
"56,65,66",6,0,9.3,3.929,0,0,0,0,0,4.4,0,0,0,0,0,55.1,4.4,9.3,3.943,91,0,0,0,3.5,1,0,3,0,2.4,5.3,0,-6,-3,5
"56,65,66",6.1,0,9.3,3.928,0,-3,0,0,0,4.6,0,0,0,0,0,55.1,4.4,9.3,3.942,91,0,0,0,3.6,1,0,5,0,-40,5.6,0,-7,-3,5.5
"56,65,66",6.6,0,9.8,3.928,0,-3,0,0,0,4.6,0,0,0,0,0,55.1,4.4,10.6,3.941,91,0,0,0,3.6,2.3,0,9,0,-40,6,0,3,-3,6
"56,62,65,66",7.1,0,9.4,3.927,0,0,0,0,0,5.6,0,0,0,0,0,55.1,4.5,10.6,3.94,91,0,0,0,3.6,2.4,0,2,0,-40,6.4,0,-3,-3,6.6
"54,56,65,66",7.3,0,9.8,3.926,0,3,0,0,0,5.8,0,0,0,0,0,55.1,4.5,10.6,3.94,91,0,0,0,3.6,2.4,0,0,0,-40,6.6,0,0,-3,6.8
"54,56,65,66",7.3,0,9.8,3.927,0,3,0,0,0,5.8,0,0,0,0,0,55.1,4.5,10.6,3.94,91,0,0,0,3.6,2.4,0,3,0,-40,6.6,0,3,-3,6.8
"56,65,66",7.8,0,10.5,3.925,0,3,0,0,0,6.3,0,0,0,0,0,55,4.6,10.6,3.938,91,0,0,0,3.7,2.4,0,4,0,-39.7,6.9,0,0,-3,7.3
"56,65,66",8.1,0,10.6,3.925,0,0,0,0,0,6.3,0,0,0,0,0,55,4.6,10.6,3.938,91,0,0,0,3.7,2.4,0,12,0,-40,7.3,0,0,-3,7.6
"56,66",8.1,0,10.6,3.925,0,0,0,0,0,6.3,0,0,0,0,0,55,4.6,0,3.937,91,0,0,0,3.7,-0.2,0,14,0,-40,7.3,0,0,-3,7.6
"56,65,66",8.1,0,10.6,3.925,0,0,0,0,0,6.3,0,0,0,0,0,55,4.6,10.6,3.938,91,0,0,0,3.7,2.4,0,9,0,-40,7.3,0,-5,-3,7.6
"56,65,66",8.4,0,10.6,3.924,0,-3,0,0,0,6.8,0,0,0,0,0,55,4.6,10.6,3.937,91,0,0,0,3.7,2.4,0,9,0,1.2,7.4,0,-6,-2,7.9
"56,65,66",8.6,0,10.6,3.923,0,0,0,0,0,6.9,0,0,0,0,0,55,4.6,10.6,3.936,91,0,0,0,3.7,2.4,0,10,0,1.2,7.8,0,0,-2,8.2
"56,66",,,,,,,,,,,,,,,,,,,,,,,,,,,,,,,,,,
"56,65,66",,,,,,,,,,,,,,,,,,,,,,,,,,,,,,,,,,
"56,65,66",8.9,0,10.6,3.923,0,-7,0,0,0,7.4,0,0,0,0,0,55,4.6,10.6,3.935,90,0,0,0,3.7,2.4,0,7,0,2.6,8.1,0,0,-2,8.6
"56,65,66",9.1,0,10.5,3.922,0,-3,0,0,0,7.6,0,0,0,0,0,55,4.7,10.6,3.935,90,0,0,0,3.7,2.4,0,13,0,1.2,8.1,0,0,-2,8.7
"56,65,66",9.1,0,10.3,3.922,0,-3,0,0,0,7.8,0,0,0,0,0,55,4.6,10.6,3.935,90,0,0,0,3.7,2.4,0,0,0,1.2,8.2,0,10,-2,8.9
"56,65,66",9.2,0,10.3,3.922,0,-3,0,0,0,7.8,0,0,0,0,0,55,4.6,10.6,3.935,90,0,0,0,3.7,2.4,0,2,0,1.3,8.2,0,0,-2,8.9
"56,65,66",9.2,0,10.6,3.922,0,3,0,0,0,7.8,0,0,0,0,0,55,4.7,10.6,3.934,90,0,0,0,3.8,2.4,0,3,0,2.6,8.2,0,0,-3,9.1
"56,65,66",9.2,0,10.5,3.922,0,0,0,0,0,7.8,0,0,0,0,0,55,4.7,10.6,3.934,90,0,0,0,3.8,2.4,0,13,0,2.7,8.4,0,-5,-2,9.1
"56,65,66",9.4,0,10.6,3.92,0,0,0,0,0,7.8,0,0,0,0,0,55,4.7,10.6,3.933,90,0,0,0,3.8,2.4,0,7,0,2.7,8.6,0,7,-2,9.2
"65,66",,,,,,,,,,,,,,,,,,,,,,,,,,,,,,,,,,
"56,65,66",,,,,,,,,,,,,,,,,,,,,,,,,,,,,,,,,,
"56,65,66",9.7,0,10.6,3.92,0,0,0,0,0,8.1,0,0,0,0,0,55,4.7,10.7,3.933,90,0,0,0,3.8,2.4,0,12,0,2.8,8.7,0,-7,-3,9.4
"56,65,66",9.7,0,10.6,3.92,0,3,0,0,0,8.2,0,0,0,0,0,55,4.7,10.6,3.932,90,0,0,0,3.8,2.4,0,2,0,1.1,8.9,0,0,-3,9.6
"56,65,66",9.9,0,10.6,3.919,0,0,0,0,0,8.2,0,0,0,0,0,55,4.8,10.7,3.932,90,0,0,0,3.9,2.4,0,17,0,1.1,8.9,0,0,-3,9.7
"56,65,66",10,0,10.6,3.919,0,0,0,0,0,8.4,0,0,0,0,0,54.9,4.8,10.6,3.932,90,0,0,0,3.8,2.4,0,1,0,2.7,9.1,0,0,-2,9.7
"56,65,66",10,0,10.6,3.919,0,7,0,0,0,8.4,0,0,0,0,0,55,4.8,10.7,3.931,90,0,0,0,3.9,2.4,0,9,0,1.8,9.1,0,-6,-3,9.9
"56,66",,,,,,,,,,,,,,,,,,,,,,,,,,,,,,,,,,
"56,62,65,66",10.1,0,9.8,3.919,0,0,0,0,0,8.5,0,0,0,0,0,54.9,4.8,10.8,3.931,90,0,0,0,3.8,-0.1,0,2404,0,8.3,9.1,0,0,-2,9.9
"54,56,65,66",10.1,0,9.8,3.918,0,7,0,0,0,8.5,0,0,0,0,0,54.9,4.8,10.8,3.931,90,0,0,0,3.8,-0.1,0,0,0,2.4,9.1,0,0,-2,9.9
"54,56,65,66",10,0,10.6,3.918,0,0,0,0,0,8.6,0,0,0,0,0,54.9,4.8,10.6,3.931,90,0,0,0,3.9,2.4,0,0,0,2.7,9.1,0,0,-3,9.8
"54,65",,,,,,,,,,,,,,,,,,,,,,,,,,,,,,,,,,
"56,65,66",9.5,0,9.3,3.918,0,7,0,0,0,8.5,0,0,0,0,0,54.9,4.9,10.6,3.931,90,0,0,0,3.9,2.4,0,6,0,1.2,8.8,0,3,-2,9.9
"56,65,66",9.6,0,10.6,3.917,0,-7,0,0,0,8.5,0,0,0,0,0,54.9,5,10.7,3.93,90,0,0,0,4,2.4,0,9,0,1.2,8.9,0,4,-3,9.4
"56,65,66",9.7,0,10.6,3.916,0,-6,0,0,0,8.5,0,0,0,0,0,54.9,5,11.2,3.929,90,0,0,0,4,2.4,0,3,0,1.2,8.9,0,-9,-3,9.6
"56,65,66",13.6,0,14.8,3.903,0,0,-1,0,0,12,0,0,0,0,0,54.8,7.3,15.8,3.916,86,0,0,0,5.9,6.5,0,4,1.39,6.2,13.5,0,-7,-1,12.7
"56,65,66",14,0,14.9,3.903,0,0,-3,0,0,12,0,0,0,0,0,54.7,7.3,16.2,3.916,86,0,0,0,6,6.5,0,5,0,6.2,13.9,0,7,-2,13.1
"56,62,65,66",,,,,,,,,,,,,,,,,,,,,,,,,,,,,,,,,,
"56,62,65,66",15.2,0,16.2,3.9,0,0,0,0,0,13.3,0,0,0,0,0,54.7,7.4,17.5,3.913,86,0,0,0,6.1,7.9,0,0,0,9.1,14.9,0,-7,-1,14.4
"54,56,65,66",,,,,,,,,,,,,,,,,,,,,,,,,,,,,,,,,,
"56,65,66",15.5,0,16.2,3.899,0,0,-1,0,0,13.6,0,0,0,0,0,54.7,7.5,17.5,3.912,86,0,0,0,6.2,7.9,0,1,0,9.3,15.1,0,-7,-1,14.8
"54,56,62,64,66",16.2,0,15.1,3.899,0,0,0,0,0,14.1,0,0,0,0,0,54.7,7.7,17.5,3.913,85,0,0,0,6.3,7.8,0,0,0,7.7,15.6,0,0,-1,15.2
"54,56,62,64,65,66",,,,,,,,,,,,,,,,,,,,,,,,,,,,,,,,,,
"54,56,64,65,66",16.1,0,16.2,3.899,0,9,0,0,0,16.1,0,0,0,0,0,54.7,7.7,17.5,3.912,85,0,0,0,6.4,7.9,0,-2,0,8.9,15.8,0,7,-1,15.4
"56,65,66",6.1,0,10.6,3.896,0,0,0,0,0,5.5,0,0,0,0,0,54.7,8.5,10.6,3.909,85,0,0,0,7.6,2.4,0,24,0,5.6,5.3,0,7,-1,5.3
"56,65,66",6.2,0,11.8,3.895,0,7,0,0,0,5.6,0,0,0,0,0,54.6,8.5,10.6,3.908,85,0,0,0,7.6,2.9,0,0,0,5.9,5.5,0,2,-1,5.5
"56,65,66",6.6,0,10.6,3.896,0,-7,0,0,0,6.6,0,0,0,0,0,54.6,8.5,10.6,3.907,85,0,0,0,7.6,3.6,0,0,0,5.1,5.8,0,3,-2,6
"56,65,66",6.6,0,11.8,3.893,0,0,-1,0,0,6.6,0,0,0,0,0,54.6,8.5,10.6,3.906,85,0,0,0,7.6,3.5,0,96,0,5.1,5.9,0,3,-2,6
"56,65,66",7.1,0,12,3.868,0,3,-15,0,0,6.6,0,0,0,0,0,54.3,8.4,11,3.884,84,0,0,0,7.6,3.7,0,191,0,5.1,6.3,0,-3,-2,6.6
"55,59,62",0,0,2.7,3.764,0,0,0,0,0,15.8,0,0,0,0,0,52.9,10.5,2.3,3.783,71,0,0,0,9.1,13,0,-1,0,12.3,14.8,0,0,7,-2.8
"55,59,62,65",17.1,0,21.7,3.754,0,7,-3,0,0,15.8,0,0,0,0,0,52.7,11.3,2.3,3.774,70,0,0,0,9.7,11.6,0,-1,0,12.3,14.8,0,0,7,-2.8
"55,59,62,65",17.1,0,21.7,3.754,0,-3,-1,0,0,18.2,0.02,0,0.2,0,0,52.7,11.3,2.3,3.774,70,0,0,0,9.7,11.6,0,42,0,12.3,17.3,0,0,8,-2.8
"55,58,59,62,65",17.1,0,21.7,3.753,0,0,-1,0,0,18.2,0.03,0,0.11,0,0,52.7,11.3,2.3,3.774,70,0,0,0,9.7,11.6,0,-1,0,12.3,17.3,0,0,8,-2.8
"55,59,62,65",17.1,0.1,21.7,3.744,0,4,-5,0,0,18.2,0,0,0.08,0,0,52.7,11.3,2.3,3.771,70,0,0,0,9.7,11.6,0,-2,0,12.3,17.3,0,1,7,-2.8
73,14.4,2.1,17.8,3.755,0,809,-13,0,0.2,13.6,0.02,-0.37,0.2,0,0,52.6,15.5,17.2,3.773,69,0.83,0,-0.29,14.6,12.7,10.1,1,2.24,20.2,15.4,0,-2757,18,15.1
73,23.6,4.1,21.3,3.718,0,802,-26,0,-0.1,20.6,0.02,-0.03,0.19,0,0,52.1,17.2,21.7,3.73,63,0.89,0.08,-0.09,16.3,16.2,14.5,0,0.24,24.3,22.4,0,1,5,24.2
73,24,0,20.3,3.73,0,0,0,0,0,20.8,0,0,0,0,0,52.3,17.2,21.7,3.744,63,0,0,0,16.2,17.5,0,-2,0,23.3,22.1,0,0,5,24.2
73,23.3,0,20.3,3.731,0,0,0,0,0,21.1,0,0,0,0,0,52.3,17.2,21.7,3.744,63,0,0,0,16.3,16.9,0,-1,0,23.1,22.1,0,0,5,24
73,23.3,3,21.2,3.715,0,803,-20,0,0.4,21.1,0.02,0.38,0.2,0,0,52.2,17.2,21.7,3.731,63,0.32,0,0.27,16.2,16.2,9.2,-1,0.24,23.2,22.3,0,3819,5,24.1
73,22.1,4.6,20.2,3.723,0,804,-7,0,0.4,20.6,0.02,-0.31,0.19,0,0,52.2,17.2,21.7,3.738,62,0,0,0,16.2,16.2,0,-1,0.23,23,21.6,0,0,5,23
92,22.5,2.4,18.9,3.726,0,0,0,0,0,20.7,0,0,0,0,0,52.3,17.2,20.3,3.74,62,0,0,0,16.2,16.2,0,7,0,22.7,21.7,0,-3,-64,22.9
"56,66",21.7,0,20.3,3.726,0,0,0,0,0,21,0,0,0,0,0,52.2,17.3,21.7,3.739,62,0,0,0,16.3,16.4,0,-13,0,23.1,21.6,0,-3,-63,22.9
"53,54,56,59,62,66",21.7,0,20.3,3.726,0,0,0,0,0,21,0,0,0,0,0,52.2,17.4,21.7,3.739,62,0,0,0,16.3,16.4,0,-13,0,23.1,21.6,0,-1,-63,22.9
"53,54,59",,,,,,,,,,,,,,,,,,,,,,,,,,,,,,,,,,
55,,,,,,,,,,,,,,,,,,,,,,,,,,,,,,,,,,
"52,55",23.8,-0.1,20.4,3.722,0,0,0,0,0,21.4,0,0,0,0,0,52.2,17.4,21.7,3.735,62,0,0,0,16.3,17.5,0,-4,0,23.2,22.6,0,0,-56,25
52,23.8,-0.1,20.4,3.723,0,0,0,0,0,21.4,0,0,0,0,0,52.2,17.4,21.7,3.734,62,0,0,0,16.3,17.3,0,1,0,23.2,22.6,0,3,-56,25
"52,56",23.8,-0.1,20.4,3.722,0,9,0,0,0,21.4,0,0,0,0,0,52.2,17.4,21.7,3.735,62,0,0,0,16.3,17.3,0,-2,0,23.2,22.6,0,-2,-56,25
"56,59,66",23.5,0,20.4,3.723,0,-3,0,0,0,21.5,0,0,0,0,0,52.2,17.5,21.7,3.735,62,0,0,0,16.3,17.5,0,4,0,23.1,22.5,0,0,-63,24.6
"53,56,66",23.3,0,20.3,3.723,0,3,0,0,0,21.6,0,0,0,0,0,52.2,17.5,21.7,3.735,62,0,0,0,16.3,17.5,0,-2,0,23.2,22.5,0,7,-63,24.5
"56,66",,,,,,,,,,,,,,,,,,,,,,,,,,,,,,,,,,
"56,62,66",23.3,0,20.3,3.722,0,0,0,0,0,21.6,0,0,0,0,0,52.2,17.5,21.8,3.735,62,0,0,0,16.3,17.3,0,0,0,23.1,22.5,0,0,-63,24.4
"56,62,66",23.3,0,20.3,3.723,0,0,0,0,0,21.6,0,0,0,0,0,52.2,17.5,21.8,3.735,62,0,0,0,16.3,17.3,0,0,0,23.1,22.5,0,0,-63,24.4
"54,56,62,66",23.2,0,20.3,3.722,0,0,0,0,0,21.7,0,0,0,0,0,52.2,17.5,21.7,3.735,62,0,0,0,16.4,17.5,0,16,0,23.1,22.5,0,0,-63,24.3
"54,56,66",,,,,,,,,,,,,,,,,,,,,,,,,,,,,,,,,,
"56,66",,,,,,,,,,,,,,,,,,,,,,,,,,,,,,,,,,
"55,56",23,0,20.4,3.722,0,-9,0,0,0,21.8,0,0,0,0,0,52.2,17.5,21.7,3.734,62,0,0,0,16.4,17.5,0,4,0,23.4,22.5,0,0,-63,24.2
"52,55,56",,,,,,,,,,,,,,,,,,,,,,,,,,,,,,,,,,
"52,56",23,0,20.4,3.721,0,0,0,0,0,22,0,0,0,0,0,52.2,17.6,21.7,3.734,62,0,0,0,16.4,17.2,0,4,0,23.2,22.5,0,0,-63,24.2
"52,56",23,0,20.4,3.722,0,0,0,0,0,22,0,0,0,0,0,52.2,17.5,21.7,3.734,62,0,0,0,16.4,17.2,0,5,0,23.2,22.5,0,0,-63,24.2
"56,62,66",23.5,0,20.3,3.715,0,0,0,0,0,21.1,0,0,0,0,0,52.1,17.8,21.7,3.729,61,0,0,0,16.5,16.2,0,0,0,18.9,22.7,0,1,-63,25
"54,56,62,66",23.3,0,20.4,3.716,0,0,0,0,0,21.1,0,0,0,0,0,52.1,17.8,21.7,3.729,61,0,0,0,16.5,16.2,0,-6,0,18.9,22.6,0,0,-63,24.7
"54,56,66",23.3,0,20.4,3.716,0,9,0,0,0,21.1,0,0,0,0,0,52.1,17.8,21.7,3.729,61,0,0,0,16.5,16.2,0,0,0,18.9,22.6,0,0,-63,24.7
"56,66",,,,,,,,,,,,,,,,,,,,,,,,,,,,,,,,,,
"56,66",,,,,,,,,,,,,,,,,,,,,,,,,,,,,,,,,,
"56,66",,,,,,,,,,,,,,,,,,,,,,,,,,,,,,,,,,
92,9.7,9.3,13.8,3.891,0.13,0,0,2.1,2.4,6.3,0,0.93,0,0,0,54.6,7.8,6.5,3.909,90,0,0.01,0.88,5.8,10.6,-0.1,-48,0.77,5.1,5.6,0,-43,8,6.4
39,-3.9,-0.1,2.6,3.676,0,0,0,0,0,-4.7,0.04,0,0.34,0,0,51.7,-0.9,-6.8,3.701,59,0,0,0,-3.1,-1.8,0,1,0,-5.9,-5.6,0,-2,6,-4.5
39,-2.8,0,3.4,3.678,0,-9,-1,0,0,-4.5,0,0,0,0,0,51.6,-0.8,-5.9,3.695,59,0,0,0,-3.1,-0.1,0,0,0.19,-5.9,-5.6,0,0,-69,-4.5
92,15.7,11,24.4,3.78,0,0,0,-0.1,0,12.7,0,-0.01,0,0,0,53,12.4,14.8,3.793,75,0,0,0.11,10.6,20.3,0,0,0.25,13.4,11.6,0,0,-30,13.7
"56,66",16,0,7.9,3.807,0,0,22,0,0,18.1,0,0,0,0,0,53.5,9.5,10.6,3.831,69,0,0,0,6.6,9.3,0,0,0,10.4,14.5,0,0,-70,15.6
"56,66",16,0,8.9,3.81,0,7,22,0,0,18.1,0,0,0,0,0,53.6,9.5,11.6,3.834,69,0,0,0,6.7,10.5,0,-1,0,10.6,14.5,0,1,-70,15.6
"56,66",16.8,0,8.9,3.896,0,-6,22,0,0,18.6,0,0,0,0,0,54.7,11.1,12,3.914,76,0,0,0,8.1,10.6,0,0,0,10.6,15.6,0,0,-70,16.2
"56,66",16.8,0,8.9,3.907,0,7,22,0,0,18.6,0,0,0,0,0,54.9,11.3,12,3.926,77,0,0,0,8.3,10.6,0,-6,0,10.6,15.6,0,-6,-70,16.3
"56,66",14.6,0,13,4.085,0,0,0,0,0,15,0,0,0,0,0,57.2,13.5,16.2,4.097,100,0,0,0,12.3,12,0,4,0,16.2,12.8,0,0,0,15
92,,,,,,,,,,,,,,,,,,,,,,,,,,,,,,,,,,
17,,,,,,,,,,,,,,,,,,,,,,,,,,,,,,,,,,
"56,66",14.9,0,10.6,4.07,0,0,0,0,0,15.8,0,0,0,0,0,57.2,5,7.9,4.089,100,0,0,0,3.4,7.9,0,0,0,9.4,18.2,0,0,0,17.5
"56,66",11.6,0,10.6,4.068,0,7,0,0,0,11.8,0,0,0,0,0,57.1,5.1,6.6,4.088,100,0,0,0,0,7.9,0,0,0,10.6,11.9,0,2,-1,13.5
"56,66",,,,,,,,,,,,,,,,,,,,,,,,,,,,,,,,,,
"56,66",13.2,0,12.2,4.049,0,-3,0,0,0,12.9,0,0,0,0,0,56.9,5.7,10.6,4.069,99,0,0,0,4.1,12,0,0,0,13.4,12.8,0,0,90,14.5
"56,66",12.9,0,12.5,4.053,0,0,0,0,0,12.9,0,0,0,0,0,56.9,5.9,10.2,4.073,99,0,0,0,4.4,9.4,0,0,0,13.5,11.3,0,0,90,12.8
"56,66",,,,,,,,,,,,,,,,,,,,,,,,,,,,,,,,,,
"56,66",10.8,0,12.4,4.053,0,-7,0,0,0,12.2,0,0,0,0,0,56.9,6.1,10.6,4.072,99,0,0,0,4.5,10.6,0,0,0,13.5,11.4,0,0,89,13.1
"56,66",11,0,12.7,4.052,0,3,0,0,0,12.3,0,0,0,0,0,56.9,6.2,10.7,4.072,99,0,0,0,4.7,9.4,0,0,0,13.6,11.5,0,0,89,13.3
"56,66",22.8,0,,3.989,0,0,0,0,0,23.1,0,0,0,0,0,55.9,20.4,22.4,4.008,94,0,0,0,19.2,,0,-1,0,,22.1,0,0,6,
"56,66",23.1,0,21.7,3.988,0,0,0,0,0,23.4,0,0,0,0,0,55.9,20.6,23.1,4.007,94,0,0,0,19.2,24.4,0,0,0,28.8,22.4,0,0,6,23.3
"51,56",20.9,-5.4,29.2,3.827,,78,-46,,0,,0.04,0,2.15,0,,53.8,11,,3.851,84,,,,9.7,26.8,,,2.41,,15.4,,,90,
"51,56",,,,,,,,,,,,,,,,,,,,,,,,,,,,,,,,,,
"51,56",21.3,35,35.7,3.77,,538,-46,,0,,0.24,0,1.51,0,,53.2,13.9,,3.8,76,,,,11.9,27,,,0,,15.1,,,90,
"51,56",22.2,37.8,18.9,3.926,,589,-50,,0,,0.26,0,2.57,0,,55.1,12.3,,3.966,88,,,,10,24.4,,,0,,14.3,,,90,
"51,56",21.5,-9.6,13.4,3.978,,0,-46,,0,,0.34,0,2.6,0,,56.2,8,,3.988,98,,,,6.1,17.6,,,0,,11.6,,,37,
"51,56",,,,,,,,,,,,,,,,,,,,,,,,,,,,,,,,,,
"51,56",28,63.2,27.8,3.948,,0,-59,,2.4,,0.34,0.42,2.72,0,,55.7,11.8,,3.959,98,,,,10.4,27,,,1.31,,19.1,,,-1,
"51,56",30.2,62.2,23.2,3.99,,804,-54,,0,,0.33,0,2.65,0,,56.3,13.4,,4.026,100,,,,12,27.2,,,3.21,,20.3,,,15,
"51,56",,,,,,,,,,,,,,,,,,,,,,,,,,,,,,,,,,
"51,56",,,,,,,,,,,,,,,,,,,,,,,,,,,,,,,,,,
92,11.6,2.1,39.1,3.854,,827,-19,,8.2,,0.04,0,0.28,0,,54.2,12.6,,3.886,80,,,,11.3,16.8,,,0,,11.6,,,-58,
"51,56",26.9,21,37.1,3.945,,715,-21,,0,,0.09,0,0.67,0,,55.2,12.6,,3.959,88,,,,11.9,31.5,,,0,,18.1,,,90,
"51,56",,,,,,,,,,,,,,,,,,,,,,,,,,,,,,,,,,
"51,56",,,,,,,,,,,,,,,,,,,,,,,,,,,,,,,,,,
"51,56",,,,,,,,,,,,,,,,,,,,,,,,,,,,,,,,,,
"51,56",,,,,,,,,,,,,,,,,,,,,,,,,,,,,,,,,,
"51,56",,,,,,,,,,,,,,,,,,,,,,,,,,,,,,,,,,
"51,56",,,,,,,,,,,,,,,,,,,,,,,,,,,,,,,,,,
"51,56",19.9,20.6,48.5,3.739,,765,-20,,0,,0.09,0,0.68,0,,52.3,16,,3.749,63,,,,14.5,29,,,0,,14.3,,,90,
"51,56",,,,,,,,,,,,,,,,,,,,,,,,,,,,,,,,,,
92,19.1,120,61.4,3.529,,1762,-117,,0,,0.31,-0.79,4.9,-0.13,,49.7,18.1,,3.58,43,,,,16.2,29.8,,,3.1,,15.7,,,-6,
"51,56",23.8,-0.5,34.3,3.958,,-9,-55,,0,,0.32,0,2.53,0,,55.5,12.7,,3.993,95,,,,11.9,30,,,0,,17.2,,,90,
"51,56",,,,,,,,,,,,,,,,,,,,,,,,,,,,,,,,,,
"51,56",,,,,,,,,,,,,,,,,,,,,,,,,,,,,,,,,,
"51,56",,,,,,,,,,,,,,,,,,,,,,,,,,,,,,,,,,
"51,56",,,,,,,,,,,,,,,,,,,,,,,,,,,,,,,,,,
"51,56",23.7,25,20.3,4.085,,47,-10,,0,,0.04,0,0.4,0,,57.3,16.4,,4.112,100,,,,14.3,17.8,,,0.43,,22,,,90,
"51,56",,,,,,,,,,,,,,,,,,,,,,,,,,,,,,,,,,
17,,,,,,,,,,,,,,,,,,,,,,,,,,,,,,,,,,
"56,66",,,,,,,,,,,,,,,,,,,,,,,,,,,,,,,,,,
"56,66",13.9,0,13.3,4.112,0,0,0,0,0,14.4,0,0,0,0,0,57.8,13.2,12.2,4.134,100,0,0,0,12,9.3,0,-1,0,12.5,12,0,0,7,12.7
"56,66",14.1,0,13.4,4.109,0,0,0,0,0,14.7,0,0,0,0,0,57.7,13.3,13.4,4.13,100,0,0,0,12.1,10.6,0,1,0,13.5,12.3,0,0,7,12.9
"56,66",14.1,0,13.4,4.11,0,0,0,0,0,14.8,0,0,0,0,0,57.7,13.1,13.4,4.131,100,0,0,0,0,10.6,0,6,0,13.4,12.3,0,0,6,13.1
"56,66",14.4,0,13.4,4.108,0,0,0,0,0,14.9,0,0,0,0,0,57.7,13.3,13.4,4.129,100,0,0,0,12.1,10.6,0,0,0,13.4,12.4,0,0,6,13.2
"39,56,66",-0.6,0,0,3.645,0,0,0,0,0,0.4,0,0,0,0,0,51.2,4.3,2.4,3.667,51,0,0,0,2.3,-4.5,0,-6,0,2.4,-0.8,0,0,90,0.3
"39,66",,,,,,,,,,,,,,,,,,,,,,,,,,,,,,,,,,
39,-0.6,24.4,-0.3,3.617,0,1149,-15,0,0,0.4,0.02,0,0.95,0,0,50.8,4.2,2.4,3.666,51,0,0,0,2.4,-3.3,0,-1,0,2.4,-0.8,0,0,90,0.4
39,0,0,1,3.639,0,9,0,0,0,0.5,0,0,0,0,0,51.1,4.2,2.4,3.66,51,0,0,0,0,-3.2,0,10,0.31,3.4,-0.8,0,7,1,0.4
39,0.4,0,1,3.637,-0.01,3,0,-0.1,0,0.6,0,0,0,0,0,51.1,4.2,3.5,3.66,51,0,0,-0.01,2.5,-2.1,0,0,0,3.7,-0.6,0,1,1,0.5
39,0.4,0,0,3.64,-0.01,809,0,-0.1,0,0.6,0,0,0,0,0,51.2,4.2,2.4,3.661,51,0,0,-0.01,0,-1.8,0,7,0,3.7,-0.6,0,7,1,0.5
39,1,0,0,3.636,0,3,0,0,0,0.7,0,0,0,0,0,51.1,4.2,2.4,3.657,51,0,0,0,0,-1.8,0,-7,0.19,3.7,-0.6,0,0,1,0.7
39,1.2,29.3,1,3.636,0,791,0,0,0,0.7,0.02,0,0.02,0,0,51.1,4.2,3.7,3.658,51,0,0,0,2.5,-1.5,0,0,0,3.7,-0.6,0,-3,1,0.7
39,1.4,0,0.6,3.638,-0.02,0,0,0,0,0.9,0,0,0,0,0,51.1,4.1,2.8,3.659,51,0,0,0,0,-1.8,0,10,0,3.7,-0.4,0,0,0,0.9
39,2.7,0,1,3.633,0,0,0,0,0,1,0,0,0,0,0,51,4.2,3.7,3.654,51,0,0,0,2.5,0.3,0,1,0,3.7,-0.4,0,0,-1,1
39,3.8,48.7,1,3.496,0,2170,-118,0,0,1.1,0.02,0,0.25,0,0,49.9,3.8,3.7,3.632,50,0,0,0,2,-0.5,0,1,0,3.7,-0.2,0,-17,14,1.3
39,1,23.9,-0.3,3.503,0,2495,-126,0,0,1.1,0.6,0,5.39,0,0,49.9,3.8,3.7,3.58,50,0,0,0,2,-0.5,0,-2,2.28,3.7,-0.2,0,0,14,1.3
"56,66",17.3,0,12,4.12,0,0,0,0,-0.1,20,0,-0.01,0,0,0,57.8,14.5,16.2,4.137,100,0,0,0.04,12.2,180.9,0,-5,0,13.2,15.8,0,-4,7,17.2
"56,66",17.2,0,12,4.121,0,0,0,0,0,19.9,0,0,0,0,0,57.9,14.5,16.2,4.138,100,0,0,0,12.2,10.6,0,-3,0,13.4,15.8,0,0,8,17.2
41,29.9,0,20.9,4.001,0,-5,0,0,-0.1,29.9,0,-0.01,0,0,0,56.1,16.1,20.4,4.024,92,0,0,-0.01,14.9,23.5,0,4,0,22.9,27.6,0,1,5,31.1
41,31,-0.1,20.3,3.998,0,0,0,0,-0.1,29.2,0,-0.01,0,0,0,56.1,16.2,20.5,4.022,92,0,0,0,15,24.4,0,-1,0.13,23.1,28.1,0,0,90,30.5
41,31.4,0,20.3,3.999,0,-7,0,0,0,28.6,0,0,0,0,0,56.1,16.3,20.4,4.022,92,0,0,0,15,24.4,0,-2,0,22.9,28.8,0,0,90,30
41,31.6,0,20.3,3.998,0,-3,0,0,-0.1,28.3,0,0,0,0,0,56.1,16.3,20.3,4.021,92,0,0,0,15.1,23.3,0,0,0,22.8,29.7,0,-1,90,29.8
41,31.8,0,20.3,3.997,0,0,0,0,-0.1,28,0,-0.01,0,0,0,56.1,16.3,20.3,4.02,92,0,0,0,15.1,23.1,0,-1,0,22.6,30.4,0,0,-28,29.8
41,31.9,-0.1,20.4,3.996,0,5,0,0,-0.1,27.8,0,0,0,0,0,56,16.4,20.3,4.019,92,0,0,0,15.2,23.1,0,3,0,22.4,31,0,7,-28,29.7
41,33.3,0,20.3,3.992,0,3,0,0,-0.1,27.7,0,0,0,0,0,56,16.4,20.3,4.016,91,0,0,0,15.2,24.4,0,-2,0,22.3,30.7,0,0,-28,29.8
41,33.2,0,20.3,3.992,0,0,0,0,-0.1,27.7,0,0,0,0,0,56,16.5,20.3,4.015,91,0,0,0,15.2,24.4,0,-1,0,22.2,31.4,0,0,90,29.9
41,33.2,0,20.4,3.991,0,0,0,0,-0.1,27.7,0,-0.01,0,0,0,56,16.5,20.3,4.014,91,0,0,0,15.2,24.4,0,-2,0,22.1,31.9,0,0,90,30
41,33.6,0,20.3,3.989,0,0,0,0,-0.1,27.7,0,-0.01,0,0,0,55.9,16.6,20.4,4.013,91,0,0,0,15.3,24.4,0,4,0,22.2,32.2,0,0,90,30.2
41,33.5,0,20.3,3.989,0,0,0,0,-0.1,27.7,0,0,0,0,0,55.9,16.6,20.3,4.012,91,0,0,0,15.3,24.2,0,3,0,22,32.8,0,0,90,30.3
41,33.9,0,20.4,3.987,0,0,0,0,0,27.7,0,0,0,0,0,55.9,16.7,20.3,4.01,91,0,0,0,15.3,24.4,0,3,0,22,32.9,0,1,90,30.3
41,34,0,20.3,3.985,0,0,0,0,-0.1,27.7,0,0,0,0,0,55.9,16.7,20.3,4.008,91,0,0,0,15.3,24.4,0,3,0,21.9,32.7,0,1,90,30.4
17,14,5.4,11.6,3.775,0,813,-9,0,-0.1,13.1,0.02,-0.01,0.2,0,0,53,9.1,13,3.798,75,0,0,0,7.8,14.3,0,-1,0,14,11.4,0,0,0,13.1
39,,,,,,,,,,,,,,,,,,,,,,,,,,,,,,,,,,
92,,,,,,,,,,,,,,,,,,,,,,,,,,,,,,,,,,
92,,,,,,,,,,,,,,,,,,,,,,,,,,,,,,,,,,
"51,56",,,,,,,,,,,,,,,,,,,,,,,,,,,,,,,,,,
"52,56,66",18.7,0,13.5,4.042,0,-3,0,0,0,10.6,0,0,0,0,0,56.7,10.7,16.3,4.061,100,0,0,0,10,19.1,0,0,0,9.3,12.5,0,0,90,17.3
24,8.7,14.5,9.5,3.977,0,700,-116,64.9,-2.9,10,0.02,0,0.22,0.42,0.26,56.8,10.1,6.5,4.094,100,1.15,0.12,0,8.3,5.1,45.1,-3732,0,7.5,9.2,1.79,-2340,4,9.7
57,17,0,20.6,3.916,0,0,23,0,0,17,0,0,0,0,0,54.9,16.1,23.1,3.932,78,0,0,0,14.7,16.2,0,0,0,19.5,16.4,0,0,-35,16.9
57,16.6,0,14.8,3.678,0,-7,0,0,0,16.8,0,0,0,0,0,51.5,13.1,18.9,3.687,48,0,0,0,12.4,13.4,0,0,0,16.2,16.4,0,0,25,16.4
41,7.6,0,2.4,4.057,0,3,0,0,0,7.9,0,0,0,0,0,56.9,3.8,5.1,4.075,100,0,0,0,2.1,2.4,0,0,0,5.5,5.8,0,1,-1,6.8
41,8.1,0,2.4,4.056,0,-3,0,0,0,8.2,0,0,0,0,0,56.9,3.9,5.1,4.074,100,0,0,0,2.2,2.4,0,0,0,6.2,6.1,0,0,-1,7.1
41,8.9,0,2.5,4.056,0,-3,0,0,0,9.1,0,0,0,0,0,56.9,4,5.7,4.073,100,0,0,0,2.3,2.5,0,0,0,6.5,6.8,0,1,-2,7.9
41,9.6,0,2.8,4.055,0,-3,0,0,0,9.7,0,0,0,0,0,56.9,4.2,6.4,4.073,100,0,0,0,2.3,3.7,0,0,0,6.5,7.4,0,0,-1,8.7
41,10.2,0,3.7,4.055,0,0,0,0,0,10.4,0,0,0,0,0,56.9,4.2,6.5,4.072,100,0,0,0,2.4,3.7,0,7,0,6.5,8.2,0,6,-2,9.2
"51,52,53",8.6,0,6.8,3.769,0,0,0,0,0,7.3,0,0,0,0,0,52.9,9.9,6.6,3.791,61,0,0,0,8.2,10.6,0,0,0,9.3,5,0,0,-3,7.9
"56,66",8,22.4,6.6,4.021,0,-7,-1,0,0,11.7,0.02,0,0,0,0,56.4,9.6,7.9,4.042,98,0,0,0,7.9,9.5,0,-1,0,9.3,7.8,0,0,47,8.1
"52,65",,,,,,,,,,,,,,,,,,,,,,,,,,,,,,,,,,
"52,55,65",,,,,,,,,,,,,,,,,,,,,,,,,,,,,,,,,,
"55,65",13.2,0,13.4,4.021,0,0,0,0,0,12.9,0,0,0,0,0,56.4,14.3,13.4,4.04,95,0,0,0,0,14.8,0,0,0,16.2,11.5,0,3,-14,13.2
92,4.2,0,6.6,4.069,0,6,0,0,0,4.9,0,0,0,0,0,57.1,6.3,3.7,4.086,100,0,0,0,4.2,7.9,0,0,0,7.7,2.4,0,0,89,4.2
92,13.3,0,15,4.018,0.15,0,-1,0,-0.1,11.5,0,-0.54,0,-0.03,0,56.3,9.9,10.6,4.033,100,0,0,0.2,8.2,17.8,0,-96,0.69,16.8,8.6,0,-77,13,10.8
92,12.8,0,14.9,4.046,0,0,0,0,0,11.8,0,0,0,0,0,56.7,10,11.9,4.061,100,0,0,0,8.4,17.5,0,1,0,17.5,8.2,0,0,14,11.1
92,33.9,14.2,54,3.504,0,1703,-23,0,-0.1,28.5,0.1,0,6.46,-0.02,0,49.8,16.6,34.2,3.534,40,0,0,0.05,13.7,50,0,0,0.25,43,18.7,0,-1,-26,28.6
92,14.3,34.8,21.4,3.938,0.32,775,-53,0.1,-0.2,10.4,0.04,0.64,0.39,-0.02,0,55.2,8,10.2,3.95,100,0.05,0.03,0.52,5.5,20.4,10.7,2,0.69,17,7.7,-0.03,3,14,9.7
92,14.4,5.7,22.4,3.879,-0.02,920,-146,12.2,27,10.4,0.05,3.94,2.45,0.09,0.02,55.2,8,10.6,3.964,100,0,0,0.99,5.5,20.3,2.9,31,0.75,17.5,8.7,-0.02,-2,15,10.2
92,13.3,141.1,24.3,3.903,0.06,1723,-49,0,-0.1,12,0.14,0,3.92,0.01,0.01,54.9,8.8,8.8,3.935,96,0,0.01,-0.05,6.5,19.8,5.1,161,3.11,14.8,7.8,0,86,-52,10.4
17,,,,,,,,,,,,,,,,,,,,,,,,,,,,,,,,,,
17,24.8,38.1,28.4,3.962,0,864,-45,-0.3,3.6,26.9,0.08,0,0.92,0.07,0.09,55.7,16.1,20.9,3.997,100,0,0,0,14.1,28.4,4.8,648,0,25.4,22.4,0.35,-239,65,25.3
"56,66",0.2,0,3.7,3.762,0,0,-1,0,0,0,0,0,0,0,0,52.8,4.5,1,3.781,62,0,0,0,2.2,-0.4,0,-5,0,-0.3,-0.5,0,7,0,0.7
"39,64,65",0.2,22,3.7,3.761,0,1336,-3,0,0,0,0.02,0,0.04,0,0,52.7,4.5,1,3.782,62,0,0,0,2.2,-0.4,0,-14,0,-0.3,-0.5,0,-33,0,0.7
39,0.4,7.2,3.7,3.758,0,7,0,0,0,0.2,0,0,0,0,0,52.8,4.5,1,3.78,62,0,0,0,2.2,-0.4,0,-9,0.41,-0.1,-0.4,0,0,0,0.9
"39,64,65",,,,,,,,,,,,,,,,,,,,,,,,,,,,,,,,,,
39,1.2,0,3.7,3.751,0,810,0,0,0,0.2,0.02,0,0.02,0,0,52.7,4.6,1,3.773,61,0,0,0,2.3,1.2,0,6,0,0.2,-0.4,0,0,0,1
"39,64,65",1.2,35.9,3.7,3.685,0,815,-37,0,0,0.2,0.02,0,0.02,0,0,52.6,4.6,1,3.767,61,0,0,0,2.3,1.2,0,6,0,0.2,-0.4,0,0,0,1
"39,64,65",1.5,8,3.7,3.748,0,820,-37,0,0,0.4,0.03,0,0.31,0,0,52.6,4.6,1.1,3.767,61,0,0,0,2.3,1,0,0,0.38,0.4,-0.2,0,0,0,1
39,1.5,0,3.7,3.755,0,0,-1,0,0,0.4,0,0,0,0,0,52.7,4.5,1,3.774,61,0,0,0,2.2,1,0,8,0,0.6,-0.2,0,0,0,1.2
"39,64",1.4,117.7,3.7,3.75,0,808,-16,0,0,0.6,0.38,0,0.32,0,0,52.5,4.5,1,3.773,61,0,0,0,2.2,1,0,-2,3.15,-0.1,-0.2,0,0,0,1.4
"39,64",1.4,0,3.7,3.754,0,-7,0,0,0,0.6,0,0,0,0,0,52.7,4.5,1,3.773,61,0,0,0,2.2,1,0,0,0,0.4,-0.2,0,0,0,1.4
"39,64",1.5,0,3.7,3.755,0,798,-1,0,0,0.7,0.02,0,0.02,0,0,52.7,4.6,1.2,3.772,61,0,0,0,2.2,1,0,2,0,0.9,0,0,0,0,1.5
39,1.8,0,3.7,3.754,0,0,0,0,0,0.9,0,0,0,0,0,52.7,4.6,1.6,3.773,61,0,0,0,2.2,1,0,-1,0,0.9,0.2,0,0,0,2
39,1.8,0,2.4,3.755,0,-3,-1,0,0,1.1,0,0,0,0,0,52.7,4.5,1,3.772,61,0,0,0,2.1,1,0,-1,0,-0.4,0.2,0,-1,0,2
39,1.9,0.8,3.7,3.752,0,0,0,0,0,1.2,0,0,0,0,0,52.7,4.5,1,3.772,61,0,0,0,2.2,1,0,6,0,0.6,0.4,0,-1,0,2.2
39,2,0,3.7,3.752,0,-10,0,0,0,1.4,0,0,0,0,0,52.7,4.5,1.4,3.772,61,0,0,0,2.2,1,0,0,0,0.9,0.5,0,0,0,2.3
39,2.2,0,3.7,3.753,0,0,0,0,0,1.5,0,0,0,0,0,52.7,4.5,2.2,3.771,61,0,0,0,2.1,1,0,-1,0,1,0.7,0,0,0,2.3
39,2.8,0,3.7,3.754,0,0,0,0,0,1.5,0,0,0,0,0,52.7,4.5,2.2,3.771,61,0,0,0,2.1,1,0,0,0,1,0.7,0,0,0,2.5
39,2.8,0,3.7,3.753,0,0,0,0,0,1.5,0,0,0,0,0,52.7,4.5,2.2,3.771,61,0,0,0,2.1,1,0,0,0,0.9,0.7,0,0,0,2.5
39,-0.5,0,-0.7,4.083,0,6,0,0,0,0.7,0,-0.01,0,0,0,57.2,2.6,1,4.099,100,0,0,0,-0.4,-3.2,0,0,0,1.7,-0.6,0,0,12,1
"39,56,66",-0.5,0,-0.7,4.087,0,1,0,0,0,0.7,0,-0.01,0,0,0,57.3,2.6,1,4.102,100,0,0,0,-0.4,-3.2,0,0,0,1.7,-0.6,0,0,11,1
"39,56",,,,,,,,,,,,,,,,,,,,,,,,,,,,,,,,,,
39,-0.5,0,-0.8,4.103,0,277,0,0,0,0.7,0,0,0.04,0,0,57.5,2.7,1,4.117,100,0,0,0,-0.2,-3.2,0,1,0,1,-0.8,0,8,12,1
39,-0.4,23,-0.5,4.102,0,249,0,0,0,0.7,0.02,0,0.02,0,0,57.6,2.7,1,4.122,100,0,0,0,-0.2,-3.2,0,1,0,1,-0.8,0,0,12,1
39,-0.4,27.6,-0.5,4.105,0,21,0,0,0,0.7,0.02,0,0.02,0,0,57.5,2.7,1,4.117,100,0,0,0,-0.2,-1.8,0,-4,0,1,-0.8,0,7,12,1
39,2.2,0,-0.4,4.09,0,0,0,0,0,0.7,0,0,0,0,0,57.4,2.8,1,4.11,100,0,0,0,-0.2,2.4,0,5,0,0.7,-0.7,0,-5,12,1.2
39,1.2,0,-1.3,4.105,0,0,0,0,0,1,0,0,0,0,0,57.6,2.1,-0.4,4.12,100,0,0,0,-0.5,-0.8,0,4,0,-1.5,-0.5,0,0,11,1.7
39,1.2,0,-1.3,4.105,0,0,0,0,0,1,0,0,0,0,0,57.6,2.1,-0.4,4.12,100,0,0,0,-0.5,-0.8,0,4,0,-1.5,-0.5,0,0,11,1.7
39,3.6,12.6,3.6,3.72,0.06,1225,-51,2.8,-0.9,0.9,0.05,0.82,0.43,0,0,52.3,0.3,2.4,3.732,69,0,0,0.6,-1.8,4.7,2.1,52,2.18,2.4,0.4,0,30,90,1.5
24,9.4,7.9,12,4.04,0.48,817,-144,29.1,-3.7,10.3,0.02,0.18,0.34,0.16,0.21,56.8,13.7,12,4.228,100,2.66,0.28,0.79,10.9,7.9,36.4,2583,0.36,10.6,9.4,1.71,2521,-2,11.1
24,16.3,30.1,11.5,3.94,0.33,1748,-132,54.4,40.7,16.9,0.07,3.19,0.27,3.37,0.23,55.8,8.2,11.5,4.001,100,1.67,0.12,-0.03,5.5,10,6.7,-4389,0.45,14.1,15.4,2.25,-4415,-1,14.8
24,19,39,12.5,3.903,0,727,-120,14.6,78.9,17.3,0.05,0,0.34,3.59,0.17,55.2,8.5,12.5,3.968,100,1.81,0.21,-0.08,5.8,15.2,15.3,-4315,3.03,15.1,16.4,2.24,-4422,-3,15.3
58,32,-0.1,42.8,3.629,-0.04,0,0,-0.1,-0.1,30.7,0,0,0,0,0,51,20.9,32.8,3.648,15,0,0,0.01,18.9,45,0,1,0,31.3,28.1,0,0,8,31.6
24,20,4.5,20.3,4.045,-0.12,805,-128,-65.5,-126.1,20.7,0.02,-0.22,0.19,3.43,-0.25,56.9,20,18.8,4.062,100,-0.06,-0.3,-0.81,18.5,15.4,-8.8,892,0.47,20.3,19,0.98,4415,-2,19.4
24,20,33.4,21.2,4.03,-0.12,1957,-122,-27.3,-138.3,20.7,0.02,-0.22,0.21,3.53,-0.33,58.6,20,18.8,4.062,100,-2.46,-0.3,-0.81,18.5,15.4,27.8,-46,0.47,20.5,19.9,-2.47,-4399,-2,19.4
58,39.8,113.1,35.7,3.785,-0.06,2197,-115,0,-0.1,30.2,0.62,-0.01,5.72,0,0,53.2,24.5,32.8,3.804,78,0,0,-0.08,22.6,49.5,0,-5,3.05,32.8,30.6,0,0,-1,30.5
24,20.7,4.6,20.9,4.03,0.46,804,-104,42.6,56.8,21.5,0.04,0.77,0.26,3.18,0.23,56.7,20.7,18.9,4.071,100,0.14,0.03,0,18.8,16.4,-12.8,4400,0.28,20.4,19.7,2.23,4430,-2,20
92,40.8,70.1,28.6,3.657,-0.51,2240,-40,1.7,4.9,30.5,0.2,1.88,1.84,-0.01,0.01,52.1,16.7,32.8,3.723,66,-0.03,0.01,-0.56,16,43.9,3.4,18,1.33,24.4,25.8,-0.02,53,24,33.9
92,30.5,3.1,27.3,3.795,0.29,792,-9,2.1,-2.3,27,0.77,-0.67,0.14,-0.04,0,53.7,16,25.9,3.811,82,-0.01,0,-0.62,15,26.5,-0.5,0,2.13,24.4,25.7,0,0,15,28
92,15.6,-5.8,11.9,4.003,0.42,1020,-72,1,11.4,9.7,0.05,-0.05,0.95,-0.05,0,56.4,14.8,9.3,4.078,100,-0.04,0,0.15,12.5,14.7,0.4,7,0.27,6.8,9.2,-0.01,92,0,11
17,10.8,0.3,12.3,4.048,0.01,864,-48,12.9,11.3,10.2,0.35,-0.01,1.92,0.03,0.04,57.5,10.9,7.9,4.117,100,0,0,0.04,9.3,11.9,0,217,0.25,8.8,11.1,0.02,5,0,11.5
17,,,,,,,,,,,,,,,,,,,,,,,,,,,,,,,,,,
24,28.8,20.1,30,3.649,-0.05,1516,-1,0,0,24.7,0.02,0,0.02,0,0,50.7,16.6,23.1,3.665,56,0,0,0.03,15.3,26.5,0,-2,0,25.8,21.7,0,0,86,25
24,18.1,9.9,20.8,4.024,0.14,812,-101,36.6,-29.4,18.1,0.05,-0.24,0.36,-2.34,0.27,56.6,17.8,21.2,4.049,100,4.13,0.44,1.09,14.7,11.9,90.4,4479,0.52,22.5,16,2.3,4365,1,17.9
92,8.9,0,7.9,4.109,0,0,0,0,0,8.1,0,0,0,0,0,57.7,9.9,9.3,4.13,100,0,0,0,7.3,3.8,0,-1,0,10.8,6.7,0,24,90,7.9
73,22,5.1,36.8,3.744,-1.35,800,-72,0.5,0,20.6,0.02,-6.14,0.19,-0.3,0.08,52.5,12,18.5,3.76,83,0.41,0.06,-0.86,9.8,20.3,4.5,-313,0.23,19.5,33.2,0.54,-380,-6,20.4
"51,56",,,,,,,,,,,,,,,,,,,,,,,,,,,,,,,,,,
"51,56",11.7,0.1,12.3,3.809,0.14,1300,-53,4.4,0,8.1,0.17,-0.05,2.84,0,0,53.9,9.4,11.9,3.821,84,0,0,-0.02,6.2,14.2,5.4,0,0.26,17.5,5,0,0,0,8.8
57,6.8,0,7.9,4.072,0,0,0,0,0,7.1,0,0,0,0,0,57.1,11.2,6.5,4.089,100,0,0,0,0,2.4,0,0,0,12,4.8,0,0,7,6.9
"51,56",,,,,,,,,,,,,,,,,,,,,,,,,,,,,,,,,,
"51,56,66",21.5,0,14.8,4.026,0,2,0,0,0,14.8,0,0,0,0,0,56.5,11.8,8.2,4.043,100,0,0,0,9.2,4.9,0,0,0,13.9,11,0,-1,-7,15
"51,56,66",21.5,0,14.8,4.025,0,2,0,0,0,14.8,0,0,0,0,0,56.5,11.8,8.2,4.043,100,0,0,0,9.2,4.9,0,0,0,13.9,11,0,-1,-7,15
"51,66",8.9,0,10.4,4.027,0,0,0,0,0,9.4,0,0,0,0,0,56.5,11.9,9.3,4.043,100,0,0,0,9.3,5.1,0,-1,0,14.8,6.8,0,0,-7,9.1
"51,56",,,,,,,,,,,,,,,,,,,,,,,,,,,,,,,,,,
"51,56",16.9,20.6,16.4,3.844,-0.08,842,-13,6.5,-0.1,14.2,0.02,0.04,0.11,0,0,54.3,16.2,14.6,3.854,88,0,0,0.15,13.2,16.3,9.2,-1,1.81,22.5,11.4,0,-3,3,14
17,8.9,-5.2,16.2,3.667,-0.36,793,-9,-0.7,-1.7,8.6,0.02,-0.78,0.22,0,0,51.5,7.1,8.3,3.684,62,0,0.01,0.27,6.4,9.2,4.1,-8,0.71,10.6,9.5,0,143,-12,10.2
92,8.5,0,13.3,3.642,0,0,0,0,-11.8,8.6,0,0,0,-0.09,0,51.1,5.9,5,3.66,47,0,0,0,4.1,8.9,0,0,0,9.3,9.2,0,0,-3,9.4
92,10.5,5,19.3,3.613,-0.02,812,-24,10.5,7.2,10.6,0.03,2.59,0.51,-0.52,0.08,50.7,6,6.2,3.628,47,0.5,0.01,0.01,4.2,9.3,-0.1,0,0,10.2,18.3,0.44,0,71,11.4
92,12.2,0,29.3,3.603,-1.37,0,-22,4.7,14.1,15.6,0,3.73,0,0,0.02,50.5,6.2,43.8,3.617,46,0,0.04,-1.95,4.3,9.4,9.8,0,0,17.3,33.3,0,0,6,20.3
92,14,0,38.3,3.594,-1.36,0,-22,4.9,15.9,19.8,0,3.74,0,-0.01,0.02,50.4,6.2,57.8,3.608,45,0,0.04,-1.95,4.4,9.4,10,-10,0,23.1,45.3,0,0,5,25.4
92,17.5,21.5,43.3,3.569,0,0,-14,0,0,22,0.02,0,0.02,0,0,50.5,6.4,48.8,3.616,43,0,0,0,4.5,12.4,0,0,0,28,46.3,0,0,8,29
92,11.4,64.9,6.6,4.051,0.03,1552,-107,0,0,9.8,0.47,-0.01,3.03,0,0,57,10.5,7.9,4.087,100,0,0,0,9.6,13,0,1,1.14,8,9.2,0,0,11,9.9
24,15.4,9.5,11.8,3.971,0.5,780,-56,17.8,-101.5,14.7,0.02,-0.27,0.34,-1.23,0.27,56.6,8.8,14.5,4.078,100,2.15,0.23,0.79,7.8,17.3,-38,4291,0.27,11.8,14.5,2.07,4161,2,14.8
92,22.9,25,30.5,3.82,-0.14,973,-5,1,-0.1,20,0.09,-0.01,2.79,0.02,0,53.7,16.5,24.4,3.842,89,0.02,0,0.05,12.8,23.1,0,6,0.69,24.4,17.9,0.01,14,5,19.4
24,13,0,21.3,3.706,0.42,2,-111,5.1,-0.5,12.4,0,0.9,0,1.25,0,52,14,14.8,3.728,68,-0.1,-0.07,-0.16,10.6,13.9,-15.7,1327,0.51,14.3,10.7,-0.37,1267,0,11.5
17,,,,,,,,,,,,,,,,,,,,,,,,,,,,,,,,,,
23,,,,,,,,,,,,,,,,,,,,,,,,,,,,,,,,,,
17,,,,,,,,,,,,,,,,,,,,,,,,,,,,,,,,,,
17,,,,,,,,,,,,,,,,,,,,,,,,,,,,,,,,,,
17,,,,,,,,,,,,,,,,,,,,,,,,,,,,,,,,,,
17,,,,,,,,,,,,,,,,,,,,,,,,,,,,,,,,,,
17,,,,,,,,,,,,,,,,,,,,,,,,,,,,,,,,,,
17,,,,,,,,,,,,,,,,,,,,,,,,,,,,,,,,,,
17,19.6,25.4,16.4,3.936,0.66,780,-6,4.6,0,15.3,0.04,-1.28,0.2,0,0,55.5,13.7,16.2,3.959,95,0,0.01,-0.37,11.5,15.3,0.8,-5,0.67,14,14.9,0,6,4,15.5
17,16.5,20.5,16.9,3.635,-0.05,696,-5,0,11.3,14.7,0.02,-0.01,0.02,0.02,0.02,51.1,11.6,17.5,3.717,70,0,0,0,10.5,20.3,-0.1,9,0,17.8,11.4,0.02,3,90,14.3
17,,,,,,,,,,,,,,,,,,,,,,,,,,,,,,,,,,
17,,,,,,,,,,,,,,,,,,,,,,,,,,,,,,,,,,
17,,,,,,,,,,,,,,,,,,,,,,,,,,,,,,,,,,
23,,,,,,,,,,,,,,,,,,,,,,,,,,,,,,,,,,
92,21.1,0,22.7,4.105,0,0,0,0,0,20.6,0,0,0,0,0,57.5,17.4,16.2,4.118,100,0,0,0,15.5,25.8,0,0,0,18.9,17.7,0,0,90,19.4
92,21.4,0.2,25.7,4.08,0,808,-31,5,8.4,20.6,0.04,0,0.39,0,0.02,57.2,17.5,19.2,4.09,100,0,0.06,0,15.5,26.9,11.4,1,0.01,22.9,20.7,0.01,1,9,19.4
"51,56",,,,,,,,,,,,,,,,,,,,,,,,,,,,,,,,,,
17,,,,,,,,,,,,,,,,,,,,,,,,,,,,,,,,,,
"24,56",,,,,,,,,,,,,,,,,,,,,,,,,,,,,,,,,,
24,4,4.4,9.2,3.955,0.15,765,-109,89.4,-55.5,5.1,0.03,-1.01,0.31,-4.53,0.32,55.7,2.6,6.5,4.059,100,3.27,0.36,-0.96,1.3,2.4,-20.5,-3765,0.31,5.1,5.6,-0.89,-3187,-8,6.4
24,11.8,3.4,9.2,3.913,0,738,-148,15.2,70.1,8.1,0.04,0,0.36,-0.57,0.04,56.8,7.2,9.2,4.129,100,-0.74,0.16,0,4.5,10.1,77.5,-3726,0,12.4,7.4,-0.43,-2898,7,9.2
92,,,,,,,,,,,,,,,,,,,,,,,,,,,,,,,,,,
92,21.4,43.4,32.8,3.624,0,461,-72,0,0,21.5,0.08,0,1.01,-0.08,0,51.3,14.2,18.9,3.676,59,0,0,0,12.7,21.2,0,0,0,22.5,21.5,0,-23,5,21.1
"56,64,66",20.8,0,14.8,3.84,0,-6,0,0,0,20.7,0,0,0,0,0,54,15.8,17.5,3.861,79,0,0,0,14.6,16.2,0,0,0,21.7,20.5,0,36,0,21.5
"56,64,66",21.1,0,15.6,3.836,0,0,-1,0,0,20.8,0,0,0,0,0,53.9,15.9,17.5,3.856,79,0,0,0,14.6,16.2,0,0,0,21.7,20.6,0,77,0,21.5
"56,66",,,,,,,,,,,,,,,,,,,,,,,,,,,,,,,,,,
"56,65,66",21.4,0,14.8,3.834,0,7,0,0,0,21.1,0,0,0,0,0,53.9,15.6,18.9,3.855,78,0,0,0,0,14.8,0,9,0,21.7,20.7,0,0,1,23.4
"56,65,66",21.5,0,15.1,3.831,0,0,-3,0,0,21.1,0,0,0,0,0,53.9,16,18.9,3.853,78,0,0,0,14.6,16,0,78,0,21.7,20.8,0,0,1,23.1
92,,,,,,,,,,,,,,,,,,,,,,,,,,,,,,,,,,
92,16.4,15.4,18.9,3.652,-0.03,1588,-19,0,10.3,17.4,0.59,-0.01,1.39,-0.04,0,51.7,13,11.8,3.7,59,-0.02,0.02,0,11.3,14,10.4,26,0.34,17.5,16.4,0,-2,9,17
17,13.5,0,19.2,3.842,0.12,-565,-114,0,0,14.9,0.56,0.05,5.04,0,0,54.9,8.7,16.1,3.919,100,0,0,-0.04,7,12.2,0,-4,2.58,16.3,14,0,5,5,14.8
"24,51",,,,,,,,,,,,,,,,,,,,,,,,,,,,,,,,,,
"51,56",,,,,,,,,,,,,,,,,,,,,,,,,,,,,,,,,,
92,,,,,,,,,,,,,,,,,,,,,,,,,,,,,,,,,,
24,6.5,4.9,3.6,4.04,-0.06,806,-71,-0.8,-2.6,7.8,0.04,-1.02,0.26,3.46,0.08,56.9,8.7,4.7,4.082,100,0.94,0.06,-0.51,6.5,2.4,-76,1947,0.85,8.5,7.9,0.84,3924,1,7.3
"56,66",-6,0,1,4.028,0,0,-3,0,0,-5.4,0,0,0,0,0,56.6,3.3,-3.5,4.049,100,0,0,0,-0.4,-5.9,0,-4,0,-3.2,-4.5,0,0,10,-4.1
"24,51",,,,,,,,,,,,,,,,,,,,,,,,,,,,,,,,,,
"51,56",,,,,,,,,,,,,,,,,,,,,,,,,,,,,,,,,,
17,17.7,9.3,18.9,3.708,0.51,904,-33,7.3,2.3,17.4,0.03,0.14,0.55,0,0,51.9,12.5,20.3,3.721,68,0,0.02,1.45,10.2,23.1,16.6,451,0.39,16,15.2,0,377,5,17.3
"39,64,65",1.4,0,-0.3,4.115,0,-3,0,0,0,-0.3,0,0,0,0,0,57.8,2.9,-5.6,4.134,100,0,0,0,0.7,-2.7,0,1,0,-4.5,-0.3,0,0,-3,0.9
"39,64",,,,,,,,,,,,,,,,,,,,,,,,,,,,,,,,,,
39,0.8,0,-0.3,4.117,0,7,0,0,0,-0.3,0,0,0,0,0,57.8,2.6,-5.9,4.135,100,0,0,0,0,-2.2,0,-9,0,-4.5,-0.3,0,7,-4,0.9
"39,64,65",0.8,0,0.7,4.116,0,3,0,0,0,-0.3,0,0,0,0,0,57.8,2.9,-5.9,4.134,100,0,0,0,0.6,-2.2,0,-1,0,-4.5,-0.3,0,0,-3,0.9
39,0.2,53.3,0.6,4.038,0,2175,-67,0,0,-1.1,0.28,0,2.56,0,0,56.9,1.9,-6,4.07,100,0,0,0,0,5.1,0,0,1.11,-3.7,-0.3,0,0,2,1.2
39,0.2,53.3,0.6,4.06,0,1021,-50,0,0,-1.1,0.28,0,2.56,0,0,57,1.9,-6,4.076,100,0,0,0,0,5.1,0,0,1.11,-3.7,-0.3,0,0,2,1.2
"39,64",2.2,7.5,0.6,4.071,0,0,0,0,0,-1.1,0,0,0,0,0,57.1,1.9,-5.9,4.089,100,0,0,0,0,3.7,0,-17,1.11,-4.5,-0.3,0,7,24,1.2
"39,64",6,0,1,4.042,0.01,0,0,0,0,-1,0,0,0,0,0,56.7,2,-5.9,4.06,100,0,0,0,0,10.6,0,1,0,-3.2,-0.2,0,0,3,0
"39,64",9.1,0,1,4.026,0,0,0,0,0,-1,0,0,0,0,0,56.4,2.3,-5.9,4.047,100,0,0,0,0,14.8,0,-3,0,-3.2,-0.2,0,0,72,0
39,10.2,6.5,1,4.03,0,-7,0,0,0,-1,0,0,0,0,0,56.5,2.5,-5.9,4.042,100,0,0,0,0,16.2,0,-17,0,-3.2,-0.2,0,-7,4,0
39,11.2,14.4,1,4.031,0,-3,0,0,0,-0.8,0.01,0,0.03,0,0,56.6,2.6,-5.9,4.049,100,0,0,0.01,1.1,16.2,0,-5,0.16,-3.2,-0.2,0,-2,90,0.2
39,11.4,20.1,1,4.017,0,809,-22,0,0,-0.7,0.12,0,0.97,0,0,56.4,2.6,-4.9,4.039,100,0,0,0,1.1,16.2,0,-1,1.74,-3.1,0,0,0,2,0.5
39,11.9,0,1.1,4.039,0,-6,0,0,0,-0.6,0,0,0,0,0,56.6,2.6,-5.9,4.053,100,0,0,0,0,14.8,0,18,0.16,-3.2,0,0,7,90,0.7
39,13.5,0,1.1,4.016,0,0,0,0,0,-0.6,0,0,0,0,0,56.4,2.8,-5.9,4.036,100,0,0,0,0,18.9,0,3,0.19,-3.2,0,0,-16,90,0.9
39,12.1,0,1,4.042,0,0,0,0,0,-0.4,0,0,0,0,0,56.7,2.9,-5.9,4.059,100,0,0,0,0,14.8,0,7,0,-3.2,0,0,-6,90,1.2
39,11.1,0,-0.4,4.046,0,0,0,0,0,-0.4,0,0,0,0,0,56.8,2.8,-5.9,4.06,100,0,0,0,0,13.4,0,13,0,-3.3,0,0,7,90,1.2
"39,64,65",11.1,6.2,-0.3,4.045,0,344,-7,0,0,-0.5,0.07,0,0.57,0,0,56.7,2.4,-5.9,4.06,100,0,0,0,0.4,5,0,-1,0.72,-4.4,0.2,0,0,-7,0.8
39,1.6,0,1,4.045,0,7,0,0,0,-0.5,0,0,0,0,0,56.8,2.3,-6,4.063,100,0,0,0,0,5.1,0,7,0.72,-4.5,0.3,0,-7,90,0.8
"39,64",1.6,0,1,4.044,0,0,0,0,0,-0.5,0,0,0,0,0,56.8,2.4,-6,4.061,100,0,0,0,0.5,5.1,0,0,0.72,-4.5,0.3,0,0,90,0.8
"39,64",1.6,0,0,4.052,0,0,-1,0,0,-0.5,0,0,0,0,0,56.9,2.3,-7.3,4.065,100,0,0,0,0,3.6,0,-7,0.72,-4.5,0.3,0,-6,90,0.8
39,0.7,0,0,4.051,0,0,0,0,0,-0.5,0,0,0,0,0,56.9,2.1,-6.2,4.069,100,0,0,0,0.2,1.3,0,0,0,-4.5,0.3,0,0,90,0.8
39,0.7,0,0,4.051,0,0,0,0,0,-0.5,0,0,0,0,0,56.9,2.1,-6.2,4.069,100,0,0,0,0.2,1.3,0,0,0,-4.5,0.3,0,0,90,0.8
39,2.7,0,1,4.05,0,0,0,0,0,-0.2,0,0,0,0,0,56.9,2.1,-5.6,4.068,100,0,0,0,0.3,2.4,0,0,0,-3.2,0.4,0,0,90,0.7
39,4.1,0,1,4.049,0,0,0,0,0,0.2,0,0,0,0,0,56.9,2,-4.5,4.067,100,0,0,0,0.3,2.4,0,1,0,-3,0.7,0,0,90,1.2
39,4.8,0,1,4.051,0,0,0,0,0,0.5,0,0,0,0,0,56.9,1.9,-4.5,4.068,100,0,0,0,0,2.4,0,6,0,-3.2,0.9,0,6,90,1.5
39,9.6,0,1.4,4.007,0,-3,0,0,0,0.7,0,0,0,0,0,56.2,2.2,-4.5,4.029,100,0,0,0,0,12,0,10,0.03,-3.2,1,0,-11,-20,1.9
17,,,,,,,,,,,,,,,,,,,,,,,,,,,,,,,,,,
"21,29",12.5,0,183.7,3.69,0.01,-5,-4,0,-0.1,12.5,0,-0.01,0,0,0,51.8,4.9,10.6,3.704,57,0,0,-0.03,3.7,9.3,0,4,0,9.6,11.4,0,0,-70,13.1
"21,29",12.8,0,200,3.692,0,2,-3,0,0,12.5,0,0,0,0,0,51.8,4.9,10.6,3.705,57,0,0,0,3.8,9.3,0,-2,0,10.4,11.2,0,0,-70,13.1
"21,29",14.2,0,200,3.691,0,0,-3,0,0,12.5,0,0,0,0,0,51.8,5,11,3.705,57,0,0,0,3.8,9.3,0,4,0,10.6,11.5,0,0,-70,13.2
"21,29,32",14.5,0,200,3.69,0,-6,-1,0,0,12.7,0,0,0,0,0,51.8,5.1,11.3,3.704,57,0,0,0,3.9,9.3,0,4,0,10.6,11.5,0,0,-70,13.3
"21,29,32",15.2,0,200,3.69,0,2,-3,0,0,12.9,0,0,0,0,0,51.8,5.1,11.8,3.704,57,0,0,0,3.9,9.3,0,4,0,10.6,11.6,0,0,-70,13.6
"21,29,32",16,0,200,3.689,0,0,0,0,0,13.2,0,0,0,0,0,51.8,5.2,12,3.703,57,0,0,0,3.9,9.4,0,-2,0,10.7,11.9,0,0,-70,14
"21,29,32",16.6,0,200,3.689,0,0,0,0,0,13.3,0,0,0,0,0,51.8,5.3,12,3.702,57,0,0,0,4,9.6,0,-2,0,10.6,12.2,0,0,-70,14.4
"21,29,32",17.3,0,200,3.688,0,-5,0,0,0,13.6,0,0,0,0,0,51.8,5.4,11.9,3.701,57,0,0,0,4,9.6,0,-1,0,10.7,12.4,0,0,-70,14.8
"21,29,32",17.8,0,200,3.687,0,-2,0,0,0,13.9,0,0,0,0,0,51.7,5.5,12,3.701,56,0,0,0,4.1,9.7,0,-2,0,10.8,12.5,0,0,-70,15.2
"21,29,32",18.3,0,200,3.687,0,1,0,0,0,14,0,0,0,0,0,51.7,5.6,12,3.7,56,0,0,0,4.2,9.8,0,-2,0,11.1,12.8,0,-1,-70,15.4
"21,29,32",18.7,0,200,3.686,0,5,0,0,0,14.3,0,0,0,0,0,51.7,5.7,12,3.699,56,0,0,0,4.2,10.2,0,3,0,11.3,13,0,0,-70,15.8
"21,29,32",12.2,0,200,3.689,0,7,-4,0,0,12.2,0,0,0,0,0,51.8,7.1,12,3.704,58,0,0,0,5.7,9.3,0,13,0,10.6,12.5,0,0,-70,12.7
"21,29,32",12.2,0,200,3.688,0,0,-3,0,0,12.2,0,0,0,0,0,51.8,7.2,12,3.702,58,0,0,0,5.8,9.3,0,-8,0,11.6,12.5,0,7,-70,12.7
"21,29,32",12.4,0,200,3.687,0,-7,-4,0,0,12.2,0,0,0.03,0,0,51.8,7.3,12,3.702,58,0,0,0,5.8,9.3,0,-13,0,10.6,12.5,0,-7,-70,12.8
"21,29,32",13.2,0.1,200,3.68,0,256,-4,0,0,12.2,0.02,0,0.11,0,0,51.7,7.4,13.2,3.696,57,0,0,0,5.9,10.6,0,-13,0.14,12,12.6,0,9,-70,12.8
"21,32",13.4,0,200,3.683,0,0,-3,0,0,12.2,0,0,0,0,0,51.7,7.4,13.2,3.698,57,0,0,0,6,10.6,0,-17,0.14,12,12.6,0,-3,-70,12.8
"21,29,32",13.6,1.7,200,3.685,0,699,-20,0,0,12.3,0.12,0,0.99,0,0,51.8,15.4,13.4,3.702,61,0,0,0,14.3,14.6,0,1,0.97,12,12.7,0,3,-70,15.7
"21,29,32",15.7,1.7,200,3.69,0,0,0,0,0,12.3,0,0,0.01,0,0,51.8,15.4,18.9,3.704,61,0,0,0,0,14.8,0,0,0.97,17.5,12.7,0,0,-69,15.7
"21,29,32",16.4,0,200,4.128,0,9,20,0,0,18.2,0,0,0,0,0,58,18.8,16.2,4.149,100,0,0,0,15.1,10.6,0,-6,0,14.8,16.8,0,7,-70,17.9
"21,29,32",,,,,,,,,,,,,,,,,,,,,,,,,,,,,,,,,,
"21,29,32",14.7,23.5,200,4.121,0,13,0,0,0,14.5,0.02,0,0.02,0,0,57.9,17.2,17.5,4.139,100,0,0,0,15,12,0,7,0,16.2,15.3,0,0,-70,15.3
"29,32",,,,,,,,,,,,,,,,,,,,,,,,,,,,,,,,,,
17,10.2,10.2,16.2,3.696,0.2,801,-13,-2.2,2.6,9.2,0.02,-0.07,0.21,0,-0.01,51.9,10.1,12,3.71,63,0.18,0.03,-1.05,8.7,8.9,5.5,108,0.3,10.6,10.2,-0.04,-4,0,10
17,,,,,,,,,,,,,,,,,,,,,,,,,,,,,,,,,,
"21,29",15.3,3.7,199,4.033,-0.18,799,-37,8.5,0,11.4,0.05,-0.11,0.2,0,0,56.3,10.3,10.4,4.046,100,-0.01,0,-1.1,8.3,13.4,0.4,-1,0.65,10.6,11.1,0,0,90,11.9
"21,29",15.3,5.4,200,4.046,-0.18,-7,0,8.5,0,11.4,0,-0.11,0,0,0,56.7,10.4,10.6,4.058,100,-0.01,0,-1.1,0,13.4,0.4,13,0.65,10.6,11.1,0,6,89,11.9
"21,29",15.6,5.3,132,4.042,0,817,-14,0,0,11.5,0.1,0,0.75,0,0,56.7,10.4,9.6,4.057,100,0,0,0,8.3,14.4,0,-36,1.82,10.6,10.7,0,0,90,12.2
"21,29",16.2,0,200,4.061,0,-7,0,0,0,11.2,0,0,0,0,0,56.9,10.3,9.3,4.073,100,0,0,0,0,13.4,0,0,0.18,10.6,10.6,0,-7,87,11.9
"21,29",16.3,37.7,168.2,4.057,0,809,-15,0,0,11.2,0.04,0,1.8,0,0,56.7,10.4,9.3,4.067,100,0,0,0,8.3,14.4,0,0,0.18,10.6,10.6,0,29,-65,11.9
"21,29",16.3,80,177.3,4.009,0,828,-24,0,0,11.2,0.42,0,0.22,0,0,56.4,10.4,9.3,4.064,100,0,0,0,8.3,14.4,0,25,0.18,10.6,10.6,0,9,90,11.9
"21,29",,,,,,,,,,,,,,,,,,,,,,,,,,,,,,,,,,
"21,29",16.5,23.1,181.8,4.019,0,861,-65,0,0,11.2,0.34,0,1.73,0,0,56.8,10.3,7.9,4.071,100,0,0,0,8.3,14.8,0,0,2.56,9.7,10.4,0,1,-19,11.8
"21,29",17,0,200,4.061,0,3,0,0,0,11.2,0,0,0,0,0,56.9,10.3,7.9,4.075,100,0,0,0,0,14.8,0,0,0.18,9.3,10.4,0,7,90,11.8
"21,29",16.5,0,200,4.062,0,0,0,0,0,11.2,0,0,0,0,0,56.9,10.3,7.9,4.075,100,0,0,0,8.3,14,0,-10,0,9.4,10.4,0,-4,90,11.8
"21,29",17,0,200,4.066,0,0,0,0,0,11.3,0,0,0,0,0,57,10.4,7.9,4.077,100,0,0,0,8.3,13.4,0,2,0,9.5,10.6,0,0,90,11.9
"21,29",17.4,0,200,4.066,0,-7,0,0,0,11.5,0,0,0,0,0,57,10.4,7.9,4.077,100,0,0,0,8.3,12,0,9,0,9.3,10.7,0,-3,90,12.1
"21,29",,,,,,,,,,,,,,,,,,,,,,,,,,,,,,,,,,
"21,29",17.5,0,200,4.065,0,0,0,0,0,11.8,0,0,0,0,0,57,10.4,6.6,4.077,100,0,0,0,8.3,12,0,3,0,9.3,10.9,0,5,90,12.4
"21,29",18,0,200,4.065,0,0,0,0,0,12,0,0,0,0,0,57,10.4,6.5,4.077,100,0,0,0,8.3,12,0,-3,0,9.3,11.1,0,-6,90,12.5
"21,29",18.5,0,200,4.065,0,0,0,0,0,12.3,0,0,0,0,0,57,10.3,6.5,4.076,99,0,0,0,8.3,11.8,0,-3,0,9.3,11.2,0,0,90,12.9
"21,29",17.3,0,200,4.065,0,0,0,0,0,12.3,0,0,0,0,0,57,10.2,5.1,4.077,99,0,0,0,0,10.6,0,0,0.07,9.3,11.2,0,0,90,12.9
"21,29",12.7,0,200,4.065,0,0,0,0,0,11.2,0,0,0,0,0,57,10,3.7,4.078,99,0,0,0,0,9.3,0,0,0,7.9,10.7,0,0,90,11.5
"21,29",13.9,0,200,4.064,0,3,0,0,0,11.2,0,0,0,0,0,57,10.2,5.1,4.076,99,0,0,0,8.3,9.3,0,-6,0,8.3,10.8,0,0,90,11.5
"21,29",15.2,4.5,188.5,4.06,0,805,-8,0,0,11.4,0.02,0,0.22,0,0,56.6,10.2,5.2,4.07,99,0,0,0,8.3,10.4,0,-7,0.51,9,10.9,0,0,45,11.6
"21,29",15.7,28.9,56.1,4.04,0,2,-6,0,0,11.4,0.17,0,0.98,0,0,56.8,10.2,5.2,4.068,99,0,0,0,8.3,10.4,0,5,0.51,9,10.9,0,-7,33,11.6
"21,29",17.5,27.7,183.4,4.003,0.09,1573,-38,0,0,11.9,0.14,-0.01,0.98,0,0,56.2,10.2,4.6,4.031,98,0,0,0.12,8.4,16.8,0.1,3,3.17,9.2,11.4,0,0,54,12.3
"21,29",18.5,15.8,187.4,3.985,0.09,460,-112,0,0,11.9,0.93,-0.01,7.7,0,0,55.7,10.2,4.6,4.007,98,0,0,0.12,8.4,18.8,0.1,-2,3.17,9.2,11.4,0,0,90,12.3
"21,29",11.2,1.3,200,4.024,0,7,0,0,0,10.6,0,0,0.03,0,0,56.7,10,3.7,4.059,98,0,0,0,0,10.6,0,4,0.03,7.9,10.4,0,-7,90,10.4
"21,29",15.2,22,163.9,3.987,0,1028,-1,0,0,10.7,0.09,0,1.54,0,0,56.1,10.2,4.7,4.003,97,0,0,0,8.5,15.6,0,-9,3.8,7.9,10.5,0,7,-58,10.5
"21,29",16,0,200,4.033,0,3,0,0,0,11.1,0,0,0,0,0,56.5,10.3,5.1,4.044,97,0,0,0,8.6,13.4,0,-3,0,8.7,10.7,0,7,90,11
"21,29",16.6,0,200,4.034,0,-3,0,0,0,11.6,0,0,0,0,0,56.5,10.3,5.1,4.046,97,0,0,0,8.6,13.4,0,0,0,9.2,11,0,0,90,11.5
"21,29",16.8,0,200,4.036,0,3,0,0,0,11.6,0,0,0,0,0,56.5,10.3,5.1,4.046,97,0,0,0,0,13.4,0,-17,0,9.3,11.1,0,-6,90,11.6
"21,29",17.2,0,200,4.034,0,0,0,0,0,12,0,0,0,0,0,56.5,10.3,5.1,4.046,97,0,0,0,8.6,13.3,0,14,0,9.3,11.2,0,7,90,11.9
"21,29",18.2,25.3,164,3.994,0,899,-2,0,0,12.6,0.38,0,2.6,0,0,56.1,10.4,5.1,4.012,96,0,0,0,8.6,12.1,0,0,0,9.3,11.8,0,7,-61,12.7
"21,29",18.3,47.7,185.6,3.996,0,868,-33,0,0,12.6,0.17,0,1.57,0,0,56.2,10.4,5.1,4.037,96,0,0,0,8.6,13.4,0,-27,0,9.3,11.8,0,0,53,12.7
"21,29",18.5,0,200,4.032,0,0,0,0,0,12.7,0,0,0,0,0,56.5,10.4,5.1,4.043,96,0,0,0,0,13.4,0,7,0,9.3,11.8,0,-3,83,12.8
"21,29",18.6,52.1,187.4,3.995,0,820,-48,0,0,12.7,0.28,0,2.36,0,0,56,10.4,5.1,4.014,96,0,0,0,8.6,13.4,0,36,0.25,9.3,11.9,0,9,83,12.9
"21,29",13.2,4.7,163.4,3.999,0.01,0,-43,-0.1,0,12.8,0.02,0,0.21,0,0,56.3,10.3,4.9,4.03,96,0,0,-0.11,8.8,10.7,0,-3,0.25,8.2,11.9,0,0,8,12.9
"21,29",15.2,3.8,199.6,3.997,0,469,-9,0,0,12.5,0.07,0,0.87,0,0,56.4,10.4,5.1,4.027,96,0,0,0,8.8,12,0,-2,0,9.3,12,0,0,29,12.3
"21,29",11.4,36.4,200,4.023,0,2258,-8,0,0,11.8,0.17,0,1.58,0,0,56.4,10.3,5.1,4.039,96,0,0,0,9,9.4,0,7,0,9.3,11.7,0,-7,32,11.1
"21,29",12.4,4.6,167.3,4.016,0,820,-15,0,0,11.9,0.02,0,0.22,0,0,56.3,10.4,5.1,4.031,96,0,0,0,9,10.6,0,-18,0,9.3,11.8,0,-34,-6,11.1
"21,29",12.4,28,124.3,4.018,0,853,-14,0,0,11.9,0.04,0,0.48,0,0,56.4,10.4,5.1,4.028,96,0,0,0,9,10.6,0,-23,0,9.3,11.8,0,-29,-10,11.1
"21,29",13,47.4,103.7,4.02,0,1692,-16,0,0,12,0.72,0,1.29,0,0,56.3,10.4,5.2,4.032,96,0,0,0,9,11.4,0,-11,1.05,9.3,11.8,0,-3,-30,11.1
"21,29",13,54.8,196.9,3.984,0,805,-40,0,0,12,0.3,0,1.08,0,0,56.1,10.4,5.2,4.017,96,0,0,0,9,11.4,0,-10,1.05,9.3,11.8,0,-7,90,11.1
"21,29",15.3,23,123.7,4.007,0,852,-11,0,0,15.3,0.04,0,0.39,0,0,56.3,9.6,12,4.033,95,0,0,0,8,10.7,0,-13,0,14.8,15.2,0,-12,2,14.3
"21,29",15.6,24.3,64.8,4.012,0,848,0,0,0,15.4,0.07,0,0.51,0,0,56.3,9.6,12,4.036,95,0,0,0,8,11.7,0,-17,0.26,14.8,15.2,0,-38,7,14.4
"21,29",16.1,4.7,188.1,4.016,0,831,-8,0,0,15.4,0.02,0,1.31,0,0,56.3,9.7,12,4.032,95,0,0,0,8,11.7,0,-17,0.26,14.8,15.2,0,0,27,14.4
"21,29",16.4,2.9,91.2,4.005,0,842,-34,0,0,15.4,0.05,0,1.9,0,0,56.2,9.7,12.1,4.029,95,0,0,0,8,12,0,-20,0,14.8,15.3,0,-13,40,14.5
"21,29",22.1,0,71.9,4.022,0,0,0,0,0,17.3,0,0,0,0,0,56.4,9.9,13.3,4.033,95,0,0,0,8.2,13.4,0,0,0,16.2,16.8,0,0,-50,16.9
"21,29",22.1,0,181.6,4.022,0,0,0,0,0,17.4,0,0,0,0,0,56.4,10,13.4,4.033,95,0,0,0,8.2,13.4,0,0,0,16.2,16.8,0,0,-49,17
"21,29",18.5,0,200,4.02,0,0,0,0,0,17.2,0,0,0,0,0,56.4,10,12,4.034,95,0,0,0,8.5,12,0,6,0,14.8,16.9,0,0,-37,17
"21,29",18.5,0,200,4.022,0,0,0,0,0,17.2,0,0,0,0,0,56.4,10.1,12,4.035,95,0,0,0,0,12,0,2,0,14.8,16.9,0,0,-37,17
17,,,,,,,,,,,,,,,,,,,,,,,,,,,,,,,,,,
"56,66",,,,,,,,,,,,,,,,,,,,,,,,,,,,,,,,,,
"56,66",13.7,0,7.9,4.099,0,9,0,0,0,11.9,0,0,0,0,0,57.4,9.7,10.6,4.114,100,0,0,0,0,6.5,0,6,0,10.6,10.2,0,0,-4,11.3
"51,56,66",,,,,,,,,,,,,,,,,,,,,,,,,,,,,,,,,,
"51,56,66",21.8,0,16.2,3.783,0,0,0,0,0,19.8,0,0,0,0,0,53,12.5,18.9,3.8,69,0,0,0,11.5,17.6,0,0,0,18.8,16.5,0,0,9,19.4
"51,56,66",20.8,0,16.2,3.791,0,0,0,0,0,19.5,0,0,0,0,0,53.1,12.5,18.1,3.806,69,0,0,0,11.5,17.5,0,0,0,17.6,16.6,0,0,8,19.3
"51,56,66",20.2,0,16.2,3.792,0,2,0,0,0,19.7,0,0,0,0,0,53.2,12.6,17.6,3.808,69,0,0,0,11.5,16.3,0,0,0,17.6,16.9,0,0,11,19.1
"51,56,66",19.5,0,16.2,3.793,0,2,0,0,0,19.7,0,0,0,0,0,53.2,12.6,17.6,3.808,69,0,0,0,11.6,16.2,0,0,0,17.6,17,0,0,13,19.1
"51,56,66",19.3,0,16.2,3.793,0,-5,0,0,0,19.7,0,0,0,0,0,53.2,12.7,17.7,3.808,69,0,0,0,11.6,16.1,0,0,0,17.6,17,0,0,16,19
"51,56,66",19,0,16.2,3.793,0,0,0,0,0,19.7,0,0,0,0,0,53.2,12.8,18.3,3.807,69,0,0,0,11.6,14.8,0,-1,0,17.5,17,0,0,16,18.9
"51,56,66",18.9,0,16.2,3.792,0,5,0,0,0,19.6,0,0,0,0,0,53.2,12.8,18.6,3.806,69,0,0,0,11.7,14.8,0,1,0,17.6,17.2,0,0,18,18.9
"51,56,66",18.7,0,16.2,3.792,0,-5,0,0,0,19.5,0,0,0,0,0,53.2,12.9,18.7,3.806,68,0,0,0,11.7,14.8,0,0,0,17.6,17.2,0,0,18,18.7
"51,56,66",18.7,0,16.2,3.791,0,0,0,0,0,19.4,0,0,0,0,0,53.2,13,18.9,3.805,68,0,0,0,11.7,14.8,0,-1,0,17.5,17,0,0,19,18.6
"51,56,66",18.6,0,16.2,3.791,0,5,0,0,0,19.4,0,0,0,0,0,53.1,13,18.8,3.804,68,0,0,0,11.8,14,0,1,0,17.6,17,0,0,20,18.6
"51,56,66",18.6,0,16.2,3.79,0,0,0,0,0,19.2,0,0,0,0,0,53.1,13.1,18.8,3.803,68,0,0,0,11.8,13.4,0,0,0,17.5,17,0,0,21,18.5
"51,56,66",18.7,0,16.1,3.789,0,0,0,0,0,19.1,0,0,0,0,0,53.1,13.1,18.9,3.802,68,0,0,0,11.9,13.4,0,0,0,17.6,17,0,0,24,18.5
"51,56,66",18.9,0,16.1,3.789,0,0,0,0,0,19.3,0,0,0,0,0,53.1,13.2,18.9,3.802,68,0,0,0,11.9,13.4,0,0,0,17.5,17.2,0,0,26,18.6
"51,56,66",19.1,0,16.2,3.788,0,0,0,0,0,19.4,0,0,0,0,0,53.1,13.3,18.9,3.801,67,0,0,0,12,13.4,0,0,0,17.6,17.3,0,0,26,18.9
17,,,,,,,,,,,,,,,,,,,,,,,,,,,,,,,,,,
57,6.8,12.3,18.4,4.1,-0.11,804,-18,-33,-113,6,0.04,-0.42,0.44,-1.4,-0.07,57.7,13.3,3.6,4.148,100,0.75,-0.14,-1.17,10.8,8.5,-29.7,-3094,3.27,5.7,8,0.33,-2,-8,6.6
17,9.7,28.2,15.4,3.703,0,738,-21,-2.4,0.1,10.4,0.47,0,2.69,0,0.02,52.3,11,8.9,3.751,68,0,0.02,0,8.9,7.5,-2.4,173,0,10.3,9.9,0,22,-7,10.2
17,,,,,,,,,,,,,,,,,,,,,,,,,,,,,,,,,,
17,21.2,25.4,21.7,3.733,0.02,788,-7,0,0,20.6,0.02,0,0.03,0,0,53.2,12.1,20.3,3.821,76,0,0,0.05,10.2,19,0,0,0,18.9,17,0,-6,12,20.5
17,21.3,-2.6,27.8,3.645,-0.08,505,-15,8.7,0.1,23.8,0.04,-0.02,0.2,0.01,0.01,51.2,15.6,19.9,3.676,55,0.02,0.01,-0.08,13.6,21.3,4.8,-61,0.23,22.7,22.5,0,-274,-20,23.1
"56,59,66",,,,,,,,,,,,,,,,,,,,,,,,,,,,,,,,,,
"56,59,66",12.9,0,11.9,3.78,0,0,0,0,0,13.2,0,0,0,0,0,53.2,9.9,16.7,3.803,69,0,0,0,8.6,7.9,0,1,0,13,12.7,0,0,-9,13.2
"56,59,66",13,0,11.8,3.779,0,0,0,0,0,13.2,0,0,0,0,0,53.1,9.9,16.7,3.802,69,0,0,0,8.6,7.9,0,1,0,12.9,12.8,0,0,-9,13.2
"53,56,59,66",,,,,,,,,,,,,,,,,,,,,,,,,,,,,,,,,,
"53,56,66",,,,,,,,,,,,,,,,,,,,,,,,,,,,,,,,,,
"56,59,66",,,,,,,,,,,,,,,,,,,,,,,,,,,,,,,,,,
"53,56,59,65,66",13,0,9.5,3.795,0,0,23,0,0,13.2,0,0,0,0,0,53.4,9.5,16.2,3.825,70,0,0,0,8.1,7.9,0,13,0,10.6,10.5,0,2,-9,12.7
17,7.8,28.6,4.7,4.039,-0.04,798,-23,-3.6,5.1,4.6,0.19,-0.01,0.55,0,0.01,56.7,5.6,3.4,4.06,100,-0.02,0.03,-0.03,2.8,6.7,1.7,23,0.84,3.6,4,0,127,-3,6.8
17,,,,,,,,,,,,,,,,,,,,,,,,,,,,,,,,,,
17,,,,,,,,,,,,,,,,,,,,,,,,,,,,,,,,,,
57,16.1,36.4,15.6,4.109,-0.11,2487,209,-46.3,16.3,13.1,0.14,1.88,1.68,-0.45,-0.25,58.3,12.5,9.3,4.19,100,-0.03,-0.1,0.44,9.4,16.7,-36.1,-59,0.57,10.6,14.2,-0.02,-266,5,14.8
92,12.9,0,17.5,3.826,0.01,0,-1,0,-0.1,12.3,0,0,0,0,0,53.8,13.6,10.6,3.845,76,0,0,0.01,10.8,13.4,-0.1,-1,0,10.6,10.8,0,0,8,13.5
17,,,,,,,,,,,,,,,,,,,,,,,,,,,,,,,,,,
24,22.9,4.3,19.8,3.994,-0.09,812,-138,56.1,-31.9,21.5,0.02,0.54,0.31,1.5,-0.34,56.3,23.4,23.9,4.037,100,2.29,-0.46,0.41,20.1,18.9,37.1,4361,0.68,21.5,20.3,1.11,4450,-2,21.1
24,23.4,6.9,20.3,3.976,0.25,800,-121,18.8,0.2,22,0.03,0.41,0.18,1.33,0.08,56.2,23.5,24.4,4.027,100,2.99,-0.4,0.71,20.3,18.9,51,4434,0.3,21.8,20.7,2.28,4477,-1,21.6
24,23.4,6.9,20.8,3.953,0.25,794,-98,33,36.2,22,0.02,0.41,0.2,2.77,0.17,57.7,23.6,24.9,4.025,100,-0.8,0.27,0.71,20.4,18.9,24.8,9,0.3,22.5,20.7,2.51,347,-3,21.6
24,23.5,3.8,21.8,3.963,0.26,798,-82,35.4,-0.1,22.4,0.04,0.25,0.3,1.32,0.41,55.8,23.9,27.2,4.007,100,3.28,-0.55,0.76,20.7,18.9,90.5,-4469,0.27,24.3,20.9,2.69,-4481,0,22.2
58,24.7,3.4,17.6,4.089,0.14,-7,0,0.1,-0.1,25.3,0,0,0,0,0,57.6,24.2,23.1,4.12,100,0,0,0.2,21,15.4,0.2,-11,0.25,21.7,21.7,0,-16,-1,24.5
24,28.9,4.2,25.8,3.951,0.13,806,76,-33.6,-19.8,24.1,0.05,-0.01,0.53,4.05,0.37,55.9,21.2,33.3,4.035,93,2.88,0.33,0,20.4,25.8,43.3,-3054,0,29.9,22.7,3.97,-3748,-7,25.3
41,17.9,0,20.1,3.975,0,3,0,-0.1,-0.1,16,0,-0.01,0,0,0,55.7,13.8,16.2,3.986,93,0,0,0,12.4,12,0,5,0,13.4,15.2,0,0,1,16.5
41,18.9,-0.1,19.2,3.976,0,0,0,0,0,15.8,0,0,0,0,0,55.7,13.8,17.1,3.987,93,0,0,0,12.4,12,0,-2,0,13.4,15.7,0,-1,0,16.5
41,20,86.7,19.8,3.93,0,809,-82,0,-0.1,16,0.47,0,3.41,0,0,55.1,13.8,17.4,3.94,93,0,0,0,12.5,12,0,-1,3.17,13.4,16.5,0,0,0,16.8
"56,66",,0,,3.759,0,0,0,0,0,7.3,0,0,0,0,0,52.8,7.1,9.1,3.781,70,0,0,0,5.9,3.8,0,0,0,,,0,0,2,
"56,66",,0,,3.759,0,0,0,0,0,7.3,0,0,0,0,0,52.8,7.1,9.1,3.781,70,0,0,0,5.9,3.8,0,0,0,,,0,0,2,
"56,66",7.8,0,7.9,3.756,0,9,0,0,0,7.6,0,0,0,0,0,52.8,7.2,9.4,3.777,70,0,0,0,6,5.2,0,0,0,10.6,8.1,0,-1,3,7.9
17,12,6.8,10.9,3.714,-0.17,802,-11,-1.6,0,12.3,0.02,-0.37,0.18,0.01,0.02,52.1,7.4,11.7,3.73,69,0,0.01,0.43,6.1,7.5,3.6,3,0.28,11.9,11.9,0,33,3,12.5
"56,66",7.6,20.2,7.5,3.976,0,0,-1,0,0,7.6,0.02,0,0.04,0,0,56,9.4,5.1,4.012,92,0,0,0,8.6,2,0,7,0,12,7.1,0,5,-9,7.6
"56,66",7.9,0,7.9,3.994,0,0,0,0,0,7.9,0,0,0,0,0,56.1,9.4,6.5,4.013,92,0,0,0,8.7,2.5,0,1,0,13.4,7.4,0,0,-10,7.8
"56,66",10.1,0.4,9,3.963,-0.02,0,-31,0.4,-2.1,10.7,0.02,-0.01,0.24,0.02,0,55.8,9.4,6.3,3.991,92,0,0,-0.04,8.7,3.3,-0.1,-1,0,13.4,10.1,0.03,-3,-26,10.3
"56,66",10.4,0,9.3,3.989,0,3,-1,0,0,11.1,0.05,0,0.03,0,0,56,9.4,6.5,4.009,92,0,0,0,8.7,2.9,0,0,0,13.7,10.3,0,0,-25,10.4
"56,66",10.6,32.1,10.3,3.99,0.01,0,-14,0,-0.1,11.2,0.02,0,0.03,0.02,0.02,55.9,9.4,6.6,4.004,92,0.02,0,-0.04,8.7,3.7,0,-7,0,13.9,10.5,0.02,-15,-25,10.6
"56,66",10.7,182.2,9.3,3.977,0.02,7,-2,-0.1,0,11.4,0.02,-0.01,0.08,0,0,56,9.4,7.7,4.01,92,0,0,0.01,8.8,3.7,0,0,0,14.7,10.6,0,0,-18,10.7
"56,66",10.7,42.3,9.3,3.99,0.02,0,-1,-0.1,0,11.4,0.03,-0.01,0.04,0,0,56,9.4,7.9,4.01,92,0,0,0.01,8.7,3.7,0,0,0,14.8,10.6,0,0,-18,10.7
"56,66",10.8,23.9,10.3,3.99,0,5,-3,0,0,11.7,0.02,0,0.04,0.02,0,55.9,9.4,7.5,4.009,92,0.02,0,0,8.7,3.7,0,24,0,14.4,10.7,0.02,9,-33,10.8
"56,66",11,0,9.3,3.991,0,0,0,0,0,11.8,0,0,0,0,0,56,9.4,7.8,4.01,92,0,0,0,8.8,3.7,0,1,0,14.8,10.8,0,0,-32,11.1
"56,66",8.5,0,8,3.981,0,-5,-40,0,0,8.1,0,0,0,0,0,55.9,10.1,6.5,4.005,92,0,0,0,9.3,3.7,0,-1,0,13.4,7.8,0,0,-32,8.2
"56,66",8.6,25.3,10.3,3.977,0,-3,-6,0,0,8.2,0,0,0,0.02,0.02,55.9,10.1,7.8,4.001,92,0.02,0.02,0,9.3,3.7,0,0,0,13.4,7.9,0.02,-2,-33,8.4
31,26.5,7.7,25.7,4.066,0.05,-5,-3,-0.1,1,23.8,0,1.35,0.01,0,0.01,57,19.1,23.1,4.085,100,0,0,1.08,17.5,24.8,0,0,1.12,29.1,22.6,0,1,2,24.3
31,,,,,,,,,,,,,,,,,,,,,,,,,,,,,,,,,,
31,14.7,4.5,9.5,4.087,2.03,0,0,0,5.6,11.6,0,2.09,0,0,0,57.4,13.3,9.3,4.097,100,0,0,0.51,11.1,10.6,0.8,-1,0.27,16.4,11.3,0,2,2,12.2
31,14.7,30.9,9.5,4.089,2.03,779,-1,0,5.6,11.6,0.02,2.09,0.02,0,0,57.3,13.3,9.3,4.108,100,0,0,0.51,11.1,10.6,0.8,4,0.27,16.4,11.3,0,7,2,12.2
31,16.6,12.5,13.9,4.064,-0.62,0,0,0.3,0,14.3,0,-0.55,0,0,0,57.1,13.5,11.9,4.087,99,0,0,0.99,11.2,13.4,0,-1,0.79,17.5,12.8,0,0,-1,15
31,16.5,3.5,13.9,4.06,0,0,-2,0,-0.1,14.4,0.01,0,0,0,0,57.1,13.6,12,4.087,99,0,0,0,11.3,13.4,0,0,0,18.6,12.7,0,0,0,15.2
31,17.2,0,13.4,4.065,0,39,-2,0,0,14.5,0,0,0.04,0,0,57.1,13.5,12,4.085,99,0,0,0,11.3,14.2,0,1,3.94,18.9,12.8,0,0,0,15.3
31,17.2,0,13.4,4.071,0,7,0,0,0,14.5,0,0,0,0,0,57.1,13.5,12,4.091,99,0,0,0,11.2,14.2,0,0,3.94,18.9,12.8,0,0,0,15.3
31,,,,,,,,,,,,,,,,,,,,,,,,,,,,,,,,,,
31,,,,,,,,,,,,,,,,,,,,,,,,,,,,,,,,,,
31,19.3,0,13.5,4.096,0,0,0,0,0,16.8,0,0,0,0,0,57.5,14.1,13.5,4.115,100,0,0,0,12.3,14.8,0,0,0.31,20.4,15.2,0,0,0,17.2
31,19.3,21.8,13.5,4.099,0,31,0,0,0,16.8,0.02,0,0.02,0,0,57.5,14.1,13.5,4.116,100,0,0,0,12.3,14.8,0,0,0.31,20.4,15.2,0,0,0,17.2
31,19.5,0,13.4,4.097,0,6,0,0,0,16.9,0,0,0,0,0,57.5,14.1,13.4,4.116,100,0,0,0,12.3,14.8,0,-1,3.56,20.4,15.2,0,0,0,17.3
31,21.1,0,18.9,4.126,0,771,0,0,0,21.4,0.02,0,0.03,0,0,57.9,17.7,18.5,4.142,100,0,0,0,16,14.8,0,0,0,25.8,20.6,0,0,5,21.2
31,22.5,3.7,19.9,4.121,0,0,0,0,0,21.5,0,0,0,0,0,57.8,17.8,20.3,4.138,100,0,0,0,0,17.5,0,13,0.23,27.2,20.7,0,0,4,21.3
31,22.6,0,18.9,4.122,0,0,0,0,0,21.6,0,0,0,0,0,57.8,17.7,20.3,4.139,100,0,0,0,0,17.5,0,7,0,27.2,20.8,0,0,5,21.4
31,22.6,3.4,20.3,4.121,0,0,0,0,0,21.8,0,0,0,0,0,57.8,17.8,20.3,4.138,100,0,0,0,16.1,18.9,0,1,0.78,28.2,20.9,0,0,3,21.6
31,24.7,0,18.9,4.113,0,0,0,0,0,22.1,0,0,0,0,0,57.8,17.7,20.3,4.133,100,0,0,0,0,20.3,0,-16,0,27.2,21.3,0,0,3,22.1
31,22.6,0,18.9,4.127,0,0,0,0,0,22.4,0,0,0,0,0,57.9,18,18.5,4.143,100,0,0,0,16.3,17.5,0,0,0,25.8,21.4,0,-10,6,22.6
31,23.5,0,20.3,4.125,0,0,0,0,0,22.3,0,0,0,0,0,57.9,18.1,20.3,4.141,100,0,0,0,16.4,19.4,0,-14,0,27.2,21.3,0,5,5,22.4
31,23.5,0,20.3,4.125,0,0,0,0,0,22.3,0,0,0,0,0,57.9,18.1,20.3,4.141,100,0,0,0,16.4,19,0,-13,0,27.2,21.3,0,0,6,22.4
31,24.5,0,20.3,4.121,0,0,0,0,0,22.6,0,0,0,0,0,57.8,18.1,20.4,4.137,100,0,0,0,16.4,21.7,0,0,0,28.2,21.4,0,3,4,22.7
31,,,,,,,,,,,,,,,,,,,,,,,,,,,,,,,,,,
31,27.6,0,20.3,4.103,0,-3,0,0,0,23.1,0,0,0,0,0,57.6,18.3,21.2,4.12,100,0,0,0,16.5,25.8,0,13,0,28.5,21.7,0,6,11,23.3
31,25,2.5,18.9,4.032,0,1088,-158,0,0,23.1,0.26,0,2.1,0,0,56.6,18.1,18.9,4.058,100,0,0,0,16.5,21.1,0,0,1.11,26.6,21.7,0,0,11,23.5
31,25,2.5,18.9,4.03,0,803,-133,0,0,23.1,0.26,0,2.1,0,0,57.6,18.1,18.9,4.12,100,0,0,0,16.5,21.1,0,0,1.11,26.6,21.7,0,0,11,23.5
31,25,2.5,18.9,4.11,0,0,0,0,0,23,0,0,0,0,0,57.7,18,18.9,4.128,100,0,0,0,0,21.7,0,0,1.11,25.8,21.7,0,-7,11,23.5
58,4.9,0,0,3.986,0,7,-3,0,0,4.2,0,0,0,0,0,56,12.1,1.9,4.003,92,0,0,0,10.6,13.3,0,0,0,7.2,13.7,0,0,32,15.3
58,4.9,0,0.8,3.986,0,0,-3,0,0,4.2,0,0,0,0,0,56,12.1,1.9,4.003,92,0,0,0,10.6,-1.6,0,0,0,7.7,4.5,0,0,32,4.7
58,4.9,0,0.8,3.986,0,-6,-3,0,0,4.2,0,0,0,0,0,56,12.1,1.9,4.003,92,0,0,0,10.6,-1.6,0,0,0,7.7,4.5,0,0,32,4.7
58,5.3,0,1,3.986,0,0,-3,0,0,4.6,0,0,0,0,0,56,12.1,3.6,4.003,92,0,0,0,10.6,-0.4,0,0,0,8.3,4.8,0,-1,32,5
58,,,,,,,,,,,,,,,,,,,,,,,,,,,,,,,,,,
92,20.8,0,14.4,4.007,0,0,0,0,0,20.2,0,0,0,0,0,56.4,14.8,17.5,4.035,91,0,0,0,13.4,14.6,0,0,0.01,23.1,20.4,0,0,1,20.4
17,,,,,,,,,,,,,,,,,,,,,,,,,,,,,,,,,,
23,15.8,0,13.4,4.013,0,0,0,0,-0.1,18.4,0,-0.02,0.02,0,0,56.4,9.1,0,4.035,97,0,0,-0.09,7.2,0,0,0,0,0,15.3,0,0,0,17.2
"39,65",-2.3,20.5,0,3.996,0,740,-1,0,0,-3.2,0.02,0,0.02,0,0,56.2,2.6,-1.8,4.024,95,0,0,0,0.8,-1.8,0,-5,0,-1.8,-1.8,0,0,-3,-2.8
39,,,,,,,,,,,,,,,,,,,,,,,,,,,,,,,,,,
39,-1,14.3,0.3,3.985,0,0,0,0,0,-3.2,0,0,0,0,0,56.1,2.6,-0.8,4.01,95,0,0,0,0.9,0.2,0,0,0.45,-1.8,-1.7,0,-1,-8,-2.6
"39,65",-1,14.3,0.3,3.986,0,1055,0,0,0,-3.2,0.02,0,0.04,0,0,56.1,2.6,-0.8,4.01,95,0,0,0,0.9,0.2,0,1,0.45,-1.8,-1.7,0,0,-8,-2.6
57,11.2,4.6,7.9,4.09,0.49,802,45,1.1,1.8,9.6,0.02,1.28,0.23,-1.4,0.01,58,5.9,14,4.129,100,0,0,0.46,5.4,7.8,6.4,1,0.58,7.9,9.4,0,-120,-1,9.3
92,3.3,0,2.4,3.931,0,3,0,0,0,3.3,0,0,0,0,0,55.3,3,2.4,3.954,94,0,0,0,1.5,0.2,0,-4,0,-0.8,1.4,0,1,90,3.3
41,14.9,0,9.3,4.111,0,0,0,0,0,15.3,0,0,0,0,0,57.8,9.1,10.6,4.134,100,0,0,0,0,9.3,0,-17,0,7.9,12.7,0,-7,0,15.2
"64,65",,,,,,,,,,,,,,,,,,,,,,,,,,,,,,,,,,
"64,65",20.4,0,17.5,4.036,0,-3,0,0,0,19.1,0,0,0,0,0,56.6,13.7,15,4.053,100,0,0,0,12.2,20.3,0,4,0,16.3,17.8,0,0,90,19.3
"64,65",19.9,0,17.5,4.036,0,0,0,0,0,19.1,0,0,0,0,0,56.6,13.7,14.9,4.053,100,0,0,0,12.2,18.9,0,4,0,16.2,17.9,0,0,90,18.9
"64,65",19.7,0,17.5,4.036,0,0,0,0,0,19.1,0,0,0,0,0,56.6,13.8,14.8,4.053,100,0,0,0,12.3,18.9,0,4,0,16.2,18.2,0,0,90,18.7
"64,65",19.8,0,17.5,4.035,0,0,0,0,0,19.4,0,0,0,0,0,56.6,13.9,15.2,4.052,99,0,0,0,12.4,18.9,0,-1,0,16.3,18.6,0,0,90,18.6
"64,65",19.8,0,17.5,4.035,0,-3,0,0,0,19.5,0,0,0,0,0,56.6,14,16.2,4.052,99,0,0,0,12.4,18.9,0,-2,0,17,19,0,-1,90,18.7
"64,65",20,0,17.5,4.035,0,0,0,0,0,19.9,0,0,0,0,0,56.6,14.1,16.1,4.051,99,0,0,0,12.5,18.8,0,4,0,17.5,19.4,0,1,90,19
"64,65",20.4,0,17.5,4.035,0,0,0,0,0,20.2,0,0,0,0,0,56.6,14.3,16.2,4.051,99,0,0,0,12.6,18.8,0,4,0,17.5,19.8,0,0,90,19.4
"64,65",20.7,0,17.5,4.034,0,3,0,0,0,20.6,0,0,0,0,0,56.6,14.4,16.2,4.051,99,0,0,0,12.7,18.8,0,3,0,17.5,20,0,0,90,19.8
"64,65",21.1,0,17.5,4.034,0,0,0,0,0,21.1,0,0,0,0,0,56.6,14.5,16.2,4.05,99,0,0,0,12.8,18.9,0,4,0,17.5,20.4,0,0,90,20.2
"64,65",21.4,0,17.5,4.033,0,3,0,0,0,21.6,0,0,0,0,0,56.6,14.6,16.4,4.05,99,0,0,0,12.8,18.8,0,4,0,17.7,20.7,0,0,90,20.6
"64,65",21.7,0,17.5,4.033,0,0,0,0,0,22.3,0,0,0,0,0,56.6,14.6,16.7,4.05,99,0,0,0,12.9,18.9,0,-2,0,17.8,21.2,0,0,90,21.1
"64,65",22.2,0,17.5,4.033,0,-3,0,0,0,23.1,0,0,0,0,0,56.6,14.7,17.2,4.049,99,0,0,0,12.9,18.9,0,4,0,18.1,21.5,0,0,90,21.6
"64,65",22.7,0,17.5,4.032,0,0,0,0,0,23.8,0,0,0,0,0,56.6,14.8,17.4,4.048,99,0,0,0,13,18.9,0,-1,0,17.9,22,0,0,90,22.2
"64,65",23.3,0,17.5,4.032,0,0,0,0,0,24.5,0,0,0,0,0,56.6,14.8,17.5,4.048,99,0,0,0,13,18.9,0,0,0,18.1,22.4,0,0,90,22.6
"64,65",23.4,0,17.6,4.031,0,0,0,0,0,24.9,0,0,0,0,0,56.6,15,17.5,4.048,99,0,0,0,13.1,18.9,0,0,0,18.8,22.8,0,0,90,22.9
"64,65",23.4,0,17.8,4.031,0,-3,0,0,0,24.9,0,0,0,0,0,56.5,15.1,17.5,4.048,99,0,0,0,13.2,18.9,0,-1,0,18.9,23,0,0,90,22.9
"64,65",23.5,0,18.2,4.031,0,0,0,0,0,24.7,0,0,0,0,0,56.5,15.2,17.5,4.047,99,0,0,0,13.3,18.9,0,5,0,19,23.1,0,0,90,22.9
"64,65",23.4,0,18.7,4.03,0,-3,0,0,0,24.4,0,0,0,0,0,56.5,15.3,17.6,4.047,99,0,0,0,13.4,18.9,0,-2,0,19.1,23.2,0,0,90,22.9
"64,65",23.6,0,18.9,4.03,0,3,0,0,0,24.3,0,0,0,0,0,56.5,15.4,18.3,4.046,99,0,0,0,13.5,18.9,0,4,0,20.1,23.2,0,0,90,23
"64,65",23.8,0,18.9,4.03,0,3,0,0,0,24.2,0,0,0,0,0,56.5,15.6,18.8,4.046,99,0,0,0,13.6,18.9,0,0,0,20.3,23.3,0,0,90,23.1
"64,65",23.8,0,18.9,4.029,0,3,0,0,0,24.2,0,0,0,0,0,56.5,15.7,18.7,4.045,99,0,0,0,13.6,18.9,0,4,0,20.3,23.3,0,0,90,23.1
"64,65",23.8,0,18.9,4.028,0,-3,0,0,0,24.2,0,0,0,0,0,56.5,15.7,18.8,4.045,99,0,0,0,13.7,18.9,0,3,0,20.3,23.2,0,0,90,23.1
"64,65",23.6,0,18.9,4.028,0,-3,0,0,0,24.3,0,0,0,0,0,56.5,15.8,18.8,4.045,99,0,0,0,13.7,18.9,0,-2,0,20.2,23.2,0,0,90,23.1
"64,65",23.6,0,18.8,4.028,0,-3,0,0,0,24.4,0,0,0,0,0,56.5,15.8,18.9,4.044,99,0,0,0,13.7,18.9,0,-2,0,20.2,23.1,0,0,90,23.1
"64,65",23.5,0,18.8,4.027,0,-3,0,0,0,24.4,0,0,0,0,0,56.5,15.9,18.8,4.044,99,0,0,0,13.7,18.9,0,3,0,20.3,23.1,0,0,90,23
"64,65",23.4,0,18.9,4.027,0,0,0,0,0,24.7,0,0,0,0,0,56.5,15.9,18.8,4.043,99,0,0,0,13.8,18.9,0,4,0,20.3,23,0,0,90,23
"64,65",23.4,0,18.9,4.027,0,0,0,0,0,24.8,0,0,0,0,0,56.5,16,18.8,4.043,98,0,0,0,13.8,18.9,0,-3,0,20.2,23,0,0,90,23
"64,65",23.5,0,18.9,4.026,0,0,0,0,0,25.1,0,0,0,0,0,56.5,16,18.8,4.042,98,0,0,0,13.9,18.9,0,-1,0,20.3,23.1,0,0,90,23.1
"64,65",23.3,0,18.9,4.025,0,-3,0,0,0,25.1,0,0,0,0,0,56.5,16.1,18.9,4.042,98,0,0,0,13.9,18.9,0,-3,0,20.3,23.1,0,0,90,23
"64,65",23.4,0,18.9,4.025,0,3,0,0,0,25,0,0,0,0,0,56.5,16.2,18.9,4.041,98,0,0,0,14,18.9,0,-1,0,20.3,23.1,0,0,90,23
"64,65",23.6,0,18.9,4.025,0,3,0,0,0,25,0,0,0,0,0,56.5,16.3,18.9,4.041,98,0,0,0,14.1,18.9,0,3,0,20.6,23.2,0,0,90,23.1
"64,65",23.9,0,18.9,4.024,0,3,0,0,0,25.1,0,0,0,0,0,56.5,16.5,18.9,4.04,98,0,0,0,14.2,18.9,0,4,0,21.6,23.4,0,0,90,23.3
"64,65",24.3,0,18.9,4.024,0,3,0,0,0,25.3,0,0,0,0,0,56.4,16.6,19,4.04,98,0,0,0,14.4,18.9,0,5,0,21.7,23.6,0,0,90,23.6
"64,65",24.7,0,19,4.024,0,0,0,0,0,25.6,0,0,0,0,0,56.4,16.7,19.2,4.04,98,0,0,0,14.5,19.2,0,-2,0,21.8,24.1,0,0,90,24
58,17.7,0,18.9,3.83,0,3,0,0,0,17.2,0,0,0,0,0,53.7,17,18.9,3.84,75,0,0,0,15.3,14.8,0,-1,0,19,17.4,0,0,1,16.1
17,20.8,58.4,0,3.793,-1.2,0,-31,-5.2,-0.1,16.5,0,-0.29,0.21,0,0,53.1,16.5,0,3.808,73,0,0,-0.45,13.8,0,-3.7,-271,0.3,0,15.7,0,0,0,16.5
12,7.6,40.4,6.4,3.774,-0.15,868,-146,0,-8.4,3.7,0.3,-0.02,1.73,0.4,0,54.7,3.9,3.7,3.915,89,0.11,0,-0.04,1.5,6.5,-4.3,-25,1.1,3.8,2.8,0,-1161,-69,3.7
12,7.6,6.2,5.1,3.934,-0.15,468,-1,0,1.7,3.7,0,-0.02,0.02,-0.12,0,55.1,4,3.7,3.947,89,0,0,-0.04,1.5,6.5,-4.3,0,1.1,3.7,2.8,0,2,-14,3.7
12,8.4,4.3,5.1,3.941,0,7,-1,0,-32.7,3.8,0,0,0,0.03,0,55.2,4,3.7,3.953,89,0,0,0,1.5,5.5,0,0,0.3,3.7,2.8,0,0,-14,3.7
92,8.4,4.3,5.1,3.947,0,0,0,0,0,3.8,0,0,0,0,0,55.3,4,3.7,3.96,90,0,0,0,0,5.1,0,10,0.3,3.7,2.8,0,-7,-14,3.7
"12,92",8.2,28.1,12.2,3.842,3.23,820,-104,0,0,5.2,0.26,-4.9,2.25,-0.01,0.36,54.5,4,12.7,3.864,89,0,0.36,3.1,1.5,4.6,0,-2,0.35,9.7,7.7,0,0,13,6
36,8.2,5.6,6.5,3.947,3.23,0,-3,0,18.4,5.2,0,-4.9,0,0.05,0,55.3,3.9,7.9,3.96,89,0,0,3.1,1.4,3.7,0,0,0.35,7.9,5,0,0,41,6.7
92,7.9,0,6.3,3.949,0.01,0,-3,0,-95.6,5.1,0,-0.01,0,0.27,0,55.3,4,6.5,3.962,89,0,0,0.02,1.5,3.7,0,0,0,6.2,4.6,0,2,90,5.6
36,,,,,,,,,,,,,,,,,,,,,,,,,,,,,,,,,,
12,12.4,7.6,5.4,3.831,0.46,1196,-12,0.9,163,6.1,0.04,0.42,0.4,0,0,53.7,5.4,5.1,3.843,81,0,0,-0.58,2.8,12,1.1,6,0.31,5,5.6,0,6,90,6.4
36,12.2,27.3,8.2,3.818,0,760,-45,13,23.1,6.1,0.02,0,0.29,0.01,0.06,53.6,5.4,5.1,3.836,81,0,0.02,0,2.7,10.6,0.1,2,0.43,6.1,6.2,0,5,-10,6.4
36,5.3,164.7,6,3.737,0,1761,-106,0.1,-0.8,3.8,0.11,0,6.9,-0.01,0,53.7,5.4,4.4,3.799,79,0,0.01,0,2.8,3,2,153,0,3.4,5.2,0.01,90,5,4.4
36,7.3,2.6,7.8,3.848,0,24,-3,0,0,4.6,0,0,0.03,0,0,53.9,5.5,5.1,3.861,79,0,0,0,2.9,5.5,0,1,3.42,3.7,4.8,0,0,15,4.6
36,9.3,62.6,7.9,3.77,1.33,1937,-73,-0.6,7.3,5.8,0.14,1.15,3.55,0,0,53.4,5.6,6.1,3.785,78,-0.16,0,-1.55,3.1,9.2,4.7,-137,0.75,5.7,5.5,0,-153,90,5.4
12,4.5,5.5,15.7,3.686,2,802,-111,64.8,88.9,4.6,0.04,-0.01,0.4,-0.01,0.34,53.2,4.6,7.8,3.722,74,3.08,0.33,-0.06,1.9,2.2,64,1322,0.33,12.9,12.5,3.07,1480,-8,3.5
"12,21",9,0,10.5,3.809,0.1,4,-10,0,-0.1,8.4,0,-0.01,0,-0.04,0,53.4,4.8,15.8,3.815,72,-0.02,0.03,-2.03,2.2,0.9,-0.3,-5,0,5.9,10.8,0,197,16,11.7
"12,21",9.4,0,10.6,3.812,0,-2,0,0,0,8.6,0,0,0,0,0,53.4,4.8,16.2,3.823,72,0,0,0,2.2,1,0,0,0,6.3,10.7,0,1,16,11.8
"21,92",10.6,0,9.3,3.812,0,0,0,0,0,8.4,0,0,0,0,0,53.4,4.9,12,3.824,72,0,0,0,2.3,1,0,-1,0,5,10.4,0,-1,16,10.8
"21,92",11.2,-0.1,10.4,3.814,0,-3,0,0,0,8.6,0,0,0,0,0,53.4,4.9,10.6,3.825,72,0,0,0,2.3,1,0,0,0,4.5,10.3,0,0,16,10.6
12,12.4,0,10.4,3.808,0,3,-1,-0.1,-0.1,10.4,0,-0.01,0,-0.71,0,53.3,5,9.3,3.819,72,0,0,0.13,2.3,1,0.1,-1,0,4.4,11.8,0,1,0,11.7
"12,21",12.4,0,10.4,3.809,0,-3,0,-0.1,-0.1,10.4,0,-0.01,0,0,0,53.3,5,9.3,3.82,72,0,0,0.13,2.3,1,0.1,-1,0,4.4,11.8,0,1,1,11.7
"21,92",20.9,7,-39.7,3.773,-0.12,815,-5,0,0.1,20.4,0.02,0,0.22,0,0,52.8,7.4,12,3.784,70,0,0,0.01,4.6,9.3,1.5,7,0,9.3,21.5,0,7,2,20.4
"21,92",20.5,4,9.9,3.771,0,802,-5,0,0,19.9,0.02,0,0.21,0,0,52.8,7.5,12,3.782,70,0,0,0,4.8,9.3,0,0,0.26,10.3,21.4,0,0,4,19.9
"21,92",20.7,0,-40,3.772,0,796,-5,0,0,19.8,0.02,0,0.2,0,0,52.8,7.5,12,3.784,70,0,0,0,4.8,9.3,0,-4,0,10.6,21.3,0,-6,3,19.8
"21,92",20.8,4,-39.6,3.771,0,798,-5,0,0,19.7,0.02,0,0.21,0,0,52.8,7.6,12,3.781,70,0,0,0,4.8,9.3,0,0,0.26,10.3,21.1,0,0,2,19.7
"21,92",20.8,4,14.4,3.771,0,801,-6,0,0,19.7,0.02,0,0.23,0,0,52.8,7.6,12,3.781,70,0,0,0,4.8,9.3,0,-7,0.26,10.5,21.1,0,7,3,19.7
"21,92",22.2,0,14.8,3.767,0,0,0,0,0,19.6,0,0,0,0,0,52.8,7.7,12,3.777,70,0,0,0,4.9,11.9,0,-6,0,10.6,20.7,0,-3,-3,19.5
"21,92",22.2,0,7.1,3.769,0,3,0,0,0,19.6,0,0,0,0,0,52.8,7.7,12,3.779,70,0,0,0,4.9,12,0,-3,0,10.6,20.7,0,7,-4,19.5
"21,92",22.4,0,14.4,3.771,0,0,0,0,0,19.7,0,0,0,0,0,52.8,7.8,12,3.782,70,0,0,0,5,10.6,0,7,0,10.6,20.5,0,3,-3,19.7
"21,92",23.3,4.4,14.6,3.759,0,799,-5,0,0,19.7,0.02,0,0.2,0,0,52.7,7.8,11.9,3.768,69,0,0,0,5,13.4,0,3,0.25,10.6,20.5,0,0,48,19.8
"21,92",23.3,4.4,13.5,3.762,0,813,0,0,0,19.7,0.02,0,0.03,0,0,52.7,7.8,11.6,3.774,69,0,0,0,5,12.3,0,0,0.25,10.6,20.5,0,0,47,19.8
92,,,,,,,,,,,,,,,,,,,,,,,,,,,,,,,,,,
"21,92",23.4,0,13.1,3.762,0,807,0,0,0,19.8,0.02,0,0.02,0,0,52.7,7.9,10.6,3.775,69,0,0,0,5.1,12.3,0,-1,0,10.4,20.4,0,1,48,20.2
"21,92",24,10.8,-40,3.738,0,820,-24,0,0,19.9,0.1,0,0.96,0,0,52.5,8,12,3.762,69,0,0,0,5.1,13.4,0,-3,0.01,10.6,20.3,0,5,-1,20.3
"21,92",24.1,0,-39,3.76,0,0,0,0,0,19.9,0,0,0,0,0,52.7,8.1,11.9,3.77,69,0,0,0,5.1,13.4,0,-5,0,10.6,20.3,0,-7,5,20.4
"21,92",16,0,-40,3.763,0,0,0,0,0,20.2,0,0,0,0,0,52.7,9.7,12,3.774,68,0,0,0,6.8,14.5,0,1,0,10.3,20.2,0,0,2,20.8
92,17.5,0,-40,3.763,0,0,0,0,0,15.6,0,0,0,0,0,52.7,9.8,12,3.774,68,0,0,0,7,9.3,0,1,0,10.8,16,0,0,2,15
"21,32",20.4,0,0,3.743,0,7,0,0,0,18.1,0,0,0,0,0,52.4,13.2,13.4,3.754,68,0,0,0,0,13.4,0,0,0.15,13.4,18.5,0,0,90,17.5
"21,32",20.6,24.8,-26.5,3.743,0,1373,0,0,0,18.1,0,0,0,0,0,52.4,13.2,13.4,3.754,68,0,0,0,0,12,0,0,0.16,13.4,18.5,0,0,90,17.5
32,,,,,,,,,,,,,,,,,,,,,,,,,,,,,,,,,,
12,17.3,3.5,102.2,3.733,0,0,0,0,0,17.3,0,0,0,0.08,0,52.3,14.8,13.4,3.743,62,0,0,0,12.5,10.6,0,-8,0.25,13.4,17.9,0,5,-70,16.3
32,18.1,4,56.2,3.724,-0.83,0,-3,2,-0.1,17.9,0,-0.01,0,0,0,52.2,15.3,15.9,3.735,61,0,0,-0.08,13,12,0,32,0.26,14.8,19,0,16,90,17.2
"21,32",24.1,0,-18.1,3.712,0.28,0,-4,0.4,-0.1,24.2,0,-0.01,0,0,0,52,15.6,22.9,3.723,60,0,0.01,1,13.2,14.8,2.6,-9,0,18.3,23.6,0,-77,-68,25
28,23.8,5.6,124.6,3.713,-0.29,816,0,0.4,0.9,23.1,0.02,-0.04,0.03,0,0,52,15.6,17.5,3.725,59,0,0,-0.04,13.1,14.7,0,3,0.25,16.2,22.5,0,1,78,23.4
32,17.9,0,48.5,3.714,0,0,-1,0,0,17.4,0,0,0,0,0,52,15.7,14.8,3.726,59,0,0,0,13.2,12,0,7,0,14.4,17.9,0,7,-69,16.8
73,18.7,0,-26.7,3.682,-0.03,802,-47,-0.1,31.4,17.9,0.02,-0.01,0.21,-0.02,0.02,51.7,14.3,12,3.692,59,0.34,0.02,-0.04,12.1,10.3,11.3,406,0,12,22.4,0.04,1911,-29,17.2
73,18.7,0,-6.8,3.678,-0.03,816,-45,15.3,35.8,17.9,0.02,-0.01,0.22,0,0,51.7,14.3,12.1,3.691,59,0.69,0,-0.04,12.1,10.6,10,1441,0,12,22.4,0.31,2579,-28,17.2
"56,66",6.1,0,11.9,4.035,0,0,0,0,0,6.7,0,0,0,0,0,56.5,9.5,6.5,4.049,99,0,0,0,6,-0.3,0,0,0,8,4.2,0,0,89,4.1
"56,66",3.8,0,5.4,4.12,0,2,0,0,0,3.7,0,0,0,0,0,57.7,2.4,10.9,4.136,100,0,0,0,0.3,-1.9,0,0,0,5.1,6.2,0,0,87,2.3
"56,66",3.8,0,6.4,4.119,0,0,0,0,0,3.7,0,0,0,0,0,57.7,2.5,3.8,4.135,100,0,0,0,0.4,-1.9,0,0,0,5.1,2.1,0,0,87,2.3
"56,66",4.6,0,7.9,4.12,0,0,0,0,0,4.7,0,0,0,0,0,57.7,3.1,5.1,4.135,100,0,0,0,0.9,-0.9,0,1,0.36,6.3,2.9,0,0,89,3.1
"56,66",12,0,9.4,3.931,0,0,0,0,0,10.8,0,0,0,0,0,55.3,8.9,9.3,3.952,91,0,0,0,6.2,14.8,0,0,0,13.3,10.2,0,0,16,12.5
"56,66",12,0,9.4,3.931,0,0,0,0,0,10.8,0,0,0,0,0,55.3,8.9,9.3,3.952,91,0,0,0,6.2,14.8,0,0,0,13.3,10.2,0,0,16,12.5
"56,66",3.2,0,3.4,3.857,0,3,0,0,0,2.5,0,0,0,0,0,54.2,3.3,3.7,3.879,83,0,0,0,1.9,1.1,0,0,0,8,3.7,0,1,-10,3.6
"56,66",3.3,0,3.6,3.857,0,-7,0,0,0,2.5,0,0,0,0,0,54.2,3.3,3.7,3.879,83,0,0,0,1.9,2.1,0,0,0,9.1,3.8,0,0,-10,3.7
"56,66",8.9,0,5.1,3.839,0,0,-4,0,0,8.2,0,0,0,0,0,53.9,4,6.5,3.859,81,0,0,0,2.6,5.1,0,1,0,10.6,8.6,0,0,-1,9.4
"56,66",14.4,0,7.8,3.807,0,0,0,0,0,13.2,0,0,0,0,0,53.5,4.7,8,3.827,78,0,0,0,3.2,12,0,0,0,13.3,11.9,0,0,0,14.7
"53,56,59,66",12.3,0,16.3,3.664,0,0,0,0,0,12,0,0,0,0,0,51.5,13.4,10.6,3.691,54,0,0,0,0,13.4,0,7,0,11,9.7,0,9,90,12.7
"53,56,66",12.3,0,16.3,3.679,0,0,-3,0,0,12,0,0,0,0,0,51.5,13.5,10.6,3.69,54,0,0,0,9.6,13.4,0,-3,0,11,9.7,0,-2,90,12.7
"56,66",12.3,0,15.6,3.68,0,0,0,0,0,12.1,0,0,0,0,0,51.5,13.5,10.6,3.69,54,0,0,0,9.7,13.4,0,1,0,11.4,9.7,0,1,83,12.7
"53,64",19.7,21.8,20.5,3.57,0,803,-52,0,-0.1,15,0.04,0,0.31,-0.63,-0.03,50.8,14.2,16.2,3.614,48,0,0.01,0,10.4,23.1,28.8,-1907,0,15.5,11.6,0.43,-1610,-4,16.8
53,19.7,-2.8,20.5,3.629,0,992,-5,0,-0.1,15,0.02,0,0.19,0,0,50.8,14.1,16.2,3.641,48,0,0.01,0,10.4,23.1,0,0,0,15.5,11.6,0,0,0,16.8
"53,56,66",10.4,0,16.2,3.655,0,0,-3,0,0,10.6,0,0,0,0,0,51.2,13.2,9.3,3.665,47,0,0,0,9.4,10.6,0,0,0,11,8.4,0,27,90,10.7
"53,56,64,66",10.7,92.2,16.1,3.652,0,0,0,0,0,10.6,0,0,0,0,0,51.2,13.2,9.3,3.662,47,0,0,0,9.6,11.6,0,-1,4.2,12,8.4,0,0,90,10.7
"53,56,66",,,,,,,,,,,,,,,,,,,,,,,,,,,,,,,,,,
"53,56,64,66",11,0,16.2,3.653,0,0,0,0,0,10.6,0,0,0,0,0,51.2,13.2,9.3,3.663,47,0,0,0,9.5,11.8,0,3,0,12,8.4,0,-35,90,10.7
"53,56,66",11,0,16.2,3.653,0,0,0,0,0,10.6,0,0,0,0,0,51.2,13.2,9.3,3.664,47,0,0,0,9.5,11.8,0,-2,0,12,8.4,0,0,90,10.7
"56,66",,,,,,,,,,,,,,,,,,,,,,,,,,,,,,,,,,
"53,56,66",8.1,0,11.8,3.655,0,7,0,0,0,8,0,0,0,0,0,51.2,12.3,6.5,3.666,46,0,0,0,8.6,6.5,0,-9,0,9.3,6.3,0,0,90,8.1
"56,66",8.1,0,10.4,3.654,0,0,0,0,0,8.1,0,0,0,0,0,51.2,12.4,6.5,3.666,46,0,0,0,8.7,6.5,0,0,0,9.3,6.3,0,0,90,8.1
"53,64",8.1,45.8,12,3.609,0,780,-72,0,0,8.1,0.05,0,0.47,0,0,50.9,12.4,6.5,3.657,46,0,0,0,8.7,6.5,0,-6,0,9.3,6.3,0,8,-3,8.1
53,8.4,122.1,12,3.617,0,966,-184,0,0,8.1,0.34,0,2.77,0,0,49.8,12.4,6.6,3.566,46,0,0,0,8.7,7.7,0,-32,4.44,9.5,6.4,0,0,-7,8.2
53,10.1,95.9,12,3.6,0,792,-69,0,0,8.1,0.04,0,0.02,0,0,50.6,12.4,7.3,3.622,46,0,0,0,8.8,10.6,0,0,0.01,9.5,6.4,0,0,-11,8.2
"53,56,66",11,0,9.3,4.096,0,0,0,0,0,10.3,0,0,0,0,0,57.4,13.1,7.4,4.11,100,0,0,0,8.9,9.1,0,0,0,9.8,7.9,0,0,90,10.7
"53,56,66",,,,,,,,,,,,,,,,,,,,,,,,,,,,,,,,,,
"53,56,66",7.6,0,9.3,3.862,0,7,0,0,0,7.8,0,0,0,0,0,54.1,10.7,3.7,3.873,76,0,0,0,6.8,9.3,0,21,0,6.5,5.5,0,0,90,8.1
"53,56,59,66",8.4,0,6.5,4.061,0,7,0,0,0,6.6,0,0,0,0,0,56.9,9.6,3.7,4.075,100,0,0,0,5.6,7.9,0,-6,0,6.5,4.5,0,0,90,7.8
"53,56,66",8.4,0,6.5,4.062,0,0,0,0,0,6.6,0,0,0,0,0,56.9,9.6,3.7,4.074,100,0,0,0,5.6,7.9,0,0,0,6.5,4.5,0,0,90,7.8
53,13.3,24.8,9.3,4.009,0,1427,0,0,0,10.3,0.02,0,0.03,0,0,56.2,10.4,7.9,4.021,98,0,0,0,6.3,16.2,0,5,0,9.3,6.8,0,0,18,12.4
53,28.4,179.2,13.3,3.841,0.12,956,-31,-1.1,-3.8,16.1,0.03,0.78,0.32,0,0.01,54.1,11.5,13.4,3.882,86,0,0,0.93,7.5,38.5,3.5,-12,2.15,12.3,10.8,0,0,-5,20.2
"53,56,66",14.1,0,12.1,3.899,0,0,0,0,0,12.2,0,0,0,0,0,54.6,11.4,7.9,3.911,83,0,0,0,7.3,21.7,0,6,0,9.3,8.9,0,5,90,14.1
"53,56,59,66",13.5,4.3,10.6,4.026,0,0,0,0,0,10.4,0,0,0,0,0,56.4,10.9,14.8,4.039,99,0,0,0,6.9,14.8,0,-9,0,11,7.3,0,-6,0,12.7
"53,56,66",13.5,4.3,10.6,4.027,0,-3,0,0,0,10.4,0,0,0,0,0,56.4,10.9,14.8,4.039,99,0,0,0,6.9,13.8,0,1,0,11,7.3,0,-1,0,12.7
"56,66",,,,,,,,,,,,,,,,,,,,,,,,,,,,,,,,,,
"53,56,66",,,,,,,,,,,,,,,,,,,,,,,,,,,,,,,,,,
"56,66",,,,,,,,,,,,,,,,,,,,,,,,,,,,,,,,,,
"53,56,66",16.3,0,12.3,3.906,0,-7,0,0,0,6,0,0,0,0,0,54.7,10.9,6.4,3.918,82,0,0,0,6.7,6.5,0,0,0,14.8,6.9,0,-1,90,12.7
"53,56,66",16.3,0,12.3,3.906,0,0,0,0,0,6,0,0,0,0,0,54.7,11,6.4,3.918,82,0,0,0,6.7,6.5,0,0,0,14.8,6.9,0,-1,90,12.7
"53,56,66",13.7,0,9.4,3.911,0,-3,0,0,0,9.7,0,0,0,0,0,54.8,10.4,9.3,3.923,83,0,0,0,6.2,7.5,0,0,0,10.7,6.4,0,1,90,10.6
"53,56,59,66",9.4,0,20.3,3.745,0,3,0,0,0,9.6,0,0,0,0,0,52.5,11.8,13.4,3.755,76,0,0,0,7.6,10.6,0,0,0,13.8,6.6,0,0,90,10.2
"56,59,66",9.4,0,20.3,3.744,0,0,0,0,0,9.6,0,0,0,0,0,52.5,11.8,13.4,3.755,64,0,0,0,7.6,10.6,0,0,0,14.8,6.6,0,0,90,10.2
"53,56,59,66",9.4,0,20.3,3.743,0,0,0,0,0,9.6,0,0,0,0,0,52.4,11.8,13.4,3.754,64,0,0,0,7.6,10.6,0,0,0,14.8,6.6,0,0,90,10.2
"53,56,66",9.4,0,19.2,3.744,0,0,0,0,0,9.6,0,0,0,0,0,52.5,11.8,13.4,3.755,64,0,0,0,7.6,10.6,0,0,0,14.8,6.6,0,0,90,10.2
"56,59,66",9.6,0,20.3,3.741,0,0,0,0,0,9.6,0,0,0,0,0,52.4,11.9,13.4,3.753,64,0,0,0,7.7,11.9,0,2,0.11,14.7,6.6,0,0,90,10
"56,59,66",9.6,0,20.3,3.743,0,0,0,0,0,9.6,0,0,0,0,0,52.4,11.9,13.4,3.753,76,0,0,0,7.7,12,0,-8,0.11,14.8,6.6,0,0,90,10
"53,56,66",9.6,0,20.3,3.742,0,0,0,0,0,9.6,0,0,0,0,0,52.4,11.9,13.4,3.752,64,0,0,0,7.7,12,0,0,0.11,14.8,6.6,0,0,90,10
"56,59,64,66",9.9,0,20.7,3.742,0,0,0,0,0,9.6,0,0,0,0,0,52.4,11.8,13.4,3.754,64,0,0,0,7.7,12,0,-13,0,14.8,6.6,0,-5,90,10
"53,56,66",9.9,0,20.7,3.742,0,0,0,0,0,9.6,0,0,0,0,0,52.4,11.9,13.4,3.754,64,0,0,0,7.7,12,0,1,0,14.8,6.6,0,0,90,10
"56,66",,,,,,,,,,,,,,,,,,,,,,,,,,,,,,,,,,
"56,59,64,66",9.9,-0.4,20.3,3.74,0,0,0,0,0,9.6,0,0,0,0,0,52.4,11.9,13.4,3.752,64,0,0,0,7.7,12,0,0,0,14.8,6.6,0,0,90,10
"53,56,66",10,0,20.3,3.741,0,0,0,0,0,9.4,0,0,0,0,0,52.4,11.9,13.4,3.752,64,0,0,0,7.7,12,0,-7,0,14.8,6.6,0,-4,90,9.9
53,,,,,,,,,,,,,,,,,,,,,,,,,,,,,,,,,,
"56,59,66",14.3,0,16.2,3.657,0,0,0,0,0,10.2,0,0,0,0,0,51.2,11.4,10.6,3.668,51,0,0,0,0,17.5,0,10,0,12,7.1,0,6,4,10.9
"53,56,66",,,,,,,,,,,,,,,,,,,,,,,,,,,,,,,,,,
"56,59,66",14.3,0,16.2,3.659,0,-3,0,0,0,10.2,0,0,0,0,0,51.2,11.4,10.6,3.67,64,0,0,0,0,17.5,0,13,0,12,7.1,0,-6,4,10.9
"53,56,59,66",14.3,0,16.2,3.659,0,3,0,0,0,10.2,0,0,0,0,0,51.3,11.5,10.6,3.67,51,0,0,0,7.6,17.5,0,-2,0,12,7.1,0,0,4,10.9
"56,59,66",14,0,16.2,3.66,0,0,0,0,0,10.2,0,0,0,0,0,51.3,11.4,10.6,3.67,64,0,0,0,0,16.2,0,13,0,12,7.1,0,7,4,11
"53,56,66",,,,,,,,,,,,,,,,,,,,,,,,,,,,,,,,,,
59,13.7,0,16.2,3.662,0,0,0,0,0,10.2,0,0,0,0,0,51.3,11.4,8.1,3.671,64,0,0,0,0,16.2,0,13,0,12,7.1,0,0,4,11
"56,59,66",,,,,,,,,,,,,,,,,,,,,,,,,,,,,,,,,,
"53,56,59,66",13.6,0,16.2,3.662,0,0,0,0,0,10.1,0,0,0,0,0,51.3,11.4,9.3,3.672,51,0,0,0,7.5,16.2,0,-1,0,11.8,7.1,0,0,4,11
"53,56,66",,,,,,,,,,,,,,,,,,,,,,,,,,,,,,,,,,
"56,59,66",13.6,0,16.2,3.663,0,0,0,0,0,10.1,0,0,0,0,0,51.3,11.4,7.9,3.674,51,0,0,0,7.5,16.2,0,9,0,11,7.1,0,-7,4,11
"53,56,66",13.6,0,16.2,3.664,0,0,0,0,0,10.1,0,0,0,0,0,51.3,11.4,9.3,3.675,51,0,0,0,7.5,16.2,0,-9,0,11,7.1,0,0,4,11
"56,59,66",13.4,0,16.2,3.666,0,0,0,0,0,10.2,0,0,0,0,0,51.3,11.3,7.8,3.677,64,0,0,0,0,14.8,0,-3,0,11,7.1,0,7,4,11
"56,66",,,,,,,,,,,,,,,,,,,,,,,,,,,,,,,,,,
"53,56,66",,,,,,,,,,,,,,,,,,,,,,,,,,,,,,,,,,
"53,56,59,66",13.2,0,16.2,3.666,0,0,0,0,0,10.2,0,0,0,0,0,51.4,11.4,0,3.677,51,0,0,0,7.5,15.1,0,0,0,11,7.1,0,0,4,11
"56,59,66",12.8,0,7.9,4.088,0,0,0,0,0,10.8,0,0,0,0,0,57.3,11.6,9.3,4.103,100,0,0,0,0,9.4,0,8,0,11,7.9,0,0,9,11.2
"53,56,66",12.8,0,7.9,4.09,0,0,0,0,0,10.8,0,0,0,0,0,57.3,11.8,9.3,4.104,100,0,0,0,8,9.4,0,1,0,11,7.9,0,0,9,11.2
"53,66",,,,,,,,,,,,,,,,,,,,,,,,,,,,,,,,,,
"53,56,59,66",20.4,0,13.4,3.993,0,0,-1,0,0,17.3,0,0,0,0,0,56,13.4,13.4,4.006,94,0,0,0,10.9,14.8,0,0,0,14.8,14.5,0,0,3,17.8
"53,56,66",,,,,,,,,,,,,,,,,,,,,,,,,,,,,,,,,,
"53,56,66",19.4,0,13.4,3.993,0,3,0,0,0,17.2,0,0,0,0,0,56,13.4,13.4,4.006,94,0,0,0,11,14.8,0,0,0,14.9,14.5,0,-1,3,17.8
"53,54,59,62",23.7,0,17.5,3.903,0,0,0,0,0,18.7,0,0,0,0,0,54.7,14.2,17.5,3.916,83,0,0,0,11.7,17.5,0,3,0,19,16.9,0,3,-5,19.9
"54,59",,,,,,,,,,,,,,,,,,,,,,,,,,,,,,,,,,
"56,64,66",23.6,0,21.7,3.886,0,-3,0,0,0,22.6,0,0,0,0,0,54.5,14.7,18.9,3.9,81,0,0,0,12,16.2,0,7,0,20.7,21.3,0,22,-5,23.6
"56,64,66",23.5,0,21.7,3.884,0,0,-3,0,0,22.5,0,0,0,0,0,54.5,14.8,18.9,3.899,81,0,0,0,12,16.2,0,-2,0,20.9,21.2,0,120,-5,23.6
"56,64,66",23.5,0,21.7,3.881,0,-3,0,0,0,22.5,0,0,0,0,0,54.4,14.8,18.9,3.894,80,0,0,0,12.1,16.1,0,0,0,20.6,20.9,0,14,-5,23.6
"56,64,65,66",23.4,0,21.7,3.883,0,3,0,0,0,22.5,0,0,0,0,0,54.4,14.9,21.7,3.896,80,0,0,0,12.1,16.2,0,5,0,21.5,20.8,0,6,-5,25.1
"56,64,65,66",23.4,0,21.7,3.88,0,-3,-4,0,0,22.5,0,0,0,0,0,54.4,14.8,21.7,3.895,80,0,0,0,12.1,16.2,0,112,0,20.9,20.8,0,0,-5,24.8
"56,64,65,66",23.3,0,21.6,3.878,0,3,0,0,0,22.5,0,0,0,0,0,54.4,14.9,21.7,3.892,80,0,0,0,12.1,16.2,0,0,0,20.9,20.7,0,-3,-5,24.3
"53,56,59,65,66",,,,,,,,,,,,,,,,,,,,,,,,,,,,,,,,,,
"53,56,58,59,65,66",,,,,,,,,,,,,,,,,,,,,,,,,,,,,,,,,,
"53,56,59,65,66",14.9,0,13.4,3.868,0,-6,0,0,0,14.6,0,0,0,0,0,54.2,13.9,16.2,3.88,78,0,0,0,11.5,11.8,0,0,0,15.5,12.7,0,0,10,20.6
"53,56,65,66",15,0,13.4,3.868,0,7,0,0,0,14.7,0,0,0,0,0,54.2,14,17.5,3.881,78,0,0,0,11.5,12,0,-10,0,16.2,12.8,0,0,11,14.5
"53,56,66",15,0,13.4,3.868,0,0,0,0,0,14.7,0,0,0,0,0,54.2,14,17.5,3.88,78,0,0,0,11.5,12,0,13,0,16.2,12.8,0,0,10,14.5
"56,66",19,0,22,3.745,0,0,0,0,0,18.2,0,0,0,0,0,52.5,15,17.5,3.756,77,0,0,0,0,16.2,0,-6,0,20.3,16.2,0,7,2,17
"53,54,59,62",22.4,0,16.4,3.698,0,0,0,0,-0.1,19.1,0,-0.01,0,0,0,51.9,14.7,17.5,3.711,55,0,0,0,12.2,13.5,0,9,0,17.6,18.1,0,3,-69,17.8
"54,62",,,,,,,,,,,,,,,,,,,,,,,,,,,,,,,,,,
"53,64",25.3,0,14,3.671,0,0,0,0,0,16.4,0,0,0,0,0,51.5,14.8,16.2,3.685,52,0,0,0,12.2,23.1,0,0,0,16.7,14.7,0,0,90,16.5
53,,,,,,,,,,,,,,,,,,,,,,,,,,,,,,,,,,
53,25.7,0,14,3.67,0,0,0,0,0,16.5,0,0,0,0,0,51.5,14.8,16.2,3.682,52,0,0,0,12.2,23.1,0,0,-0.01,16.7,14.7,0,0,90,16.6
53,25.6,0,14.3,3.676,0,-7,0,0,0,16.9,0,0,0,0,0,51.5,14.8,16.2,3.688,52,0,0,0,12.2,21.7,0,5,0,16.8,15,0,0,90,17.3
"56,64",26.6,0,14.6,3.665,0,2,0,0,0,18.5,0,0,0,0,0,51.4,14.9,16.2,3.678,49,0,0,0,12.2,24.4,0,1,0,16.2,16.5,0,0,-3,19
"56,64",26.5,0,14.7,3.665,0,0,0,0,0,18.6,0,0,0,0,0,51.4,14.9,16.2,3.677,49,0,0,0,12.2,24.4,0,0,0,16.5,16.6,0,-1,-3,19.1
41,20.7,0,14.8,3.668,0,0,0,0,0,19.1,0,0,0,0,0,51.4,15,14.8,3.679,52,0,0,0,0,16.2,0,0,0,16.2,17.5,0,0,-3,18.1
"41,64",,,,,,,,,,,,,,,,,,,,,,,,,,,,,,,,,,
41,21.3,0,14.8,3.665,0,0,0,0,0,19.2,0,-0.01,0,0,0,51.4,15.3,16.2,3.678,48,0,0,0,12.5,16.2,0,5,0,16.2,17.9,0,0,-3,18.1
"41,64",,,,,,,,,,,,,,,,,,,,,,,,,,,,,,,,,,
41,21.4,0,14.8,3.667,0,0,0,0,0,19.3,0,0,0,0,0,51.4,15.2,16.2,3.679,51,0,0,0,0,16.2,0,-3,0,17.5,17.9,0,-7,-3,18.1
"56,64,66",22.3,0,21.7,3.633,0,0,0,0,0,21.8,0,0,0,0,0,51,17.9,20,3.646,44,0,0,0,15.3,18.9,0,-9,0,20.7,21.3,0,19,-10,22.3
"56,64,66",22.5,0,21.7,3.632,0,0,-4,0,0,22,0,0,0,0,0,50.9,17.9,20,3.644,44,0,0,0,15.3,18.9,0,-10,0,21,21.3,0,108,-10,22.3
"56,64,66",22.9,0,22,3.632,0,0,0,0,0,22.3,0,0,0,0,0,50.9,17.9,20,3.644,44,0,0,0,15.3,18.9,0,-3,0,21.7,21.2,0,19,-9,22.3
"56,65,66",22.9,0,21.7,3.633,0,0,0,0,0,22.3,0,0,0,0,0,50.9,17.9,21.7,3.644,45,0,0,0,0,18.9,0,5,0,21.7,21.2,0,0,-10,24.3
"56,65,66",23,0,22.1,3.622,0,0,-16,0,0,22.3,0,0,0,0,0,50.8,17.9,21.8,3.636,44,0,0,0,15.3,18.9,0,66,0,21.6,21.2,0,-6,-9,24.1
17,,,,,,,,,,,,,,,,,,,,,,,,,,,,,,,,,,
17,13.5,42.4,14.9,3.735,-0.07,427,-48,26.3,-4,14.2,0.08,-0.01,0.91,-0.66,0.07,53.6,4,14.2,3.846,81,0.95,0.1,1.04,2.4,9.3,42.7,36,0.29,9.3,9.2,-0.21,1026,-6,15.7
17,,,,,,,,,,,,,,,,,,,,,,,,,,,,,,,,,,
17,12.3,40.7,10.2,3.778,0.19,1445,-32,-7.3,-7.6,9.9,0.16,-1.88,0.25,-0.11,0,53.9,5.2,8.2,3.913,89,0.25,0.05,-0.3,3.8,9.7,-5.3,-3,1.89,6.8,5.9,0,-3,8,10.3
17,4.8,32.7,3.2,3.677,-0.02,660,-74,13.7,8.4,2,0.2,-0.01,1.99,0.91,0.05,51.8,2,4.1,3.717,79,-1.13,0,0.16,0.9,8,3.9,-2917,0.36,7,1.6,1,-1252,27,1.1
17,,,,,,,,,,,,,,,,,,,,,,,,,,,,,,,,,,
92,5.1,0,1,4.054,0,0,-3,0,-0.1,5.1,0,-0.01,0,0,0,57,1.8,-0.3,4.078,100,0,0,-0.04,-0.3,1,0,0,0,1,4.1,0,0,90,3.6
92,14.4,6.4,6.9,3.945,-2.27,804,-29,10.1,13.9,8.6,0.03,3.83,0.29,0,0.05,55.9,7.1,14.8,4.001,100,0,0,-0.64,4.2,14.8,1.8,0,0.36,6.6,10.4,0,0,40,6.7
92,,,,,,,,,,,,,,,,,,,,,,,,,,,,,,,,,,
"56,64,65,66",20.8,0,9.6,4.126,0,3,0,0,0,13.6,0,0,0,0,0,57.8,14.9,14.1,4.14,100,0,0,0,12.6,17.5,0,-3,0,16.3,11.8,0,-3,37,20.6
55,14,0,10.6,4.13,0,0,5,0,0,13.6,0,0,0,0,0,57.9,13.8,14.8,4.147,100,0,0,0,12.5,10.6,0,5,0,17.5,11.8,0,0,38,20.6
17,9.1,4.8,10.9,3.88,-2.89,797,-26,43.2,0,10.2,0.03,-0.02,0.27,0,0.08,54.4,3.7,3.7,3.905,88,0,0,-0.03,1.7,3.7,0,325,0.33,23.4,6,0.06,1,-2,7.6
17,,,,,,,,,,,,,,,,,,,,,,,,,,,,,,,,,,
17,24,0,15,3.721,0.75,424,-12,0,0,14.8,0.01,-0.05,0.12,0,0.01,52.3,9.3,10.6,3.736,70,0,0,0.66,7.5,24.4,0,-96,0.14,16,13.7,0,-77,-2,17.4
23,,,,,,,,,,,,,,,,,,,,,,,,,,,,,,,,,,
17,,,,,,,,,,,,,,,,,,,,,,,,,,,,,,,,,,
39,0.9,10.4,2.4,3.71,0,786,0,0,0,22.2,0.01,0,0.02,0,0,52.1,-1.2,2.4,3.726,58,0,0,0,-2.2,-0.6,0,-2,0,0.9,-1.7,0,-1,7,-0.3
39,1.5,0,2.4,3.707,0,684,0,0,0,-0.5,0.02,0,0.02,0,0,52,-1.2,2.4,3.725,58,0,0,0,-2.2,-0.4,0,7,0,1,-1.7,0,1,16,-0.2
39,1.9,4.7,2.4,3.707,0,684,0,0,0,-0.5,0.02,0,0.03,0,0,52,-1.2,2.4,3.725,58,0,0,0,-2.2,0.4,0,0,0,1,-1.7,0,0,16,-0.2
39,1.7,0,2.4,3.707,0,805,-3,0,0,-0.4,0.02,0,0.02,0,0,52,-1.2,2.4,3.725,58,0,0,0,-2.3,-0.4,0,1,0,1,-1.7,0,-1,16,-0.1
39,1.8,0,2.4,3.71,0,17,0,0,0,-0.2,0.02,0,0.03,0,0,52,-1.2,2.4,3.725,58,0,0,0,-2.2,-0.4,0,-1,0,1,-1.7,0,0,15,0
39,1.7,0,2.4,3.71,0,797,0,0,0,-0.2,0.02,0,0.02,0,0,52.1,-1.2,2.4,3.727,58,0,0,0,-2.2,-0.4,0,1,0,1.1,-1.7,0,0,16,0.2
39,1.7,0,2.4,3.71,0,802,0,0,0,-0.2,0.02,0,0.02,0,0,52.1,-1.2,2.4,3.727,58,0,0,0,-2.3,-0.4,0,5,0,1.1,-1.7,0,0,15,0.2
39,1.8,0,2,3.704,0,7,-1,0,0,-0.2,0,0,0,0,0,52,-1.2,1.4,3.727,58,0,0,0,-2.3,-0.6,0,-1,0.01,1.1,-1.5,0,0,15,0.3
39,2.5,0,3.5,3.707,0,3,0,0,0,0.1,0,0,0,0,0,52,-1.1,2.3,3.724,57,0,0,0,-2.2,1,0,0,0,1.6,-1.5,0,1,35,0.5
39,2.3,0,2.4,3.707,0,659,0,0,0,0.2,0.02,0,0.02,0,0,52,-1.1,2.4,3.722,57,0,0,0,-2.2,1,0,0,0,1,-1.3,0,0,34,0.7
39,2.9,0,3.4,3.692,0,787,0,0,0,0.4,0.02,0,0.04,0,0,51.8,-1,2.4,3.713,57,0,0,0,-2.1,2.7,0,0,4.02,1,-1.3,0,-4,90,0.9
39,3.4,0,3.7,3.698,0,0,0,0,0,0.4,0,0,0,0,0,51.9,-1,2.4,3.715,57,0,0,0,-2.1,2.4,0,1,0,1.1,-1.2,0,0,90,0.9
39,3.4,0,3.7,3.69,0,0,0,0,0,0.4,0,0,0,0,0,51.8,-1.1,1,3.709,57,0,0,0,-2.2,2.4,0,0,0,0.9,-1.2,0,0,90,0.9
"39,65",-5.8,23,-6.1,3.974,0,1063,-1,0,0,-6.3,0.02,0,0.03,0,0,55.8,-2.2,-8.7,4,100,0,0,0,-5.3,-9.2,0,8,0,-7.5,-7.3,0,9,6,-6.7
39,,,,,,,,,,,,,,,,,,,,,,,,,,,,,,,,,,
"39,65",-4.9,6.5,0,3.976,0,800,-2,0,0,-6.3,0.02,0,0.02,0,0,55.7,-2.1,-7.3,3.996,100,0,0,0,-5.3,-8.7,0,0,0.39,-7.3,-7.1,0,0,-5,-6.6
"39,65",-3.4,5.8,-6,3.968,0,803,-2,0,0,-6,0.16,0,0.22,0,0,55.7,-2.1,-7.3,3.986,100,0,0,0,-5.3,-6,0,0,1.36,-6,-6.9,0,1,-5,-6.3
39,,,,,,,,,,,,,,,,,,,,,,,,,,,,,,,,,,
39,-3.2,0,-5.9,3.965,0,36,0,0,0,-5.8,0.02,0,0.05,0,0,55.7,-2.1,-7.3,3.988,100,0,0,0,-5.3,-6,0,0,0,-6,-6.9,0,0,-5,-6
"39,65",-3.2,0,-5.9,3.963,0,802,-3,0,0,-5.8,0.02,0,0.28,0,0,55.6,-2.1,-7.3,3.984,100,0,0,0,-5.3,-6,0,0,0,-6,-6.9,0,0,-6,-6
39,-2.9,3.6,-6,3.964,0,800,0,0,0,-5.8,0.02,0,0.03,0,0,55.7,-2.2,-7.3,3.984,100,0,0,0,-5.3,-5.9,0,1,3.49,-6,-6.9,0,0,-5,-5.8
"39,65",-2.9,3.6,-6,3.96,0,796,-7,0,0,-5.8,0.02,0,0.28,0,0,55.6,-2.1,-7.3,3.977,100,0,0,0,-5.3,-5.9,0,1,3.49,-6,-6.9,0,0,-6,-5.8
39,-1.9,0,0,3.96,0,797,0,0,0,-5.6,0.02,0,0.02,0,0,55.6,-2.2,-7.3,3.985,100,0,0,0,-5.3,-4.5,0,0,0,-6.2,-6.7,0,0,-17,-5.6
39,-1.5,98.5,-5.9,3.819,0,791,-51,0,0,-5.6,0.15,0,1.19,0,0,54.9,-2.1,-7.3,3.964,100,0,0,0,-5.3,-3.5,0,30,2.19,-5.9,-6.7,0,28,5,-5.4
39,-1.3,0,-6.7,3.961,0,0,0,0,0,-5.4,0,0,0,0,0,55.6,-2.2,-7.3,3.981,100,0,0,0,-5.3,-3.3,0,0,0,-6,-6.7,0,0,4,-5.4
39,-1.3,0,-6,3.962,0,-3,0,0,0,-5.2,0,0,0,0,0,55.6,-2.1,-7.3,3.981,100,0,0,0,-5.3,-3.2,0,-1,0,-5.9,-6.5,0,1,8,-5
39,-1.1,0,-5.9,3.959,0,19,0,0,0,-5.2,0,0,0.04,0,0,55.6,-2.1,-7.3,3.979,100,0,0,0,-5.3,-3.2,0,-1,0,-5.9,-6.5,0,0,7,-5
39,-1.1,0,-6,3.957,0,803,0,0,0,-5.2,0.02,0,0.03,0,0,55.6,-2.1,-7.3,3.979,100,0,0,0,-5.3,-3.2,0,-1,0,-5.9,-6.5,0,0,7,-4.8
39,-1.3,0,-6,3.962,0,0,0,0,0,-5,0,0,0,0,0,55.6,-2.1,-7.3,3.982,100,0,0,0,-5.3,-3.2,0,0,0,-5.9,-6.5,0,0,6,-4.7
39,-1.5,0,-6,3.957,0,284,0,0,0,-5,0.02,0,0.02,0,0,55.6,-2.1,-7.3,3.981,100,0,0,0,-5.3,-3.3,0,-1,0,-5.9,-6.3,0,0,7,-4.5
39,-1,0,-7.3,3.958,0,0,0,0,0,-4.7,0,0,0,0,0,55.6,-2.2,-7.3,3.98,100,0,0,0,-5.4,-3.3,0,0,0,-6.3,-6.2,0,0,6,-4.5
39,-1.5,0,-6.8,3.961,0,7,0,0,0,-4.7,0,0,0,0,0,55.6,-2.1,-7.3,3.981,100,0,0,0,-5.3,-3.5,0,0,0,-6,-6,0,0,6,-4.3
39,-0.6,0,-6.2,3.948,0,373,0,0,0,-4.5,0.02,0,0.03,0,0,55.5,-2.1,-7.3,3.971,100,0,0,0,-5.3,-1.8,0,-6,0,-6.3,-6,0,0,6,-4.1
58,,,,,,,,,,,,,,,,,,,,,,,,,,,,,,,,,,
"56,66",20.4,0,14.5,4.119,0,0,0,0,0,21.1,0,0,0,0,0,57.8,19,17.5,4.137,100,0,0,0,16.8,13.1,0,0,0,18.9,20.3,0,1,90,20.4
"52,53,56,59,65,66",19.5,0,18.5,4.118,0,0,0,0,0,20.9,0,0,0,0,0,57.8,19.2,17.5,4.136,100,0,0,0,16.9,13.4,0,-3,0,18.9,19.7,0,-1,29,20.5
"52,53,56,65,66",19.5,0,18.9,4.118,0,0,0,0,0,21.3,0,0,0,0,0,57.8,19.2,17.5,4.135,100,0,0,0,16.9,14.8,0,3,0,19.3,19.8,0,0,30,19.4
"52,53,56,65,66",19.7,0,18.9,4.118,0,0,0,0,0,21.3,0,0,0,0,0,57.8,19.2,17.5,4.135,100,0,0,0,16.9,14.8,0,-7,0,19.4,19.9,0,3,30,19.5
"52,53,56,65,66",19.9,0,18.9,4.117,0,3,0,0,0,21.4,0,0,0,0,0,57.8,19.2,17.5,4.135,100,0,0,0,16.9,14.8,0,0,0,20.3,20.2,0,-7,29,19.9
17,,,,,,,,,,,,,,,,,,,,,,,,,,,,,,,,,,
"51,56",12.3,35.2,17.3,3.776,-0.06,528,-19,9.3,-22.3,11.7,0.55,0,5.32,1.76,0.07,54.3,10.9,12.1,3.882,83,1.89,0.22,-0.03,8.7,6.5,-14.1,-3604,2.1,10.6,10.8,1.94,-3465,2,11.1
"56,64,65,66",-1.5,0,-6.3,4.09,0,-7,0,0,0,-1.5,0,0,0,0,0,57.4,0.9,-1.8,4.114,100,0,0,0,-1,-10,0,5,0,-4.5,-3.2,0,0,89,-2.8
"39,56,64,65,66",-1.3,0,-6.1,4.092,0,0,0,0,0,-1.3,0,0,0,0,0,57.4,0.9,-1.8,4.114,100,0,0,0,-0.9,-10,0,0,0,-4.5,-3.2,0,0,89,-2.8
"39,56,64,65,66",-1.3,0,-5.9,4.092,0,0,0,0,0,-1.3,0,0,0,0,0,57.4,0.9,-1.7,4.114,100,0,0,0,-0.9,-9.5,0,0,0,-4.5,-3.1,0,0,89,-2.6
"39,56,64,65,66",,,,,,,,,,,,,,,,,,,,,,,,,,,,,,,,,,
"56,64",-1.3,0,-5.9,4.092,0,0,0,0,0,-1.3,0,0,0,0,0,57.5,0.9,-0.7,4.114,100,0,0,0,-0.9,-8.7,0,0,0,-3.4,-3,0,-1,87,-2.6
"39,56,64,65,66",-1,0,-6.3,4.09,0,-7,0,0,0,-1,0,0,0,0,0,57.4,0.4,-1.8,4.114,100,0,0,0,-1.3,-10,0,0,0,-4.5,-2.8,0,0,86,-2.3
"64,65",-1,19.2,-6.1,4.077,0,777,-10,0,0,-0.9,0.09,0,0.78,0,0,57.3,0.8,-1.8,4.101,100,0,0,0,-0.3,-10,0,1,1,-4.5,-2.8,0,0,57,0.6
"64,65",2.4,2.9,-6.1,4.05,0,792,-15,0,0,2.1,0.07,0,0.69,0,0,57.1,0.8,-1.8,4.091,100,0,0,0,-0.3,-4.8,0,-16,1,-4.5,0.5,0,-6,-4,0.6
"64,65",5.6,0,-3.4,4.081,0,0,0,0,0,2.7,0,0,0,0,0,57.3,0.9,2.4,4.102,100,0,0,0,-0.1,-3.2,0,0,0,-0.4,0.9,0,0,-57,1.4
17,,,,,,,,,,,,,,,,,,,,,,,,,,,,,,,,,,
17,,,,,,,,,,,,,,,,,,,,,,,,,,,,,,,,,,
17,,,,,,,,,,,,,,,,,,,,,,,,,,,,,,,,,,
92,1.9,0,5.1,4.006,0,0,0,0,0,1.7,0,0,0,0,0,56.3,3.1,2.3,4.027,94,0,0,0,-0.6,6.5,0,0,0,2.4,-0.4,0,0,86,2.3
17,,,,,,,,,,,,,,,,,,,,,,,,,,,,,,,,,,
"56,66",7.7,1.3,9.3,3.798,0.01,2,0,0,-0.1,6.3,0,-0.01,0,0,0,53.2,10.6,8.5,3.812,76,0,0,0,8.1,10,0,0,0.85,7.9,4.1,0,0,3,6
"56,66",8,6,9.3,3.798,0.07,0,-32,0,-0.1,6.3,0.02,-0.01,0.26,0,0,53.2,10.6,8.3,3.812,76,0,0,0.28,8.1,10.3,0.4,0,0.19,7.9,4.1,0,-10,1,6.2
"56,66",8.1,25.4,9.3,3.711,0,0,-14,0,0,6.6,0,0,0.02,0,0,53.2,10.6,8,3.804,76,0,0,0,8.1,10.5,0,1,0,7.9,4,0,-35,2,6.3
"56,66",9,2.4,9.3,3.8,0,0,-7,0,0,6.8,0.01,0,0.23,0,0,53.3,10.6,8,3.814,76,0,0,0,8.1,11.6,0,1,0,6.9,4.1,0,0,5,6.6
"56,66",8.4,0,8.8,3.814,-0.03,7,-5,0,-0.1,7.1,0,0,0,0,0,53.5,10.6,7.9,3.826,76,0,0,0.01,8.1,9.3,-0.1,0,0.29,6.6,4.5,0,0,5,7.2
"56,66",8.6,-1.4,9.3,3.811,-0.04,0,0,0,-0.1,7.6,0,-0.01,0,0,0,53.4,10.5,7.9,3.822,76,0,0,0.01,8.1,10.3,-0.1,-1,0.75,6.6,5,0,2,5,7.7
"56,66",10,3,8.8,3.788,0.01,0,-24,-0.1,-0.1,7.7,0.02,-0.02,1.85,0,0,53.1,10.6,7.2,3.802,75,0,0,0.01,8.3,11.3,-0.1,-3,1.77,6.5,5.1,0,9,6,8.2
"56,66",10.2,3.1,8.9,3.805,0,0,-4,0,0,8.2,0,0,0.19,0,0,53.3,10.7,7.9,3.818,75,0,0,0,8.3,10.6,0,3,0,6.5,5.4,0,1,6,8.4
92,11,0,9.3,3.809,-0.03,0,0,0,-0.1,9.7,0,-0.01,0,0,0,53.4,10.7,7.9,3.82,75,0,0,-0.02,8.5,10.6,-0.1,-3,0,6.5,6.6,0,-1,6,10.2
"56,66",,,,,,,,,,,,,,,,,,,,,,,,,,,,,,,,,,
"56,66",,,,,,,,,,,,,,,,,,,,,,,,,,,,,,,,,,
"56,66",7.6,0,7.9,3.814,0,-5,0,0,0,8.6,0,0,0,0,0,53.4,9.9,7.9,3.825,73,0,0,0,8,6.5,0,0,0,6.5,6.3,0,0,-2,7.9
"56,66",,,,,,,,,,,,,,,,,,,,,,,,,,,,,,,,,,
"56,66",2.3,0,0.5,3.802,0,0,0,0,0,2.5,0,0,0,0,0,53.3,0.9,2.3,3.816,71,0,0,0,-0.1,-0.4,0,0,0,1.1,0.7,0,-1,-1,2.5
"56,66",,,,,,,,,,,,,,,,,,,,,,,,,,,,,,,,,,
"56,66",3.2,0,1,3.802,0,-3,0,0,0,3.3,0,0,0,0,0,53.3,0.9,2.4,3.815,70,0,0,0,0,-0.4,0,0,0,1,1.4,0,0,-1,3.3
"56,66",,,,,,,,,,,,,,,,,,,,,,,,,,,,,,,,,,
"56,66",5.5,0,1.1,3.8,0,0,0,0,0,5.7,0,0,0,0,0,53.2,1.2,3.4,3.813,70,0,0,0,0.2,0.9,0,0,0,2.4,3.6,0,0,-1,5.7
"56,66",6.3,0,2.3,3.799,0,0,0,0,0,6.4,0,0,0,0,0,53.2,1.3,3.8,3.811,70,0,0,0,0.4,1.9,0,0,0,3.7,4.1,0,1,-1,6.4
"56,66",,,,,,,,,,,,,,,,,,,,,,,,,,,,,,,,,,
"56,66",6.9,0,2.3,3.798,0,0,0,0,0,7.1,0,0,0,0,0,53.2,1.4,4.6,3.81,70,0,0,0,0.5,2.4,0,-1,0,3.7,4.8,0,-1,-1,7.1
"56,66",,,,,,,,,,,,,,,,,,,,,,,,,,,,,,,,,,
"56,66",,,,,,,,,,,,,,,,,,,,,,,,,,,,,,,,,,
"56,66",,,,,,,,,,,,,,,,,,,,,,,,,,,,,,,,,,
92,,,,,,,,,,,,,,,,,,,,,,,,,,,,,,,,,,
92,10.4,0,14.8,3.838,0,0,0,0,0,8.9,0,0,0,0,0,53.8,13.9,13.4,3.849,78,0,0,0,11.6,14.8,0,0,0,12,6.9,0,1,0,9.2
92,13.7,0,27.4,3.794,0,-2,-3,0,0,15.4,0.02,0,0.02,0,0,53.2,14.1,32.8,3.805,76,0,0,0,11.8,17.5,0,-1,0,31.8,16.3,0,0,0,15.6
"41,56,66",6,0,1,3.826,0,0,-3,0,0,6.6,0,0,0,0,0,53.7,0.7,1,3.858,78,0,0,0,-0.6,-0.4,0,0,0,-0.4,3.7,0,0,4,5.6
"56,66",7.4,0,2.4,3.83,0,3,-3,0,0,8.6,0,0,0,0,0,53.7,1.2,2.4,3.858,78,0,0,0,-0.1,1,0,3,0,1,5.5,0,0,4,7.4
"56,66",7.6,0,2.4,3.831,0,-3,0,0,0,8.7,0,0,0,0,0,53.7,1.5,2.4,3.854,75,0,0,0,-0.5,1.2,0,0,0,1,5.6,0,0,4,7.5
39,1,0,-2.7,3.778,0,0,0,0,0,-1.7,0,0,0.02,0,0,53,0.2,-4.5,3.8,82,0,0,0,-2.7,-1.5,0,0,0,-5.1,-3.6,0,0,-4,-2.3
"56,66",14.4,4,17.1,3.705,0.01,3,-143,-1.5,6.3,13.2,0.06,0.01,0.8,1.97,0.17,52,11.9,13.1,3.874,76,3.1,0.25,0.01,10.3,11,7.2,3324,0,14.8,11.5,2.38,4379,-8,13.7
"56,66",12.3,47.8,14.7,4.018,0.45,0,-95,7.7,-3.3,10.3,0.51,-0.7,4.67,-0.31,0,56.3,12.4,9.3,4.029,100,0.3,0,-0.79,9.9,9.8,7.6,314,0.99,12.7,8.7,0.29,435,-21,11.1
"56,66",,,,,,,,,,,,,,,,,,,,,,,,,,,,,,,,,,
"56,66",,,,,,,,,,,,,,,,,,,,,,,,,,,,,,,,,,
"56,66",,,,,,,,,,,,,,,,,,,,,,,,,,,,,,,,,,
"56,66",12.2,0,13.4,4.083,0,0,0,0,0,10.3,0,0,0,0,0,57.3,12.5,9.3,4.099,100,0,0,0,10,9.3,0,0,0,13.4,8.4,0,0,2,11.4
"56,66",,,,,,,,,,,,,,,,,,,,,,,,,,,,,,,,,,
"56,66",11.9,0,13.4,4.087,0,0,0,0,0,10.3,0,0,0,0,0,57.3,12.4,9.4,4.102,100,0,0,0,0,9.2,0,0,0,13.1,8.4,0,-1,1,11.4
"56,66",11.9,0,13.4,4.088,0,0,0,0,0,10.3,0,0,0,0,0,57.3,12.5,9.3,4.103,100,0,0,0,0,9.3,0,0,0,12,8.4,0,-3,1,11.4
"56,66",11.5,20.6,14.4,4.086,0,0,-4,0,-0.1,10.3,0.02,0,0.02,0.02,0,57.1,12.5,9.3,4.102,100,0.02,0.02,0,9.9,8.5,0,11,0,12.5,8.3,0.02,4,-3,11.4
"56,66",,,,,,,,,,,,,,,,,,,,,,,,,,,,,,,,,,
"56,66",11.2,0,13.4,4.089,0,7,0,0,0,10.3,0,0,0,0,0,57.4,12.5,9.3,4.104,100,0,0,0,0,7.9,0,-3,0,12,8.4,0,-6,-3,11.5
"56,66",11.2,0,13.4,4.089,0,7,0,0,0,10.3,0,0,0,0,0,57.3,12.5,9.3,4.104,100,0,0,0,9.9,8.1,0,0,0,12.1,8.4,0,0,-3,11.5
"56,66",11.2,0,13.4,4.089,0,-7,0,0,0,10.3,0,0,0,0,0,57.4,12.5,9.3,4.104,100,0,0,0,0,7.9,0,5,0,12,8.4,0,-6,-3,11.5
"56,66",11.2,0,13.4,4.089,0,-7,0,0,0,10.3,0,0,0,0,0,57.3,12.5,9.3,4.104,100,0,0,0,9.9,7.9,0,-7,0,12,8.4,0,7,-3,11.5
"56,66",11.2,0,13.4,4.089,0,-9,0,0,0,10.3,0,0,0,0,0,57.3,12.5,9.3,4.104,100,0,0,0,9.9,7.9,0,1,0,12,8.4,0,-1,-3,11.5
"56,66",11,0,13.4,4.09,0,0,0,0,0,10.3,0,0,0,0,0,57.4,12.4,9.3,4.104,100,0,0,0,9.9,7.9,0,-4,0,12,8.4,0,0,-3,11.6
"56,66",11,0,13.4,4.089,0,9,0,0,0,10.4,0,0,0,0,0,57.3,12.4,9.3,4.104,100,0,0,0,9.9,7.9,0,-1,0,12,8.4,0,-1,-3,11.6
"56,66",11,0,13.4,4.09,0,0,0,0,0,10.4,0,0,0,0,0,57.4,12.5,9.3,4.105,100,0,0,0,0,7.9,0,6,0,12,8.4,0,6,-3,11.6
"56,66",11,0,13.4,4.089,0,0,0,0,0,10.4,0,0,0,0,0,57.4,12.5,9.3,4.104,100,0,0,0,9.9,7.9,0,-1,0,12,8.4,0,0,-3,11.6
"56,66",11,0,13.4,4.09,0,7,0,0,0,10.4,0,0,0,0,0,57.4,12.4,9.3,4.105,100,0,0,0,0,7.9,0,7,0,12,8.4,0,-9,-3,11.6
"56,66",10.9,0,13.4,4.09,0,7,0,0,0,10.4,0,0,0,0,0,57.4,12.4,9.3,4.104,100,0,0,0,0,7.9,0,7,0,12,8.4,0,-27,-3,11.8
"56,66",,,,,,,,,,,,,,,,,,,,,,,,,,,,,,,,,,
"56,66",,,,,,,,,,,,,,,,,,,,,,,,,,,,,,,,,,
"56,66",10.2,0,12,4.09,0,0,0,0,0,10.4,0,0,0,0,0,57.4,12.2,7.9,4.106,100,0,0,0,0,6.1,0,0,0,10.6,8.4,0,-7,-3,11.6
"56,66",,,,,,,,,,,,,,,,,,,,,,,,,,,,,,,,,,
"56,66",,,,,,,,,,,,,,,,,,,,,,,,,,,,,,,,,,
"56,66",6.7,0,9.5,4.089,0,9,0,0,0,10.2,0,0,0,0,0,57.4,7.3,5.4,4.105,100,0,0,0,5.6,1.1,0,0,0,10.6,8.1,0,0,-3,7.8
"56,66",7.1,0,10.6,4.087,0,-6,0,0,0,7,0,0,0,0,0,57.3,7.4,6.5,4.102,100,0,0,0,5.7,2.4,0,0,0,9.3,5.6,0,0,-3,8.1
"56,66",7.6,0,10.6,4.086,0,7,0,0,0,7.4,0,0,0,0,0,57.3,7.4,6.5,4.101,100,0,0,0,5.7,2.4,0,0,0,9.4,6,0,0,-3,8.6
"56,66",7.9,0,10.6,4.084,0,0,0,0,0,7.9,0,0,0,0,0,57.3,7.5,6.5,4.1,100,0,0,0,5.8,2.4,0,0,0,9.3,6.1,0,0,-4,9.1
23,,,,,,,,,,,,,,,,,,,,,,,,,,,,,,,,,,
92,2.7,-0.2,0.7,4.009,0.77,0,0,-1.3,0.3,1,0,0.86,0,0,0,56.2,1,-0.3,4.032,96,0,0,0.57,-0.8,3.5,1.4,-30,1.06,-0.4,-0.4,0,-30,5,0.7
92,7.4,7.8,10.2,3.875,2.28,765,-89,64.9,-46.2,6.4,0.06,-4.25,0.56,-4.12,0.37,54.5,1.4,18.3,3.914,93,2.77,0.38,2.36,-0.3,9.2,68.4,1018,0.46,18.8,9.2,2.94,654,6,6.1
92,11.1,96.3,18.6,3.769,-3.24,964,-118,61.2,-45.5,13,0.14,3.54,0.97,-2.45,0.37,53.5,2.1,31.4,3.843,90,2.65,0.37,-2.5,0.3,13.3,72,-996,1.3,31.8,16.3,2.74,-746,-22,12.7
92,4.3,6.2,-0.3,3.933,0.76,0,0,0,3.5,0.5,0,0.9,0,0,0,55.3,0.5,-1.2,3.96,98,0,0,0.75,-2,7.9,0,2,0.39,3.3,-2,0,-7,-63,0.4
92,4,150.7,1.5,3.794,3.81,1732,-202,37.7,13.2,0.5,0.47,-5.39,5.13,-0.58,0.17,53.4,0.7,0.8,3.837,97,0.39,0.14,2.57,-1.7,7.8,30.9,137,1,4.1,0.9,0.46,227,24,0.7
92,,,,,,,,,,,,,,,,,,,,,,,,,,,,,,,,,,
92,12.3,0,5.9,3.769,0.34,0,-7,0.4,0,7.3,0,-0.01,0,0.01,0,52.9,6.2,9.3,3.792,73,0,0.01,0.86,4.8,13.4,2.3,-82,1.31,6.5,5.6,0,-73,11,8
92,14.1,2.3,12.4,3.629,0.11,0,-31,-0.1,1.4,12.1,0,-0.07,0,0,0.01,50.6,8.9,11.9,3.649,54,0,0,-0.9,7.6,15.5,-0.1,-43,0.84,12.3,11.1,0,-95,2,11.8
92,12.2,4.6,10.6,3.776,0.33,0,0,3,8.6,10,0,2.05,0.01,0,0,53,10.6,10.6,3.798,72,0,0,0.19,8.9,12,-0.8,32,1.38,9.3,9.3,0,50,-3,10
92,12.3,0,13.2,3.816,0.54,0,-3,0.4,2,11.2,0,-0.84,0,0,0,53.5,7.3,11.3,3.838,77,0,0.01,0.98,6.2,13.3,0,-45,1.92,10.6,10.2,-0.01,-15,40,10.8
92,17.3,13.4,16.6,3.595,0.43,0,-4,0,-0.1,14.1,0,0.17,0,0,0,50.4,11.4,14.6,3.614,43,0,0,-0.07,10.1,21.5,1.3,-38,1.48,14,12.8,0,-74,-24,13.9
92,13,0,12,3.873,-0.03,0,0,-0.4,-6.6,11.2,0,-0.25,0,0,0,54.3,11,10.6,3.895,84,0,0,0.1,9.4,14.9,0,6,1.83,10.6,9.4,0,2,24,10.9
92,13.7,0,12,3.885,0,0,-3,0,0,11.2,0,0,0,0,0,54.5,11.1,10.6,3.907,84,0,0,0,9.5,14.8,0,0,0,10.6,9.7,0,0,24,11
"56,66",12.3,0,14.8,3.868,0,0,0,0,0,10,0,0,0,0,0,54.3,9.3,10.7,3.89,82,0,0,0,7.5,9.5,0,0,0,9.3,7.6,0,0,3,10.4
"56,66",12.1,0,14.9,3.872,0,3,0,0,0,9.9,0,0,0,0,0,54.3,9.3,10.6,3.894,82,0,0,0,7.5,9.3,0,0,0,9.3,7.5,0,0,3,10.4
"56,66",17,0,13.4,3.926,0,-3,0,0,0,16.6,0,0,0,0,0,56.7,14.8,16.2,4.126,100,0,0,0,13.5,13.2,0,-1,0,16.1,14.4,0,0,3,16.5
"56,66",17.3,0,15.3,3.926,0,0,0,0,0,17.5,0,0,0,0,0,56.8,14.8,17.6,4.124,100,0,0,0,13.6,13.4,0,-2,0,16.3,15.2,0,0,2,17.4
"56,66",17.8,0,15.8,3.926,0,-3,0,0,0,17.9,0,0,0,0,0,56.8,14.8,17.7,4.123,100,0,0,0,13.7,14.3,0,-1,0,16.7,15.6,0,0,3,17.9
"56,66",18.3,0,15.9,3.924,0,3,0,0,0,18.4,0,0,0,0,0,56.7,14.9,18.5,4.123,100,0,0,0,13.7,14.6,0,1,0,17.4,15.8,0,0,3,18.5
"56,66",18.7,0,16.1,3.924,0,-6,0,0,0,18.9,0,0,0,0,0,56.7,14.9,18.9,4.121,100,0,0,0,13.7,14.7,0,0,0,17.5,16.2,0,0,3,18.9
"56,66",19,0,14.8,3.925,0,3,0,0,0,18.9,0,0,0,0,0,56.7,14.8,18.5,4.122,100,0,0,0,0,14.8,0,-9,0,17.5,16.2,0,0,3,19
"56,66",19.3,0,16.1,3.923,0,-3,0,0,0,19.3,0,0,0,0,0,56.7,14.9,18.9,4.121,100,0,0,0,13.7,14.7,0,0,0,17.4,16.5,0,0,3,19.3
"56,66",19.5,0,14.8,3.923,0,7,0,0,0,19.4,0,0,0,0,0,56.7,14.8,17.5,4.122,100,0,0,0,0,13.4,0,-10,0,17.5,16.6,0,0,2,19.5
"56,66",19.5,0,15.4,3.922,0,3,0,0,0,19.5,0,0,0,0,0,56.7,15,18.7,4.12,100,0,0,0,13.7,14.3,0,2,0,17.5,16.8,0,0,2,19.7
57,10.9,5.9,8.5,2.994,0.43,800,-134,26.7,0.2,7.4,0.05,-0.03,7.25,-1.12,0,48.4,4.9,7.8,3.683,53,-0.68,0.05,0,3.3,14.3,31.3,0,0.89,7.1,5.5,1.7,-7,0,7.9
57,13.9,163.9,9.5,2.958,0,792,-152,-0.1,5.6,9.2,0.03,0,0.32,0,0.01,49.7,5.4,9.3,3.589,51,0,0,0,4,19.4,-0.2,-186,0,9.3,6.9,0.02,-153,55,9.9
57,14.9,2.6,8.9,2.924,0.04,0,-197,5.6,9.2,9.7,0.01,0.04,0.31,0,0,48.5,5.5,9.3,3.527,50,0,0,-0.02,4,20.3,2.7,0,0.35,8.5,7.4,0,2,5,9.9
57,11.8,106.1,9.5,2.792,0.83,2295,-180,17.7,-0.9,8.2,0.49,0.4,4.73,-0.58,-0.08,48.4,5.7,7.9,3.535,48,0.06,0.08,-0.37,4.3,15.5,27.8,2409,3.56,8.5,6.6,1.76,2624,3,8.4
57,12.3,85.3,8.9,2.996,0.01,2197,-123,1,0,8.7,0.5,0,4.58,0.2,0,49.3,5.8,8.9,3.568,48,0.42,0.05,0.02,4.4,14.8,12.6,278,0.07,7.9,6.6,0.26,-1,-54,8.9
57,12.8,1.1,8.9,3.023,-0.09,861,-83,0.2,-0.1,8.8,0.82,-0.01,7.74,0,0,49.4,5.9,8.3,3.598,48,-0.02,0,-0.16,4.4,15.8,0.6,-499,0.72,7.9,6.6,0.01,-2,49,9.1
57,12.8,29.1,8.9,3.064,-0.09,864,-187,0.1,-3.8,8.8,0.9,-0.01,7.74,0,0,49.6,5.9,8.9,3.563,47,-0.01,0.02,-0.16,4.5,16.2,3.2,167,0.72,7.9,6.6,0,0,23,9.1
57,13.3,5.1,7.9,3.036,0,812,-68,0,0,9.2,0.02,-0.01,0.28,0,0,50.2,6,8.9,3.629,47,-0.01,0,1.13,4.5,15.8,0,0,2.97,7.9,7.1,0,-5,22,9.7
57,13.3,4.9,8.9,2.967,0,798,-23,0.1,-0.1,9.2,0.02,-0.01,0.24,-0.13,0,50.2,6,7.9,3.53,47,-0.01,0,1.13,4.4,15.8,-18,2,2.97,7.9,7.1,0,0,-16,9.7
57,13.3,55.6,8.9,3.126,0,2204,-119,7.8,1.3,9.2,0.5,-0.01,4.51,0.17,0,49.3,6,7.9,3.585,47,0.13,0,1.13,4.5,15.8,0,340,2.97,7.9,7.1,0.23,489,12,9.7
57,13.2,56.4,8.9,2.871,0.3,1740,-32,1,0,9.2,0.1,0,0.77,0,0,50.2,6,7.9,3.563,46,0,0,0.09,4.5,16.2,0,189,1.97,7.9,7.1,0.04,166,15,10
57,13.3,1.7,7.9,2.814,0,804,-156,0,0,9.4,0.07,0,1.32,0,0,50.2,6,7.9,3.647,46,0,0,0,4.5,17.2,0,0,0,7.9,6.9,0,0,2,10.2
57,13.3,3.3,8.9,2.991,0,794,-79,1.2,-0.1,9.4,0.02,0,0.3,-0.11,0,50.2,6.1,7.9,3.633,46,-0.98,-0.01,0,4.6,16.5,10.3,-1149,0,7.9,6.9,0.45,-513,48,10.2
57,13.6,-0.1,8.9,3.043,-0.47,804,-61,0.8,0,9.6,0.21,0,1.87,-0.01,0,50,6.1,9.3,3.621,46,0,0.01,1.17,4.6,16.2,9.6,262,0.19,7.9,7.4,-0.15,-10,-15,10.3
57,13.5,41.8,9.1,3.049,0,802,-38,0.4,0.2,9.6,0.03,0,0.36,0.01,0,50,6.1,9.2,3.654,46,0,0,0,4.6,16.2,-0.6,-7,0,7.9,7.1,0,118,-31,10.4
57,13.5,130.5,8.9,3.05,0,960,-34,0,-0.1,9.6,0.05,0,0.45,0.01,0,50.2,6,7.9,3.624,46,0.08,0,0,4.5,15.8,-0.1,736,0,7.9,7.6,0.05,1,5,10.4
57,12.4,0,7.9,3.096,0,0,-29,0,0,9.4,0,0,0.09,0,0,50.4,6.1,7.9,3.657,46,0,0,0,4.4,15.8,0,0,0,7.9,6.9,0,0,4,10.3
57,16.8,4.3,18,3.093,0.63,804,-76,3.7,1.6,14,0.05,0.14,0.44,3.53,0.32,50,13.3,20,3.496,54,3.4,0.34,0.57,11.2,17.5,2.8,2625,0.31,18.6,12.4,3.41,2551,0,15
17,12.6,91.5,17.5,3.612,1.06,1830,-77,1.8,39.1,10,0.49,0.89,4.4,-0.03,-0.02,49.9,8.3,11.4,3.675,44,0.46,0.12,0.27,5.9,17.5,1.7,786,1.91,12,10.2,0.12,811,-10,10.8
17,,,,,,,,,,,,,,,,,,,,,,,,,,,,,,,,,,
17,,,,,,,,,,,,,,,,,,,,,,,,,,,,,,,,,,
"56,66",15.2,9.8,10.5,3.999,1.96,0,-7,0,-2,9.4,0.01,-0.83,0.4,0,0,56,7,12.4,4.015,100,0,0,1.75,3.7,22.7,4.7,-2,0.67,13.4,7.1,0,-5,59,11.5
"56,66",15.2,9.8,10.5,4.012,1.96,0,0,0,-2,9.4,0.01,-0.83,0.4,0,0,56.2,7,12.4,4.026,100,0,0,1.75,3.7,22.7,4.7,-2,0.67,13.4,7.1,0,0,62,11.5
17,,,,,,,,,,,,,,,,,,,,,,,,,,,,,,,,,,
"23,51",-0.8,18.9,1,3.612,1.36,0,-66,35.7,-0.1,-4.8,0.08,-0.49,0.96,0.17,0.21,52.6,-1.1,-3.2,3.634,61,2.02,0.19,-1.32,-4.4,5.1,30.5,1921,0.56,-0.8,-5.6,2.17,-1875,90,-4.2
39,-5.3,20,0.8,3.808,0,1008,0,0,0,-5.3,0.02,0,0.02,0,0,53.4,-0.4,-4.8,3.823,55,0,0,0,-3.6,-0.9,0,23,0,-3.4,-5.8,-0.02,13,2,-5
39,-4.3,10.7,-0.4,3.804,0,0,0,0,0,-5.2,0,0,0,0,0,53.3,-0.4,-4.9,3.821,55,0,0,0,-3.7,-0.4,0,0,1.71,-3.2,-5.7,0,0,1,-4.8
39,-2.8,0,0.6,3.795,0,3,0,0,0,-5,0,0,0,0,0,53.2,-0.4,-4.5,3.81,55,0,0,0,-3.6,1,0,-3,0,-3.2,-5.6,0,-2,2,-4.7
39,-2.8,-0.1,1,3.803,0,0,0,0,0,-4.5,0,0,0,0,0,53.3,-0.5,-5.7,3.819,54,0,0,0,-3.7,1,0,1,0,-4,-5.4,0,0,6,-4
39,-3.1,-0.1,-0.3,3.803,0,7,0,0,0,-4.5,0,0,0,0,0,53.3,-0.5,-5.7,3.819,54,0,0,0,-3.6,1,0,1,0,-4,-5.3,0,0,6,-4
"24,56",,,,,,,,,,,,,,,,,,,,,,,,,,,,,,,,,,
"17,51",,,,,,,,,,,,,,,,,,,,,,,,,,,,,,,,,,
"51,56",,,,,,,,,,,,,,,,,,,,,,,,,,,,,,,,,,
23,,,,,,,,,,,,,,,,,,,,,,,,,,,,,,,,,,
"56,66",17.5,0,21.7,3.831,0,0,0,0,0,18.5,0,0,0,0,0,53.7,15.9,20.3,3.842,75,0,0,0,14.6,14.4,0,0,0,18.5,15.4,0,0,-14,17.4
"56,66",17.5,0,23.1,3.832,0,3,0,0,0,18.5,0,0,0,0,0,53.7,16,20.3,3.843,75,0,0,0,0,14.8,0,0,0,18.9,15.4,0,-10,-14,17.4
"56,66",17.5,0,23.1,3.831,0,0,0,0,0,18.5,0,0,0,0,0,53.7,16.2,20.3,3.842,75,0,0,0,15,14.8,0,0,0,18.9,15.4,0,0,-14,17.8
"56,66",18.3,0,24.4,3.831,0,0,0,0,0,19.4,0,0,0,0,0,53.7,16.4,22.2,3.842,75,0,0,0,15.1,16.2,0,0,0,20.3,16.1,0,0,-14,18.3
"56,66",18.9,0,24.4,3.83,0,0,0,0,0,19.9,0,0,0,0,0,53.7,16.5,23,3.841,75,0,0,0,15.2,16.2,0,-1,0,20.3,16.5,0,1,-14,18.9
"56,66",19.4,0,24.4,3.83,0,0,0,0,0,20.3,0,0,0,0,0,53.6,16.5,23.1,3.84,75,0,0,0,15.2,16.2,0,-1,0,20.3,16.9,0,0,-14,19.4
"56,66",19.7,0,23.7,3.829,0,7,0,0,0,20.5,0,0,0,0,0,53.6,16.6,23.1,3.84,75,0,0,0,15.3,16.2,0,0,0,19,16.7,0,0,-14,18.9
58,,,,,,,,,,,,,,,,,,,,,,,,,,,,,,,,,,
"41,56,66",13,0,9.6,4.057,0,3,0,0,0,16.2,0,0,0,0,0,56.9,10.7,17.6,4.073,100,0,0,0,10,18.8,0,7,0,12,13.7,0,1,-31,15.8
"41,56,66",13,0,9.6,4.057,0,-3,0,0,0,16.2,0,0,0,0,0,56.9,10.7,17.6,4.073,100,0,0,0,10,18.8,0,7,0,12,13.7,0,6,-31,15.8
"41,56,66",7.5,0,9.8,4.056,0,0,0,0,0,13.7,0,0,0,0,0,56.9,8.3,16.2,4.071,100,0,0,0,7.4,8.4,0,7,0,10.6,8.3,0,0,-31,7.6
"56,66",8.6,0,6.5,4.056,0,0,0,0,0,9.2,0,0,0,0,0,56.9,8.2,13.3,4.07,100,0,0,0,0,7.9,0,5,0,7.9,9.4,0,0,-31,8.6
"56,66",8.7,0,7.9,4.055,0,0,0,0,0,9.4,0,0,0,0,0,56.9,8.3,13.4,4.07,100,0,0,0,7.5,9.3,0,0,0,7.9,9.4,0,0,-31,8.7
"56,66",9.4,0,8,4.054,0,0,0,0,0,10.2,0,0,0,0,0,56.8,8.4,14.8,4.069,100,0,0,0,7.6,9.3,0,0,0,9.3,10,0,0,-31,9.4
"56,66",10.2,0,8.9,4.053,0,3,0,0,0,10.8,0,0,0,0,0,56.8,8.5,14.8,4.068,100,0,0,0,7.6,9.8,0,1,0,9.3,10.6,0,0,-31,10.2
"56,66",10.8,0,9.3,4.052,0,7,0,0,0,11.5,0,0,0,0,0,56.8,8.5,14.8,4.068,100,0,0,0,7.7,10.6,0,0,0,9.3,11.2,0,0,-31,10.8
"56,66",11.2,0,9.3,4.051,0,7,0,0,0,12,0,0,0,0,0,56.8,8.5,14.8,4.067,100,0,0,0,7.7,10.6,0,1,0,9.3,11.6,0,0,-31,11.2
"56,66",11.4,0,9.2,4.052,0,7,0,0,0,12,0,0,0,0,0,56.8,8.5,14.9,4.067,100,0,0,0,7.7,10.6,0,1,0,9.3,11.6,0,0,-31,11.4
41,16,0,10.6,4.038,0,0,0,0,0,16.5,0,0,0,0,0,56.7,8.7,17.5,4.057,98,0,0,0,7.5,18.3,0,0,0,17.5,15.6,0,0,1,16.5
41,16.2,0,10.6,4.038,0,5,0,0,0,16.6,0,0,0,0,0,56.7,8.7,17.5,4.056,98,0,0,0,7.6,18.8,0,1,0,17.5,15.8,0,-1,1,16.6
41,16.6,0,10.6,4.037,0,0,0,0,0,17,0,0,0,0,0,56.6,8.8,17.5,4.055,98,0,0,0,7.6,18.9,0,1,0,17.5,16.1,0,0,1,17
92,6.4,20.9,6.5,3.886,0,224,0,0,0,6.4,0,-0.01,0.12,0,0,54.6,8.2,16.4,3.911,83,0,0,0,6.3,10.7,0,6,-0.01,9.4,6,0,18,80,6.3
"56,65,66",16.8,0,14.8,3.862,0,0,0,0,0,25.2,0,0,0,0,0,54.2,11.5,27.2,3.885,87,0,0,0,10.4,20.3,0,20,0,34.2,15.3,0,7,-4,19.1
"56,65,66",16.9,0,14.8,3.86,0,0,-3,0,0,25.1,0,0,0,0,0,54.2,11.5,27.2,3.882,87,0,0,0,10.4,20.5,0,25,0,34.2,15.3,0,-3,-5,19
"56,65,66",17,0,14.8,3.859,0,0,0,0,0,25.1,0,0,0,0,0,54.2,11.6,25.8,3.882,87,0,0,0,10.4,20.3,0,19,0,34.2,15.3,0,-7,-4,19
"56,65,66",17.2,0,14.8,3.859,0,0,0,0,0,25.1,0,0,0,0,0,54.2,11.6,25.8,3.881,87,0,0,0,10.5,20.3,0,19,0,34.2,15.3,0,0,-5,18.9
"56,65,66",,,,,,,,,,,,,,,,,,,,,,,,,,,,,,,,,,
"56,65,66",17.5,0,14.4,3.856,0,0,-1,0,0,22.7,0,0,0,0,0,54.1,11.7,25.8,3.879,87,0,0,0,0,20.3,0,17,0,24.4,15.6,0,-10,-5,18.7
"56,65,66",17.5,0,14.4,3.856,0,0,0,0,0,22.6,0,0,0,0,0,54.1,11.7,25.8,3.879,87,0,0,0,10.6,20.3,0,18,0,24.4,15.6,0,0,-4,18.7
"56,65,66",17.7,0,14.8,3.855,0,0,0,0,0,22.6,0,0,0,0,0,54.1,11.7,25,3.878,87,0,0,0,10.6,20.3,0,19,0,24.4,15.6,0,-7,-4,18.7
"56,65",,,,,,,,,,,,,,,,,,,,,,,,,,,,,,,,,,
"56,65,66",17.7,0,14.8,3.855,0,0,0,0,0,22.6,0,0,0,0,0,54.1,11.7,24.4,3.879,86,0,0,0,10.6,20.3,0,17,0,24.4,15.7,0,-7,-5,18.7
"56,65,66",17.7,0,14.8,3.854,0,0,0,0,0,22.6,0,0,0,0,0,54.1,11.8,24.5,3.877,86,0,0,0,10.6,20.4,0,15,0,24.4,15.7,0,3,-4,18.7
"56,65,66",,,,,,,,,,,,,,,,,,,,,,,,,,,,,,,,,,
"56,65,66",17.8,0,14.8,3.852,0,3,-4,0,0,22.5,0,0,0,0,0,54.1,11.8,24.5,3.874,86,0,0,0,10.7,20.3,0,696,0,24.4,15.8,0,-2,-5,18.7
"56,65,66",17.9,0,14.8,3.847,0,3,0,0,0,22.5,0,0,0,0,0,54,11.9,24.5,3.869,86,0,0,0,10.7,20.3,0,51,0,24.4,15.9,0,-3,-5,18.9
"56,65,66",18.1,0,14.8,3.85,0,9,0,0,0,22.5,0,0,0,0,0,54,12,24.4,3.872,86,0,0,0,10.7,20.3,0,12,0,24.4,16,0,-7,-5,18.9
"56,65,66",18.1,0,14.8,3.849,0,-3,0,0,0,22.5,0,0,0,0,0,54,12,24.4,3.872,86,0,0,0,10.8,20.3,0,19,0,24.4,16.1,0,-3,-5,18.9
"56,65,66",18.1,0,14.8,3.849,0,0,0,0,0,22.5,0,0,0,0,0,54,12.1,24.4,3.871,86,0,0,0,10.9,20.3,0,5,0,24.4,16.1,0,7,-5,18.7
"56,66",,,,,,,,,,,,,,,,,,,,,,,,,,,,,,,,,,
17,,,,,,,,,,,,,,,,,,,,,,,,,,,,,,,,,,
"56,64,66",9.6,0,7.9,3.649,0,0,0,0,0,10.3,0,0,0,0,0,51.1,7.6,18.9,3.662,51,0,0,0,0,5.1,0,10,0,9.3,9.4,0,174,2,10.2
"56,64",9.8,0,6.5,3.647,0,0,0,0,0,10.4,0,0,0,0,0,51.1,8.2,18.9,3.661,50,0,0,0,7.3,5.1,0,0,0,9.1,9.6,0,9,-3,10.2
"56,64,66",9.9,0,7.9,3.649,0,0,0,0,0,10.6,0,0,0,0,0,51.1,7.7,18.9,3.661,50,0,0,0,0,5.1,0,6,0,9.3,9.7,0,11,2,10.7
"56,64,66",10.2,0,8,3.647,0,0,0,0,0,10.8,0,0,0,0,0,51.1,8.2,18.9,3.661,50,0,0,0,7.3,5.1,0,3,0,9.2,10,0,9,2,10.7
"56,64",10.3,0,8.1,3.647,0,0,0,0,0,10.8,0,0,0,0,0,51.2,8.3,18.9,3.662,50,0,0,0,7.4,5.1,0,-3,0,9.2,10,0,5,2,10.7
"56,64,66",10.3,0,7.9,3.649,0,0,0,0,0,11,0,0,0,0,0,51.1,7.7,18.9,3.66,51,0,0,0,0,5.1,0,7,0,9.3,10.1,0,6,2,11.1
"56,64,66",10.3,0,7.9,3.647,0,0,0,0,0,11,0,0,0,0,0,51.1,7.7,18.9,3.66,50,0,0,0,0,5.1,0,10,0,9.3,10.2,0,9,2,11.1
"56,64,66",10.3,0,8,3.647,0,0,0,0,0,11.1,0,0,0,0,0,51.1,8.2,18.9,3.66,50,0,0,0,7.3,5.1,0,-2,0,9.1,10.2,0,5,2,11.1
"56,64,66",,,,,,,,,,,,,,,,,,,,,,,,,,,,,,,,,,
"56,64,66",10.4,0,7.9,3.648,0,0,0,0,0,11.1,0,0,0,0,0,51.1,8.2,18.9,3.66,50,0,0,0,7.4,5.1,0,2,0,8,10.2,0,10,2,11.1
"56,64,66",10.6,0,8,3.646,0,0,0,0,0,11.2,0,0,0,0,0,51.1,8.3,18.9,3.66,50,0,0,0,7.4,5.1,0,6,0,9.1,10.3,0,14,2,11.1
"56,64,66",,,,,,,,,,,,,,,,,,,,,,,,,,,,,,,,,,
"56,64,66",11.1,0,8.2,3.642,0,0,0,0,0,11.8,0,0,0,0,0,51.1,8.3,19.9,3.656,49,0,0,0,7.4,5.1,0,6,0,9.2,10.7,0,17,2,12.2
"56,64",11.2,0,6.7,3.643,0,0,0,0,0,11.9,0,0,0,0,0,51.1,8.4,19.9,3.657,49,0,0,0,7.4,5.1,0,7,0,9.3,10.7,0,13,1,12.2
"56,64,66",,,,,,,,,,,,,,,,,,,,,,,,,,,,,,,,,,
"56,64,66",12.7,0,8.2,3.64,0,0,0,0,0,12.8,0,0,0,0,0,51,8.4,21.6,3.652,49,0,0,0.05,7.4,6.5,0,-6,0,9.3,11.1,0,11,11,14
"56,64,66",12.4,0,8.3,3.629,0,0,-15,0,0,12.7,0,0,0,0,0,50.9,8.4,21.6,3.641,49,0,0,0.05,7.4,6.4,0,0,0,9.3,11.2,0,146,11,14
"56,64,66",,,,,,,,,,,,,,,,,,,,,,,,,,,,,,,,,,
"56,64,66",12.3,0,8.6,3.637,0,0,0,0,0,12.8,0,0,0,0,0,51,8.4,24.4,3.651,48,0,0,0,7.4,5.5,0,-9,0,9.3,11.2,0,9,12,14.8
"56,64,66",,,,,,,,,,,,,,,,,,,,,,,,,,,,,,,,,,
"56,64,66",12.5,0,8.5,3.636,0,0,-4,0,0,13,0,0,0,0,0,51,8.5,25.7,3.649,48,0,0,0,7.4,5.4,0,10,0,9.3,11.2,0,90,12,15.2
"56,64,66",12.2,0,8.6,3.637,0,0,-3,0,0,13.2,0,0,0,0,0,51,8.5,25.7,3.651,48,0,0,0,7.3,5.5,0,2,0,8.1,11.4,0,702,12,15.2
"56,64,66",12.2,0,8,3.636,0,0,-4,0,0,12.8,0,0,0,0,0,51,8.5,25.7,3.65,48,0,0,0,7.3,5.1,0,-1,0,8.3,11.1,0,36,12,15.2
"56,64,66",12.4,0,8.4,3.635,0,0,0,0,0,12.9,0,0,0,0,0,51,8.5,25.7,3.648,48,0,0,0,7.4,5.1,0,0,0,9.2,11.2,0,10,12,15.2
"56,64,66",13.1,0,10.6,3.61,0,0,0,0,0,13.7,0,0,0,0,0,50.6,10.5,24.4,3.623,37,0,0,0,9.5,9.3,0,0,0,13.1,12.9,0,13,4,13.6
"56,64,66",13.5,0,11.6,3.609,0,0,0,0,0,14,0,0,0,0,0,50.6,10.6,24.4,3.622,37,0,0,0,9.6,9.3,0,3,0,13.4,13.2,0,7,4,13.6
"56,64,66",13.7,0,12,3.609,0,7,0,0,0,14.3,0,0,0,0,0,50.6,10.7,25.7,3.621,37,0,0,0,9.6,9.3,0,9,0,13.4,13.3,0,6,4,14.8
"56,64,66",13.9,0,11.6,3.606,0,-3,-4,0,0,14.5,0,0,0,0,0,50.6,10.7,25.8,3.619,37,0,0,0,9.6,9.3,0,3,0,13.4,13.5,0,463,4,14.8
"56,64,66",14.4,0,11.6,3.595,0,0,-12,0,0,14.9,0,0,0,0,0,50.4,10.8,25.8,3.607,36,0,0,0,9.6,9.3,0,0,0,13.3,13.7,0,119,4,14.8
"56,59,64,66",12.2,0,10.5,3.598,0,7,0,0,0,12.3,0,0,0,0,0,50.5,10.3,21.8,3.611,35,0,0,0,9.1,7.9,0,0,0,10.6,11.5,0,0,-1,12.3
"56,59,64,66",12.2,0,10.6,3.598,0,0,0,0,0,12.4,0,0,0,0,0,50.4,10.3,21.7,3.611,35,0,0,0,9,7.8,0,-1,0,10.6,11.5,0,0,-1,12.4
"53,56,66",12.3,0,10.6,3.598,0,7,0,0,0,12.4,0,0,0,0,0,50.5,10.3,21.7,3.611,35,0,0,0,9,7.8,0,-2,0,10.6,11.5,0,-6,-1,12.4
"56,64,66",12.3,0,10.6,3.598,0,9,0,0,0,12.6,0,0,0,0,0,50.5,10.3,22.1,3.611,35,0,0,0,9.1,7.5,0,0,0,10.6,11.7,0,20,-1,12.7
"56,64,66",12.4,0,10.5,3.597,0,7,0,0,0,12.8,0,0,0,0,0,50.4,10.3,22.2,3.61,35,0,0,0,9.1,7.7,0,0,0,10.5,11.8,0,17,-1,12.7
"56,64,66",,,,,,,,,,,,,,,,,,,,,,,,,,,,,,,,,,
"56,64,66",12.7,0,10.5,3.598,0,7,0,0,0,13.1,0,0,0,0,0,50.5,10.3,22.2,3.611,35,0,0,0,9.1,7.9,0,0,0,10.5,12,0,8,-1,12.7
"56,64,66",12.9,0,10.5,3.598,0,7,0,0,0,13.5,0,0,0,0,0,50.5,10.4,22.2,3.611,35,0,0,0,9.1,7.8,0,6,0,10.6,12.3,0,15,-2,12.7
"56,64",13.1,0,10.5,3.598,0,7,0,0,0,13.6,0,0,0,0,0,50.5,10.4,22.2,3.612,34,0,0,0,9.1,6.4,0,2,0,10.6,12.4,0,12,-2,12.7
"56,64,66",13.6,0,10.6,3.594,0,-7,-8,0,0,13.7,0,0,0,0,0,50.4,9.8,24.2,3.607,36,0,0,0,0,7.9,0,-7,0,10.6,12.8,0,19,1,14
"56,64,66",13.5,0,10.6,3.592,0,0,-4,0,0,13.7,0,0,0,0,0,50.4,10.4,24.1,3.604,34,0,0,0,9.2,7.9,0,-6,0,10.6,12.8,0,107,0,14
"56,64,66",13.7,0,10.6,3.591,0,0,0,0,0,14.1,0,0,0,0,0,50.3,10.5,24.1,3.604,34,0,0,0,9.2,7.9,0,6,0,10.6,12.9,0,10,0,14
"56,66",14.9,0,10.6,3.644,0,0,0,0,0,14.4,0,0,0,0,0,51.1,15.7,20.3,3.658,45,0,0,0,14.6,10.6,0,0,0,14.7,13.2,0,0,6,16.8
17,,,,,,,,,,,,,,,,,,,,,,,,,,,,,,,,,,
17,17.5,5.1,20.1,3.953,0.32,663,-19,0.4,11.2,14.3,0.15,0,1.29,0.18,0.04,55.4,12.1,13.4,3.976,91,-0.01,0,-0.14,10.3,28.3,0,-366,0.24,15.8,11.5,0.2,-180,4,15.4
"56,66",11.4,0,12,3.901,0,0,0,0,0,11.1,0,0,0,0,0,54.7,8.7,14.8,3.913,100,0,0,0,7.8,14.8,0,0,0,14.7,9.2,0,0,0,11.1
"56,66",11.4,0,12,3.914,0,0,0,0,0,16.6,0,0,0,0,0,54.8,16,14.8,3.924,100,0,0,0,15.2,17.5,0,0,0,14.7,9.2,0,-1,1,11.1
"56,66",15.5,0,17.5,4.003,0,0,22,0,0,16.8,0,0,0,0,0,56.1,16.5,21.7,4.014,100,0,0,0,15.5,17.5,0,1,0,21.7,15.4,0,0,1,16.6
"56,66",15.7,0,17.5,4.029,0,-6,22,0,0,17.7,0,0,0,0,0,56.4,16.8,21.7,4.039,100,0,0,0,15.6,17.5,0,-1,0,21.3,15.7,0,0,1,17
"56,66",16,0,17.5,4.04,0,0,22,0,0,17.7,0,0,0,0,0,56.6,16.9,21.7,4.05,100,0,0,0,15.7,17.5,0,-3,0,21.7,16,0,0,1,17.3
"56,64,65,66",,,,,,,,,,,,,,,,,,,,,,,,,,,,,,,,,,
"56,64,65,66",16.2,0,18.7,4.044,0,0,22,0,0,18.1,0,0,0,0,0,56.6,17,23.1,4.054,100,0,0,0,15.7,18.9,0,2,0,22,16.2,0,0,1,17.7
"56,64,65,66",16.8,0,18.9,4.053,0,0,22,0,0,18.7,0,0,0,0,0,56.8,17.1,23.1,4.064,100,0,0,0,15.8,18.9,0,-6,0,23.1,16.6,0,0,1,18.2
"56,66",16.9,0,18.9,4.057,0,0,21,0,0,19,0,0,0,0,0,56.8,17.2,23.1,4.068,100,0,0,0,15.8,18.9,0,-7,0,23.1,16.8,0,0,1,18.5
"55,56,66",,,,,,,,,,,,,,,,,,,,,,,,,,,,,,,,,,
"52,55,56,66",17,0,18.7,4.062,0,0,21,0,0,19.1,0,0,0,0,0,56.9,17.2,23.1,4.072,100,0,0,0,15.8,18.9,0,-1,0,23.1,16.9,0,-1,1,18.7
"52,56,66",17,0,18.7,4.062,0,0,22,0,0,19.1,0,0,0,0,0,56.9,17.2,23.1,4.073,100,0,0,0,15.8,18.9,0,-1,0,23.1,16.9,0,-1,1,18.7
"52,56,66",17.3,0,18.9,4.063,0,0,22,0,0,19.4,0,0,0,0,0,56.9,17.2,23.1,4.074,100,0,0,0,15.8,18.9,0,0,0,23.1,17,0,0,1,18.9
52,,,,,,,,,,,,,,,,,,,,,,,,,,,,,,,,,,
59,17.4,0,18.9,4.068,0,0,22,0,0,19.7,0,0,0,0,0,57,17.3,23.2,4.078,100,0,0,0,15.9,18.9,0,0,0,23.1,17.3,0,0,1,19.1
"56,59,66",,,,,,,,,,,,,,,,,,,,,,,,,,,,,,,,,,
"53,56,66",,,,,,,,,,,,,,,,,,,,,,,,,,,,,,,,,,
"53,56",,,,,,,,,,,,,,,,,,,,,,,,,,,,,,,,,,
"56,62,66",,,,,,,,,,,,,,,,,,,,,,,,,,,,,,,,,,
"54,56,62,66",,,,,,,,,,,,,,,,,,,,,,,,,,,,,,,,,,
"54,56,66",,,,,,,,,,,,,,,,,,,,,,,,,,,,,,,,,,
"54,56,66",18.2,0,18.9,4.083,0,0,21,0,0,20.4,0,0,0,0,0,57.2,17.5,23.2,4.094,100,0,0,0,16,18.9,0,-2,0,23.1,17.9,0,0,1,20
"54,66",,,,,,,,,,,,,,,,,,,,,,,,,,,,,,,,,,
"56,66",0.5,-0.1,5.1,4.1,0,-6,0,0,0,5.3,0,0,0,0,0,57.6,2.4,3.6,4.124,100,0,0,0,0.9,5.7,0,0,0,1.1,-1,0,0,4,1.5
"56,66",14.8,0,15.7,4.112,0,0,0,0,0,17.8,0,0,0,0,0,57.7,13.4,17.5,4.131,100,0,0,0,12.8,12,0,0,0,14.8,15.6,0,0,14,16.2
92,28.7,2.3,27.6,3.887,0,1390,-55,0,0,28.7,0.01,0,1.44,-0.02,0,54.7,28.4,28.6,3.911,80,0,0,0,26,27.2,0,0,0,28.6,29.3,0,1,1,29.6
92,29.3,41.7,27.2,3.758,0,1757,-41,0,10.5,29.5,0.26,0,2.54,-0.02,0,53.7,22.5,28.6,3.84,73,-0.02,0,0,20,27.2,0,-25,0,30,28.3,0,-63,18,30.6
92,29.6,31.3,27.2,3.766,-0.79,1764,-102,7.9,0.2,29.7,0.17,-0.08,1.56,0.12,0.06,53,22.5,28.6,3.797,73,2.2,0.15,-0.78,20,28.6,5.8,-2848,0.62,30,28.5,1.49,-2456,7,30.7
92,34.3,189.8,34.2,3.694,-0.06,807,-147,-6.3,0,34.2,0.47,0,3.64,0,0,52.6,23.5,34.2,3.766,69,0,0,-0.13,21,34,0.2,-8,2.22,37.1,33.2,0,5,1,35.2
17,11.4,9.6,18.3,4.011,0.7,560,-10,0,-1.7,8.7,0.03,0.02,0.26,0.01,0,56.2,7.8,13.5,4.029,97,0,0.01,0.36,6.2,6.5,1.7,-2,0.68,9.3,8.2,0,-86,9,11.5
"56,66",20.2,0,17.7,4.106,0,3,0,0,0,8.5,0,0,0,0,0,57.6,18.3,23,4.126,100,0,0,0,17.5,17.5,0,0,0,6.2,7.9,0,0,-3,19.3
"56,66",20.4,0,18.9,4.105,0,0,0,0,0,20.6,0,0,0,0,0,57.6,18.4,24.2,4.126,100,0,0,0,17.5,17.5,0,0,0,18.9,20,0,0,-3,19.7
"56,66",20.5,0,18.9,4.104,0,7,0,0,0,20.7,0,0,0,0,0,57.6,18.1,24.3,4.124,100,0,0,0,17.4,15.9,0,0,0,18.9,17.7,0,0,-3,17.3
"56,66",18.3,0,17.6,4.103,0,0,0,0,0,18.5,0,0,0,0,0,57.6,18.1,22.6,4.124,100,0,0,0,17.3,16.2,0,1,0,17.5,17.9,0,2,-3,17.5
"56,66",18.6,0,17.5,4.103,0,0,0,0,0,18.7,0,0,0,0,0,57.6,18.1,22.9,4.123,100,0,0,0,17.3,16.2,0,0,0,17.5,18.1,0,0,-3,17.9
"56,66",18.6,0,17.5,4.103,0,0,0,0,0,18.6,0,0,0,0,0,57.6,18,22.9,4.122,100,0,0,0,17.1,16.2,0,-1,0,17.2,17.8,0,0,-2,17.9
"56,66",18.7,0,17.5,4.101,0,0,0,0,0,18.6,0,0,0,0,0,57.6,18,21.7,4.122,100,0,0,0,17.1,16,0,0,0,17.5,18.1,0,0,-3,17.9
"56,66",19,0,17.5,4.101,0,-3,0,0,0,18.9,0,0,0,0,0,57.6,18,21.7,4.121,100,0,0,0,17,16.2,0,0,0,17.5,18.2,0,0,-3,18.2
"56,66",19.3,0,17.5,4.101,0,0,0,0,0,19.1,0,0,0,0,0,57.6,18,21.7,4.121,100,0,0,0,17,16.1,0,0,0,17.5,18.3,0,0,-3,18.5
"56,66",19.4,0,16.2,4.101,0,0,0,0,0,19.1,0,0,0,0,0,57.5,17.9,21.7,4.12,100,0,0,0,0,14.8,0,7,0,17.5,18.5,0,6,-3,18.6
"56,66",19.4,0,17.5,4.1,0,0,0,0,0,19.2,0,0,0,0,0,57.5,18,21.7,4.12,100,0,0,0,17,14.8,0,0,0,17.5,18.5,0,1,-2,18.6
"56,66",19.6,0,17.5,4.099,0,0,0,0,0,19.4,0,0,0,0,0,57.5,18,21.7,4.12,100,0,0,0,17,15.9,0,0,0,17.5,18.6,0,0,-3,18.7
"56,66",19.8,0,17.5,4.099,0,3,0,0,0,19.5,0,0,0,0,0,57.5,18,21.7,4.12,100,0,0,0,16.9,16,0,0,0,17.5,18.7,0,-2,-2,19
"56,66",20,0,17.5,4.098,0,-3,0,0,0,19.8,0,0,0,0,0,57.5,18,21.7,4.119,100,0,0,0,16.9,16,0,0,0,17.5,19,0,0,-2,19.3
"56,66",20.3,0,17.5,4.097,0,3,0,0,0,20,0,0,0,0,0,57.5,18,21.7,4.118,100,0,0,0,16.9,15.6,0,0,0,17.5,19.1,0,1,-3,19.5
"56,66",20.4,0,17.5,4.096,0,0,0,0,0,20.2,0,0,0,0,0,57.5,18,21.7,4.117,100,0,0,0,16.9,15.9,0,0,0,17.5,19.4,0,0,-2,19.7
"56,66",20.6,0,17.5,4.096,0,-3,0,0,0,20.3,0,0,0,0,0,57.5,18,21.7,4.117,100,0,0,0,16.9,15.6,0,0,0,17.5,19.4,0,-1,-3,19.9
"56,66",20.7,0,17.5,4.096,0,0,0,0,0,20.5,0,0,0,0,0,57.5,18,21.7,4.116,100,0,0,0,16.9,15.5,0,0,0,17.5,19.7,0,-1,-3,20
58,20.2,0,17.5,4.113,0,0,0,0,0,20.6,0,0,0,0,0,57.7,17.9,22,4.132,100,0,0,0,0,17.5,0,1,0,18.9,19.7,0,0,-4,19.4
58,20.2,0,17.5,4.113,0,0,0,0,0,20.6,0,0,0,0,0,57.7,17.9,22,4.132,100,0,0,0,0,17.5,0,1,0,18.9,19.7,0,0,-4,19.4
58,20.2,0,17.8,4.113,0,0,0,0,0,20.6,0,0,0,0,0,57.7,17.9,22,4.132,100,0,0,0,0,17.5,0,1,0,18.9,19.7,0,0,-4,19.4
58,,,,,,,,,,,,,,,,,,,,,,,,,,,,,,,,,,
57,22.2,0,18.9,4.109,0,3,0,0,0,22.9,0,0,0,0,0,57.6,20.1,24.2,4.127,100,0,0,0,19.1,18.8,0,0,0,19,21.8,0,0,-3,21.7
36,13.5,21.9,18.9,3.768,0,794,-41,-0.1,-0.1,14.2,0.02,0,0.24,0,0,53.1,13.3,10.6,3.801,68,0,0,0,11.4,18.9,-0.1,-1,0,20.2,13.9,0,-6,9,12.9
"21,29",8,0,185.2,3.816,0,2,0,0,0,7.8,0,0,0,0,0,53.5,7.3,2.7,3.833,69,0,0,0,6,9,0,-3,0,11.3,6.1,0,5,-58,6.8
"21,29",8.1,0,187.7,3.816,0,0,0,0,0,8.2,0,0,0,0,0,53.5,7.4,3,3.832,69,0,0,0,6,8.7,0,0,0,11.3,6.4,0,0,-60,7.3
"21,29",8.1,0,200,3.815,0,0,0,0,0,8.3,0,0,0,0,0,53.5,7.4,3,3.831,69,0,0,0,6,8.5,0,3,0,11.3,6.4,0,2,-60,7.4
"21,29",8.2,0,200,3.815,0,0,0,0,0,8.6,0,0,0,0,0,53.5,7.4,3.2,3.831,69,0,0,0,6,8.3,0,4,0,11.4,6.6,0,-5,-60,7.8
"21,29",9.2,0,176.8,3.808,0,0,0,0,0,9.2,0,0,0,0,0,53.4,7.4,3.7,3.824,68,0,0,0,6,9.3,0,0,0,11.9,7.3,0,-6,-63,8.4
29,11.1,0,148.1,3.783,0,0,0,0,0,10.6,0,0,0,0,0,53.1,7.4,5.1,3.799,67,0,0,0,6.1,12,0,0,0,13.1,11.5,0,0,-63,10.3
"28,29",11.1,0,81.5,3.785,0,0,0,0,0,10.6,0,0,0,0,0,53.1,7.4,5.1,3.801,67,0,0,0,6.1,12,0,0,0,13.1,11.5,0,0,-61,10.3
29,11.2,0,124.2,3.779,-0.11,0,0,2.1,-2,10.8,0,-0.54,0,0,0,53,7.5,5.1,3.795,67,0,0,0.62,6.1,12,8.6,-4,0.98,12.6,11.6,0,0,-63,10.3
"21,29",,,,,,,,,,,,,,,,,,,,,,,,,,,,,,,,,,
"21,29",10.8,0,200,3.791,0,-3,0,0,0,10.6,0,0,0,0,0,53.2,7.5,4.8,3.807,66,0,0,0,6.1,12,0,1,0,12.4,10.4,0,0,-59,10.3
"21,29",10.6,0,200,3.794,0,3,0,0,0,10.7,0,0,0,0,0,53.2,7.5,3.7,3.81,66,0,0,0,6.1,11.2,0,-4,0,12.2,10.2,0,0,-60,10.3
"21,29",10.4,0,200,3.795,0,-3,0,0,0,10.8,0,0,0,0,0,53.2,7.5,3.7,3.811,66,0,0,0,6.1,10.6,0,1,0,12.1,9.9,0,0,-60,10.4
"21,29",10.4,0,200,3.795,0,3,0,0,0,10.9,0,0,0,0,0,53.2,7.5,3.7,3.811,66,0,0,0,6.1,10.6,0,1,0,12.1,9.8,0,0,-59,10.4
"21,29",10.4,0,200,3.801,0,0,0,0,0,11,0,0,0,0,0,53.4,3.7,3.7,3.82,67,0,0,0,2.6,3.7,0,0,0,8.3,9.7,0,0,-63,10.4
24,19.3,5.2,10.3,4.014,0,802,-137,23.4,-66,23.6,0.02,0,0.23,3.32,0.31,56.8,14.2,9.3,4.08,99,0.81,0.13,0,11,17.2,29.1,3487,0,18.5,18.6,3.98,3216,1,20.3
"56,66",,,,,,,,,,,,,,,,,,,,,,,,,,,,,,,,,,
"56,66",34.4,0,34.2,3.67,0,2,0,0,0,34.5,0,0,0,0,0,51.4,18.3,27.2,3.68,54,0,0,0,15.5,30,0,0,0,28.6,29.6,0,0,2,34.8
"56,66",33.5,0,34.2,3.67,0,-2,0,0,0,33.8,0,0,0,0,0,51.4,18.3,27.2,3.68,54,0,0,0,15.4,28.6,0,0,0,27.6,29.4,0,0,2,34.2
39,0.9,0,1,3.756,0,0,-1,0,0,-0.8,0,0,0,0,0,52.7,4.1,5.1,3.779,48,0,0,0,2.1,2.4,0,5,0,6.5,-0.6,0,0,90,0.1
"56,66",,,,,,,,,,,,,,,,,,,,,,,,,,,,,,,,,,
"56,66",,,,,,,,,,,,,,,,,,,,,,,,,,,,,,,,,,
"56,66",1,0,1.1,3.757,0,0,0,0,0,-0.6,0,0,0,0,0,52.7,4,6.3,3.779,48,0,0,0,2.2,2.4,0,0,0,6.5,-0.5,0,0,90,0.2
"56,66",1.4,0,1.4,3.756,0,0,0,0,0,-0.2,0,0,0,0,0,52.7,3.9,6.5,3.777,48,0,0,0,2.2,3.7,0,0,0,6.9,-0.2,0,0,90,0.7
"56,66",1.4,0,1,3.755,0,0,0,0,0,-0.2,0,0,0,0,0,52.7,3.9,6.5,3.777,48,0,0,0,2.2,3.7,0,0,0,6.5,-0.2,0,0,90,0.7
"56,66",1.7,0,1.3,3.755,0,7,0,0,0,0.2,0,0,0,0,0,52.7,3.9,6.5,3.776,48,0,0,0,2.2,3.7,0,0,0,6.8,0,0,0,90,0.9
"56,66",,,,,,,,,,,,,,,,,,,,,,,,,,,,,,,,,,
"56,66",1.9,0,1.3,3.755,0,7,0,0,0,0.3,0,0,0,0,0,52.7,3.9,6.5,3.777,48,0,0,0,0,3.7,0,6,0,6.7,0.2,0,0,90,1
17,,,,,,,,,,,,,,,,,,,,,,,,,,,,,,,,,,
32,,-0.1,,4.061,0,0,23,0,0,16.1,0,-0.01,0,0,0,57.1,15.7,,4.093,98,0,0,0,14.6,,0,-3,0,20,,0,3,8,
32,17.9,0,13.4,4.084,0,3,23,0,0,16.5,0,-0.01,0,0,0,57.5,15.8,14.7,4.115,99,0,0,0,14.6,13,0,0,0,20.3,16.1,0,-3,8,16.6
32,19.5,0,13.4,4.1,0,0,22,0,-0.1,17.2,0,-0.01,0,0,0,57.7,15.9,14.8,4.129,100,0,0,0,14.7,13.4,0,-9,-0.01,20.5,17,0,0,8,17.3
17,18.8,23.3,30.2,3.596,0.18,688,-12,-0.1,-1.4,18.6,0.04,0.46,0.24,0,0,50.6,16.4,25.5,3.613,45,0,0.01,0.39,14.9,23.5,-0.1,5,1.2,28.6,17.5,0,0,90,18.2
17,,,,,,,,,,,,,,,,,,,,,,,,,,,,,,,,,,
17,,,,,,,,,,,,,,,,,,,,,,,,,,,,,,,,,,
17,12.4,13.2,11.9,4.009,-0.11,802,-12,22.2,-32.6,9.7,0.04,-0.44,0.16,-0.08,0.17,56,10.9,10.5,4.03,100,0.06,0.14,-0.12,8.9,20,2.7,1235,0.93,11.1,9.4,0.02,1428,25,10.4
17,,,,,,,,,,,,,,,,,,,,,,,,,,,,,,,,,,
29,7,-0.1,-28.7,4.09,0.02,0,0,0,0,6.4,0,-0.01,0,0,0,57.6,10.9,7.9,4.117,100,0,0,0.03,7.3,9.2,0,-7,0.31,9.2,6.6,0,0,73,6.6
29,4.6,0,0,4.103,0,0,0,0,0,6.4,0,0,0,0,0,57.6,8.2,5.1,4.131,100,0,0,0,0,5.1,0,-3,0.22,7.9,5.5,0,0,90,6.8
29,6.5,0,1.6,4.068,0.04,3,-26,0,-0.1,6.3,0,0,0.41,0,0,57.3,9.7,8,4.096,100,0,0,0.04,6.6,10.3,0,0,0.4,8,6.2,0,0,89,6.7
29,14.1,-0.1,-7.9,3.994,0,0,0,0,0,9.6,0,0,0,0,0,56.2,9.8,16.2,4.008,97,0,0,0,7.1,20.2,0,-2,0.21,13.9,8.6,0,0,90,11.5
29,4.5,0,-17.2,4.026,0,3,0,0,0,5.1,0,0,0,0,0,56.7,8.2,6.5,4.055,97,0,0,0,5.9,5.1,0,10,0,7.9,5.3,0,0,69,5.1
29,13.5,0,-21,3.935,0.26,0,-76,0,0.5,7.4,0,0.43,0,0,0,55.6,8.8,8.5,3.986,95,0,0,1.3,6.5,20.3,0,0,1.02,9.4,7.3,0,0,90,8.2
29,13.7,-0.1,-40,3.977,0,0,0,0,0,7.6,0,0,0,0,0,56,8.8,9.3,4.005,95,0,0,0,6.5,20.3,0,0,-0.01,9.4,7.3,0,0,90,8.2
29,,,,,,,,,,,,,,,,,,,,,,,,,,,,,,,,,,
29,20.7,0,-8.9,3.807,1.3,0,-5,21.1,-0.1,15.6,0.07,3.1,0.9,0,0,54,11,23.1,3.86,82,0,0,2.04,8.7,30.6,-0.1,2,0.26,21.2,14.3,0,0,90,18.2
29,5.8,0,-40,3.885,0,7,0,0,0,6.6,0,0,0,0,0,54.5,9.8,7.9,3.919,100,0,0,0,7.6,7.9,0,-9,0,9.3,6.9,0,0,90,6.6
29,12.8,-0.1,-9.4,3.78,0.5,-5,-88,0,0,9.7,0,0.58,0,0,0,53.6,10.4,12,3.832,77,0,0,0.17,8.1,19.9,0,-1,1.4,13.4,9.9,0,0,90,10.2
29,13.5,20.4,-40,3.819,0,717,0,0,0,9.6,0.03,0,0.08,0,0,53.8,10.4,12,3.85,77,0,0,0,8.1,20.3,0,0,0,13.4,9.6,0,0,90,10.3
29,12.3,-7.6,-26.3,4.082,0.27,0,0,0.3,1.8,11.6,0,-0.36,0,0.01,0,57.5,10.4,14.5,4.109,100,0,0,0.97,9,14.1,9.1,0,1.22,14.9,13.3,0,-1,90,11.9
29,16,-3.8,-2.6,4.052,0,0,0,2,1.5,13.5,0,-0.35,0,0,0,57,11.1,17.3,4.078,100,0,0,0,9.7,22.5,0.7,-1,0,16.8,14.9,0,0,90,14.6
29,17.3,-0.1,-11.2,3.955,0,3,0,0,0,17.9,0,0,0,0,0,55.6,13,18.9,3.984,92,0,0,0,11.4,24.4,0,0,-0.01,18.9,17.8,0,0,90,18.2
29,20.9,-0.1,-20.8,3.898,0.05,0,0,0.7,0.1,17.5,0,-0.01,0,0,0,54.9,13.9,20.1,3.929,86,0,0,0.76,12.3,31.5,-0.1,1,0.54,19,17.8,0,0,90,19.4
29,12.3,-0.2,-15.8,3.972,0,-3,0,0,0,11,0,0,0,0,0,55.9,11.1,12,4,95,0,0,0,8,21.5,0,1,0,12,10.3,0,1,90,12.3
29,12.5,-0.1,-10.6,3.909,0.44,0,0,1.1,7.3,10.2,0,0.29,0,0,0,55.1,11.1,13.4,3.944,92,0,0,0.43,8.1,20.8,8,1,0.66,12.5,10.6,0,0,90,10.8
29,13.8,-0.1,-21.7,3.899,-0.15,0,0,0.7,0.5,10.7,0,-0.59,0,0,0.01,54.9,11,12,3.928,89,0,0,-0.44,8.1,24,1,-1,1.56,12.3,10.4,0.01,1,90,11.4
29,16.3,0,-8.1,3.861,0,0,0,0,0,11,0,0,0,0,0,54.4,11.1,12,3.891,85,0,0,0,8.2,27.3,0,13,0,12,10.2,0,2,81,12.2
29,16.3,0,-35.5,3.864,0,0,0,0,0,11,0,0,0,0,0,54.4,11.1,12,3.894,85,0,0,0,8.2,27.3,0,13,0,12,10,0,2,81,12.2
29,18.3,0,-11.8,3.701,0.04,0,0,-0.1,-0.1,12.8,0,0.1,0,0,0,52.1,12.5,16.2,3.729,67,0,0,0.02,9.8,30.7,-0.1,4,4.25,15.1,13,0,0,90,14.1
29,12.4,-0.1,1.6,3.667,1.2,0,-14,0,0,9.7,0,1.18,0,0,0,51.5,11.9,13.4,3.694,63,0,0,0.42,9.2,21,0,-2,0.82,13,10,0,-1,90,10.8
29,12.9,0,-39.7,3.672,0,0,0,0,0,10,0,0,0,0,0,51.7,11.9,13.4,3.701,63,0,0,0,9.3,21.6,0,1,0,13.4,9.9,0,0,90,11.1
29,10.5,-0.1,-29.4,4.059,0.01,2,0,0,0,6.6,0,0.02,0,0,0,57.1,10,7.9,4.084,100,0,0,0.05,6.8,15.7,0,-2,2.26,9.4,6.8,0,0,90,7.1
29,11.1,0.4,-13.3,3.952,0,0,0,1.2,4.6,8.1,0,0,0,0,0,55.6,10.2,10.5,3.982,93,0,0.01,0,7.3,20.6,2.4,0,0,10.6,8.8,0,-1,90,9.2
29,11.9,0,-40,3.958,0,9,0,0,0,8.2,0,0,0,0,0,55.7,10.2,10.6,3.987,93,0,0,0,7.4,21.1,0,0,0,10.8,8.1,0,0,90,9.2
29,18.9,0.7,7,3.863,-0.27,260,0,0.3,2.5,10.8,0,2.21,0,0,0,54.4,11,15,3.893,85,0,0.01,-1.42,8.4,32.1,9.3,-1,0.43,14.7,11.3,0,1,90,12.4
29,10.5,-2,-22.2,3.871,1.32,0,0,1.2,1,8.6,0,0.98,0,0,0,54.5,10.1,10.6,3.902,84,0,0,-0.26,7.9,15.9,-0.1,0,1.43,11.3,9.8,0,0,90,9.4
29,13.7,4.4,-20.2,4.001,-0.04,0,0,-0.4,6.7,9.2,0,-0.06,0,0,0,56.3,9.4,11,4.028,98,0,0.01,0.67,6.1,23.6,9.1,0,1.25,9.4,8.3,0,0,90,11.6
29,14.1,0,-17.8,3.94,0,0,0,0,0,9.6,0,0,0,0,0,55.4,9.5,11.9,3.964,93,0,0,0,6.5,24.4,0,0,0,10.6,9.4,0,0,90,11
29,14.7,-0.1,-27.5,3.858,-0.01,-7,0,0.7,2.6,9.6,0,-0.4,0,0,0.01,54.3,10,12,3.889,83,0,0,1.08,7.2,24.4,4.4,2,0.3,12,9.5,0,0,90,11
29,21.3,0,-8.9,3.756,0,7,0,0,0,14.4,0,0,0,0,0,52.9,11.1,18.9,3.784,73,0,0,0,8.4,32.9,0,0,0,16.2,13.1,0,1,87,17.3
29,11.8,0,-11.6,3.728,0,0,0,0,0,8.7,0,0,0,0,0,52.5,10.8,14.8,3.756,69,0,0,0,8.2,18.9,0,2,0,13.4,8.2,0,0,90,9.9
29,11.4,0,-40,3.746,0,0,0,0,0,8.7,0,0,0,0,0,52.7,10.8,13.6,3.775,69,0,0,0,8.2,17.5,0,2,0,13.4,8.2,0,1,90,9.9
29,10.6,0,-40,3.757,0,-7,0,0,0,8.9,0,0,0,0,0,52.9,10.7,13.4,3.784,69,0,0,0,8.1,16.2,0,0,0,12.4,8.4,0,0,90,10
29,9.9,0,-40,3.761,0,0,0,0,0,9.1,0,0,0,0,0,52.9,10.6,13.4,3.786,69,0,0,0,8,16,0,1,0,12.1,8.6,0,1,90,10.1
29,9.6,0,-40,3.763,0,-7,0,0,0,9.4,0,0,0,0,0,53,10.6,12.3,3.788,69,0,0,0,8,14.8,0,1,0,12,8.7,0,0,90,10.2
29,9.4,0,-40,3.764,0,3,0,0,0,9.6,0,0,0,0,0,53,10.6,12,3.789,69,0,0,0,8,14.5,0,-4,0,12,8.9,0,-1,90,10.2
29,16.3,-0.1,0.4,3.665,0.31,4,-7,2,3.1,12.7,0,0.38,0,0,0.01,51.5,11.7,18,3.695,62,0,0,0.04,9,25.4,2,-2,1.17,17.4,12.2,0,1,90,13.9
29,16.8,-0.1,-40,3.682,0,0,0,0,0,12.7,0,0,0,0,0,51.8,11.7,18.2,3.712,62,0,0,0,9.1,24.4,0,0,0,17.4,11.5,0,0,90,13.9
29,15,0,-23.3,3.66,0,0,0,0,0,12.7,0,0,0,0,0,51.5,11.7,17.7,3.688,58,0,0,0,9.1,24.4,0,-1,0,17,11.6,0,0,90,13.7
29,10.3,0,-13,3.89,-0.14,0,0,0.2,0.1,7.9,0,-0.19,0,0,0,54.7,8.7,12,3.92,88,0,0,1.2,6.1,18,8.3,-1,0.81,12,8.3,0,2,90,8.9
29,14.4,14.5,-11.2,3.787,0.15,-2,0,1.4,4.8,11.5,0,0.19,0,0,0,53.3,10.4,17.5,3.816,76,0,0.01,0.12,8,23,2.2,0,2.58,17.5,11.4,0,0,90,12.4
29,4.8,0,-2.2,3.904,0,0,0,0,0,5.5,0,0,0,0,0,55,8.1,6.5,3.938,85,0,0,0,5.6,6.5,0,8,0,7.9,5.8,0,0,90,5.5
29,11.8,-0.1,-14.4,3.819,0.19,0,0,-0.2,0.6,7.6,0,-0.5,0.01,0.01,0,53.8,9,11.5,3.849,81,0.01,0,-0.05,6.6,18.5,0.2,1,0.33,12,8.8,0.01,0,90,8.6
29,12.4,0,-40,3.826,0,0,0,0,0,7.9,0,0,0,0,0,53.8,9,12,3.857,81,0,0,0,6.6,18.9,0,1,0,12,7.9,0,0,90,8.9
29,10.7,-0.1,-40,3.727,0.01,7,0,0,-0.1,10.8,0,-0.01,0,0,0,52.5,9,12,3.762,90,0,0,0,0,17.5,-0.1,1,0,13.4,10.7,0,0,90,11.4
29,9.6,0,-40,3.702,0,0,0,0,0,10.7,0,0,0,0,0,52.1,10.4,12,3.732,61,0,0,0,8.3,14.8,0,0,0,13.4,10.6,0,0,90,10.8
29,9.6,0,-40,3.702,0,3,0,0,0,10.7,0,0,0,0,0,52.1,10.5,13.2,3.733,61,0,0,0,8.4,14.8,0,0,0,13.4,10.6,0,0,90,10.8
29,13.6,-0.1,-16.8,3.649,0.94,0,0,1.2,6.1,12.3,0,-0.11,0,0,0,51.4,11.1,17,3.678,58,0,0.01,0.03,9,21.8,2.6,-1,1.22,17.4,12.6,0,0,77,12.8
29,9.2,-0.1,-18.2,4.099,0.08,3,0,0.3,0.7,9.7,0.01,0.12,0,0.01,0,57.7,12.8,10.6,4.125,100,0,0,0.07,9.3,10.5,0.2,1,3.2,11.3,9.9,0,0,90,9.9
29,20.8,-0.1,-17.7,3.974,0,0,0,0,0,16.5,0,0,0,0,0,55.9,13.1,20.2,4.003,95,0,0,0,10.5,28.6,0,0,-0.01,18.3,15.4,0,0,90,18.6
29,13.2,2.7,-21,3.951,-0.35,0,0,3.7,1.6,12.2,0,-2.5,0,0,0,55.6,12.8,15,3.977,93,0,0,-0.34,10.5,19.4,4.1,1,0.86,15.3,12.8,0.01,-1,90,12.5
29,14,0,-40,3.961,0,0,0,0,0,12.5,0,0,0,0,0,55.7,12.8,15.1,3.989,93,0,0,0,10.6,20.2,0,0,0,16.2,12.9,0,0,90,13.1
29,24.2,0,-21.9,3.764,0,0,0,0,-0.1,20.2,0,-0.01,0,0,0,52.9,15.1,31.4,3.791,75,0,0,0,12.8,34.2,0,1,0,27.5,18.5,0,0,90,23
29,24.2,0,-33.1,3.765,0,7,0,0,-0.1,20.2,0,-0.01,0,0,0,53,15.1,31.4,3.794,75,0,0,0,12.8,34.2,0,-5,0,27.5,18.5,0,0,90,23
29,8.5,0,-38.2,4.086,0.06,0,0,1.5,0.7,9.1,0,-0.82,0,0,0,57.5,13.2,10.3,4.111,100,0,0.01,1.81,9.7,9.7,4.4,-1,1.8,11.6,9.5,0,0,73,8.9
29,9.6,0,-40,4.092,0,0,0,0,0,9.2,0,0,0,0,0,57.6,13.2,10.6,4.118,100,0,0,0,9.8,10.6,0,0,0,12,9.1,0,0,90,9.2
29,24.8,0,-35.3,3.915,-0.56,3,0,0.2,5.2,18.3,0,-1.63,0,0,0.01,55,14.2,20.7,3.944,89,0,0,-1.37,11.2,37.6,0.4,1,0.97,20.4,17,0,0,90,20.6
29,20.6,0,-19.2,3.766,0,0,0,0,0,15.3,0,0,0,0,0,53,14.9,18.8,3.793,73,0,0,0,12.1,31.4,0,1,0,18.9,15.4,0,1,90,16.5
29,18.6,0,-7.8,3.702,0.12,7,0,2.7,1.3,16.8,0,0.18,0,0,0,52.1,15.1,17.5,3.729,65,0,0,0.12,12.3,30.7,1.8,1,4.18,23.8,17.4,0,0,90,16.6
29,6.6,-0.1,-33.8,3.918,-1.87,0,0,7.4,0.4,6.2,0,2.64,0,0.01,0,55.1,10.1,8.9,3.946,88,0,0,0,6.8,12.6,0,0,1.71,9.9,7.8,0,0,-69,6.4
29,6.8,-0.1,0,3.937,0,0,0,0,0,6.6,0,0,0,0,0,55.4,8.5,7.9,3.959,100,0,0,0,0,10.6,0,7,0,7.9,6.8,0,0,-69,6.8
29,6.1,0,-40,3.937,0,0,0,0,0,6.3,0,0,0,0,0,55.4,9.9,7.9,3.969,88,0,0,0,6.6,10.6,0,-1,0,8.7,6.8,0,0,87,6.6
29,14.8,5,-22.2,3.65,0.27,0,0,8.5,2.6,10.2,0,-0.17,0,0,0,51.3,11.7,17.4,3.678,57,0,0,0.02,8.5,25.8,0.7,1,1.76,16.2,9.2,0,0,90,11.5
29,10.7,0,-31.7,3.636,0.22,0,-1,-0.4,-0.4,8.6,0,0.58,0,0.01,0,51.2,11.1,13.4,3.664,54,0.01,0.01,0.71,8.2,21.5,2,3,2.92,13.4,8.2,0,1,90,9.4
29,4.8,0,-40,3.669,0,90,-1,0,0,5.8,0,0,0.02,0,0,51.7,10.1,7.9,3.701,54,0,0,0,7.2,9.3,0,-7,0,8.1,5.9,0,0,90,6
29,1.9,7.2,5,4.068,0.32,0,0,1.6,2.4,1.4,0,0.4,0.01,0,0,57.3,6.5,2.4,4.097,100,0,0,0.34,2.6,4,-0.4,2,4.51,3.5,1.5,0,-1,90,1.7
29,21.4,0,-7.6,3.87,1.02,0,0,-2.1,5,11.9,0,0.98,0,0,0,54.5,8.9,20.2,3.902,87,0,0,1.4,5.8,35,0.9,2,0.59,14.8,10.3,0.01,0,90,16.8
29,4.4,6,-18.3,4.084,0.84,0,0,0.7,4.1,4.6,0,0.06,0.01,0,0,57.5,9.8,6.3,4.112,100,0,0.01,-0.31,5.9,6.4,0,-1,0.94,6.5,4.7,0,0,90,5.1
29,12,-6.3,-18,3.717,0.13,0,0,3.1,2.5,12.2,0,0.16,0,0.01,0.01,52.3,13.1,16.1,3.744,67,0,0.01,0.13,10.3,19.5,1.4,-1,1.43,15.5,12.5,0,2,90,12.4
29,7.3,0,-40,4.089,0,-5,0,0,0,7.3,0,0,0,0,0,57.5,12.3,8.8,4.115,100,0,0,0,8.6,7.9,0,-1,0,8.8,6.8,0,0,90,7.3
29,17.8,0,-31.4,4.008,0,0,0,0,0,11.1,0,0,0,0,0,56.4,12.1,12.3,4.035,99,0,0,0,9,25.8,0,3,0,12.1,10.4,0,1,90,12.8
29,17.8,0,-38.9,4.011,0,0,0,0,0,11.1,0,0,0,0,0,56.4,12.1,12.3,4.037,99,0,0,0,9,25.8,0,2,0,12.1,10.4,0,1,90,12.8
29,16.8,0,-18.5,3.954,0.72,0,0,1.8,1.2,11.9,0,0.23,0,0,0,55.7,12.6,14.3,3.984,95,0,0,0.63,9.5,27.2,1.8,1,0.68,14.3,12.1,0,0,90,13.8
29,17.2,0,-39.8,3.962,0,7,0,0,0,12.2,0,0,0,0,0,55.7,12.6,14.9,3.99,95,0,0,0,9.5,27.2,0,0,0,14.8,11.2,0,0,90,14
29,12.8,-0.1,-27.1,3.773,-0.01,0,0,4.9,3.6,10.6,0,0.23,0,0,0,53.1,12.6,13.4,3.8,74,0,0,0.15,10,21.5,7.6,-3,2.73,13.4,10.8,0,0,90,11
29,17.3,-0.1,-10.2,3.859,-0.37,0,0,-0.2,3.3,11.5,0,0.69,0,0,0,54.3,10.8,15.8,3.89,85,0,0,0.03,8,31.3,9.8,1,2.52,14.7,10.7,0,0,90,12.9
29,12,-0.1,-22,3.82,0.13,6,0,1.2,0.7,8.1,0.01,0.18,0,0,0.01,53.8,10.3,10.6,3.85,80,0,0.01,0.14,7.8,18.9,1,1,2.16,10.6,8.9,0,0,90,8.4
29,14.4,0,-25.3,3.652,0.58,2,0,1.2,5.4,10,0,0.73,0,0,0,51.4,10.7,13.3,3.679,61,0,0.01,0.22,7.9,26.5,3.5,0,1.8,12.1,10.4,0,0,90,11.6
29,4.2,0,-32.6,4.085,-0.27,7,0,0,3.4,4.5,0,1.85,0,0,0,57.5,9.1,5.7,4.112,100,0,0,0.02,5.2,6.4,0,-4,3.02,6.5,4.8,0,1,90,4.8
29,9.5,-0.1,-6.9,4.04,-0.17,0,0,6.5,-0.1,7.4,0,0.75,0,0,0,56.8,8.7,10.5,4.067,100,0,0,0.4,5.5,13.2,0.6,-1,3.3,9.5,7.5,0,2,90,8.7
29,14,5.4,-29.6,3.964,0.54,-3,0,8.7,8.2,11.4,0,0.07,0,0,0,55.7,9.2,24.5,3.992,99,0,0,0.47,6.1,19.9,9.4,-1,1.03,15.9,11,0,0,90,15.9
29,6.9,0,-40,4.003,0,3,0,0,0,7.8,0,0,0,0,0,56.1,7.2,10.6,4.02,100,0,0,0,0,10.6,0,10,0,9.3,7.3,0,0,90,8.2
29,13.3,4.4,-26.9,3.926,0,0,-6,-0.1,-0.1,10.7,0,-0.01,0.18,0,0,55.2,9.3,17.4,3.955,95,0,0,0.01,6.4,20.3,-0.1,-13,0.26,13.4,9.6,0,0,69,12.5
29,13.7,-0.1,-31,3.906,0,0,-6,0.2,-0.1,10.2,0,0,0.04,0,0,54.8,9.7,13.3,3.93,91,0,0,0,6.8,24,0.1,-7,0,12,10.4,-0.01,0,90,11.5
29,9.7,0,-40,3.933,0,0,0,0,0,8.9,0,0,0,0,0,55.2,8,9.3,3.953,100,0,0,0,0,17.5,0,8,0,9.3,8.2,0,-7,90,10.2
29,14.8,4.7,-38.1,3.85,0.86,0,0,0,-0.1,10.9,0,0.56,0,0,0,54.2,10,14.3,3.88,88,0,0,1.33,7.1,26.5,19.6,0,0.75,13.3,10.2,0,-3,90,12.2
29,,,,,,,,,,,,,,,,,,,,,,,,,,,,,,,,,,
29,11.8,-0.1,-39.1,3.833,0,-3,0,-0.1,-0.1,9.4,0,-0.01,0,0,0,53.9,10,13.4,3.863,85,0,0,0.01,7.2,21.7,-0.1,1,0,13.4,8.4,0,0,83,10.7
29,12.9,5.2,-27.9,3.781,0.03,0,-1,0,-0.1,9.4,0,-0.01,0,0,0,53.2,10.3,16,3.81,80,0,0,0.02,7.5,23.1,0,-1,2.67,14.4,8.4,0,1,90,10.7
29,10.8,0,-21.1,3.774,0.43,3,-19,0.4,-0.1,7.1,0,0.13,0,0,0.01,53.1,9.9,12.9,3.803,78,0.01,0,2.54,7.1,19.3,0,0,0.42,10.6,7.1,0,-4,90,8.8
29,6.6,0,-26.8,4.081,0,0,0,0,0,6.4,0,0,0,0,0,57.4,9.4,7.9,4.108,100,0,0,0,5.8,7.9,0,2,0,9.3,6.3,0,-1,90,6.4
29,12.7,-0.1,-12.6,3.86,0.24,-7,0,0,0,10.7,0,-1.28,0,0,0.01,54.4,9.7,13.4,3.888,86,0,0,1.78,7.7,20,-0.1,2,0.65,14,11.6,0,-1,90,11.1
29,5.5,0,-20.4,4.082,0,-2,0,0,0,5,0,0,0,0,0,57.5,9.2,6.5,4.109,100,0,0,0,5.3,7.8,0,0,0,7.8,4.6,0,0,90,4.9
29,15.5,0,-6.5,3.902,0.37,0,0,3.1,2.6,10.3,0,5.39,0,0,0,54.9,9.9,12,3.933,92,0,0,2.22,6.6,27.8,0.8,-1,1.48,12.3,11.8,0,0,90,11.9
29,14.4,0,-19.2,3.854,0.21,0,0,6.1,1.9,11.1,0,0.25,0,0,0.01,54.3,10.7,15.9,3.885,85,0,0,0.17,7.4,26.9,6.3,2,1.93,14.9,10.9,0,0,90,12.8
29,16.4,-0.1,1.2,3.729,0.07,3,-1,0.8,2.6,14.4,0,0.15,0,0,0,52.4,12.2,28.6,3.755,73,0,0,0,8.7,28.7,-0.1,1,4.29,25.8,12.7,0.01,-1,90,16.6
29,8.5,0,-16.1,3.763,0,7,0,0,0,9.2,0,0,0,0,0,52.9,11.6,17.1,3.787,72,0,0,0,8,16.4,0,1,0,15.4,8.7,0,1,90,9.9
29,8.4,0,-40,3.772,0,7,0,0,0,9.1,0,0,0,0,0,53.1,11.7,16.2,3.796,72,0,0,0,8.1,16.2,0,-2,0,15,8.6,0,0,90,9.9
29,9.3,-0.1,-19.9,3.694,0,1,0,3.3,-1.1,6.6,0,0.43,0,0,0,52,10.5,9.3,3.721,67,0,0,0.77,7.3,15.9,2.7,0,0.32,9.3,7.3,0,0,90,7.3
29,9.9,0,-6.7,4.007,-0.23,6,0,1.2,1.4,5.3,0,-0.23,0,0,0,56.4,7.8,10.3,4.035,100,0,0.01,0.8,4.3,15.2,7,1,0.99,7.9,4.1,0,0,90,7.6
29,12.2,0,-26.8,3.987,0,9,0,0,0,6,0,0,0,0,0,56.1,7.9,9.2,4.013,100,0,0,0,4.5,20.3,0,0,0,8.1,5.1,0,0,90,7.7
29,8.1,-0.1,-21.8,3.953,0,9,0,0,0,3.5,0,0,0,0,0,55.7,6.4,9.3,3.98,94,0,0,0,2.8,18.1,0,-2,0,8.2,3,0,0,90,5.1
29,6.8,0,-12.2,3.867,0,-5,0,0,0,2.8,0,0,0,0,0,54.4,6.6,5.2,3.895,87,0,0,0,3.2,16.6,0,0,0,6.5,3.2,0,0,90,3.3
29,8.4,-0.1,-23.1,3.794,0.08,0,0,0.5,0.8,5.6,0,0.11,0,0,0,53.4,7.3,12,3.828,80,0,0,0.01,4.1,16,0,-2,2.68,12,4.5,0.01,1,90,6.3
29,6.7,0,2.5,4.027,0.75,0,0,1.5,1.1,2.8,0.01,5.25,0,0,0,56.6,5.8,5.1,4.056,100,0,0,0.28,2.6,12,9.4,0,0.61,6.5,4.4,0,0,90,3.3
29,14.5,0,-23.1,3.956,0,7,0,0,0,8.2,0,0,0,0,0,55.7,7.2,9.3,3.987,92,0,0,0,3.8,27.1,0,-3,0,8,7.3,0,0,90,11.4
29,8.8,4.9,-25.4,3.82,0.24,0,-10,5.8,2.5,6.2,0,0.25,0,0,0,53.7,7.3,6.5,3.849,81,0,0,0.22,4.9,14.7,3.8,-2,2.05,9.1,6.4,0,0,90,6.1
29,10.7,0,13,3.798,0,0,0,0,0,7.3,0,0,0,0,0,53.3,7.6,9.3,3.827,78,0,0,0,5.3,17.5,0,-4,0,10.5,7.4,0,0,90,7.9
29,11.3,-0.1,6.7,4.035,0.12,0,0,7.6,5.7,7,0,-0.01,0,0,0,56.7,8.6,8.2,4.062,100,0,0,0.86,5.6,18.8,2.4,14,0.53,9.7,7,0,0,77,7
29,12.2,0,-40,4.042,0,0,-1,0,0,6.9,0,0,0,0,0,56.9,8.7,8.2,4.071,100,0,0,0,5.6,18.9,0,1,0,9.7,6.9,0,0,90,7.3
29,10.8,0,-18.8,4.027,1.33,0,0,2.8,8.5,8,0,2.97,0,0,0,56.7,8.8,8.5,4.055,100,0,0,2.21,5.9,18.6,5.8,-1,1.18,9.9,9,0,-2,90,9
29,14.1,0,-13.7,3.993,-0.41,1,0,0.4,5.1,9.1,0,-0.01,0,0,0,56.1,8.9,9.3,4.021,99,0,0,-0.69,6.2,24,3,1,4.16,10.6,8.7,0,0,90,10
29,14.6,0,-19.3,3.935,0.1,-7,-6,0.8,3.5,10.6,0,-0.39,0,0,0.01,55.4,9.5,12.1,3.963,93,0.01,0,-0.84,7.3,24.2,0.1,1,1.43,12.6,11.3,0,1,90,11.8
29,14.5,0,-10.3,3.916,-0.32,0,0,8.2,8.8,12.7,0,-1.24,0,0,0,55.2,10,14.6,3.95,90,0,0.01,1.37,8.2,21,2.4,-1,0.6,14.8,12.7,0,2,87,13.2
29,20.5,-2.3,-4.4,3.866,1.2,0,0,0.3,2.3,15.8,0,4.33,0,0,0,54.3,11.1,17.5,3.895,85,0,0,2.15,9.5,29.8,0.4,0,0.89,17.6,16.4,0,0,90,17
29,12,0,-36.8,4.09,0,0,0,0,0,12.2,0,0,0,0,0,57.6,14.3,14.6,4.113,100,0,0,0,11.9,14.3,0,11,0,15.1,12.4,0,6,82,12.3
29,21.5,0,-39.3,3.97,1.2,8,0,0,-4.4,16.6,0,1.96,0.01,0,0,55.8,15.1,20.2,3.997,94,0,0,0.82,12.9,32.5,3.9,0,1.07,18.9,17,0,0,90,18.3
29,20.5,0,-40,3.901,0,0,0,0,0,17.6,0,0,0,0,0,54.9,15.6,23.1,3.93,88,0,0,0,13.4,30,0,0,0,23.3,16.8,0,0,90,18.6
29,23.8,0,-8.5,3.818,0,0,0,0,0,22.9,0,0,0,0,0,53.7,16.8,30,3.847,80,0,0,0,15.2,30,0,1,0,28.6,20.9,0,0,90,23.6
29,25.3,0,4.7,3.72,-0.59,0,0,0.4,2.3,24.8,0,0,0,0,0,52.3,18.7,34.1,3.748,68,0,0,-1.31,17.3,32.5,-0.2,0,0.54,35.2,24.7,0,1,90,24.6
29,16.2,0,5.3,4.028,0,0,0,0,-0.1,13.3,0,0,0,0,0,56.6,14.9,17.5,4.051,98,0,0,0.01,13,21.6,-0.1,0,-0.01,17.5,13.9,0,0,90,14
29,16.8,0,16.3,3.992,0.29,6,0,2.4,6.4,14.8,0,0.43,0,0,0.01,56.2,15.1,17.8,4.019,94,0,0,0.94,13.3,23.8,1.8,4,0.41,18.2,15.5,0,0,90,15.3
29,9.7,0,-22.8,4.086,0.14,0,0,-0.2,1.4,10.4,0,-0.15,0,0,0,57.5,13.3,12.1,4.112,100,0,0,0.18,10.8,11.7,0.5,-1,1.26,13.5,11.5,0,0,90,10.2
29,16.1,0,-40,4.023,0,3,0,0,0,13.6,0,0,0,0,0,56.6,12.6,16.2,4.049,97,0,0,0,0,23.1,0,10,0,16.2,13.1,0,-6,23,15.7
29,24.4,2.8,-2,3.831,-0.04,-3,0,0.2,3.5,19.5,0,0,0,0,0,53.9,15.8,29.5,3.859,81,0,0,0.3,13.3,37.8,2.6,-1,1.65,26.2,18.1,0,0,90,22.2
29,16.8,-0.1,24.3,3.817,0,0,0,5.4,5.7,14.5,0.01,0,0,0,0.01,53.7,15.6,18.9,3.845,78,0,0,0,13.2,26.9,0.6,-1,0,18.1,14.8,0,0,90,15.1
29,,,,,,,,,,,,,,,,,,,,,,,,,,,,,,,,,,
29,14,-0.1,-2.6,4.051,0,5,0,0,0,9.2,0,0,0,0,0,56.9,13,10.6,4.077,100,0,0,0,10.3,20.3,-0.1,-3,0,12,9.6,0,0,90,9.7
29,16.1,3.9,-22.1,4.017,0.29,0,0,1.6,3.7,10.3,0,1.24,0,0,0,56.4,13.1,12.9,4.044,97,0,0.01,0.02,10.4,23.1,6.8,-1,3.53,13,11.2,0,0,90,11.7
29,12.9,0,-11.1,3.936,0,3,0,0,0,14.1,0,0,0,0,0,55.4,13.2,14.8,3.967,87,0,0,0,11.6,15.8,0,0,0,14.8,13.9,0,0,90,13.9
29,17,-0.1,-19.3,3.854,0.18,0,0,-0.1,0,16.6,0,3.67,0,0,0,54.2,14,17.5,3.88,82,0,0,0.23,12.6,22.8,0.8,1,3.8,18.9,16.6,0,0,90,16.5
29,13.1,4.1,12.5,3.956,-0.31,0,0,7.5,6.1,12.1,0,-0.35,0,0,0,55.7,12.1,20.2,3.989,93,0,0.01,1.83,9.8,18.9,3.9,0,1.14,18.4,12.7,0,0,90,12.7
29,9.9,0,-40,3.837,0,0,0,0,0,10.5,0,0,0,0,0,54.1,10.9,10.6,3.886,80,0,0,0,0,12,0,-10,0,12,10.2,0,0,90,10.7
29,12.6,-0.1,-11.5,3.964,1.27,0,0,5.3,3.7,11.1,0,1.32,0,0,0,55.8,10.9,13.3,3.992,94,0,0,-0.24,8.8,18.6,3.1,-1,0.5,14,11.6,0.01,2,90,11.6
29,10.9,0,-40,3.951,0,0,0,0,0,12,0,0,0,0,0,55.6,11.1,12,3.982,90,0,0,0,9.5,13.1,0,-5,0,13.4,12,0,0,90,11.9
29,4,6.6,-22,4.084,1.24,0,0,-0.1,2.4,3.3,0,0.53,0,0,0,57.5,9.9,4.4,4.111,100,0,0,1.33,6.1,6.4,10.8,1,1.5,5.7,3.3,0,1,90,3.7
29,12.3,-0.1,-17.5,3.93,0.01,0,0,0,0,8.7,0,-0.01,0,0,0,55.3,10.4,14.7,3.96,92,0,0,0.02,7.2,21.6,0,-1,2.97,12.3,8.2,0,0,90,10.6
29,,,,,,,,,,,,,,,,,,,,,,,,,,,,,,,,,,
29,13.6,0,-17.5,3.877,0,-8,0,0,0,12,0,0,0,0,0,54.5,10.7,14.8,3.907,84,0,0,0,7.9,20.3,0,-1,0,13.4,10.6,0,0,90,13.2
29,,,,,,,,,,,,,,,,,,,,,,,,,,,,,,,,,,
29,14.9,0,-9.5,3.817,0,0,0,0,0,12.3,0,0,0,0,0,53.7,10.9,18.9,3.847,80,0,0,0,8.5,21.7,0,1,0,16.2,11.4,0,0,90,13.5
29,10.8,0,-40,3.844,0,9,0,0,0,11,0,0,0,0,0,54,9.6,13.4,3.878,84,0,0,0,0,14.8,0,-7,0,13,11.2,0,7,90,11.6
29,12.7,-0.1,-18.5,3.925,0.64,-5,0,6.1,0.1,10.1,0,0.85,0,0,0,55.2,10.4,13.3,3.954,93,0,0,0.17,8.3,18.5,2.1,0,1.03,12.6,10.2,0,0,90,10.2
29,10.6,0,-17,3.961,0,0,0,0,0,11,0,0,0,0,0,55.8,10.3,13,3.991,93,0,0,0,8.7,12,0,2,0,13.4,11.2,0,0,90,11
29,14.1,0,0,3.905,0,3,0,0,0,15,0,0,0,0,0,55,11.7,16.2,3.938,87,0,0,0,10.5,16.2,0,0,0,16.2,15.4,0,0,90,14.9
29,14.4,83,0,3.944,0,644,-12,0,0,15.6,0.39,0,2.76,0,0,55.8,11,14.8,3.995,95,0,0,0,0,17.2,0,0,0,16.2,15.4,0,0,90,15.3
29,23.8,-0.1,-14.3,3.83,0.5,0,0,0.3,1.5,22,0,-0.05,0,0,0,53.9,14.5,21.9,3.858,84,0.01,0,0,13.3,29.7,1.2,2,0.26,22.3,22.6,0.01,4,90,22.2
29,11.8,0,0,3.964,0,0,0,0,0,12.9,0,0,0,0,0,55.7,12.6,13.1,3.992,98,0,0,0,0,13.4,0,0,0,14.8,12.6,0,0,90,12.5
29,,,,,,,,,,,,,,,,,,,,,,,,,,,,,,,,,,
29,,,,,,,,,,,,,,,,,,,,,,,,,,,,,,,,,,
29,10,-0.1,-3.6,4.091,0.05,0,0,0.2,0.1,10,0,0.09,0,0,0,57.5,15.7,11.3,4.114,100,0,0,0.05,13.1,13.3,0,3,2.61,13,10.1,0,0,90,10
29,16.6,0,17.2,4.029,0.8,0,0,0.5,0.5,11.1,0,1.03,0,0,0,56.7,15.6,14.6,4.054,100,0,0,0.28,13.1,24.3,1.4,0,1.43,14.8,12.6,0,0,90,11.4
29,31.2,-0.1,29.2,3.873,0.01,-1,0,2,0,24.1,0,0.72,0,0,0,54.4,16.8,26.3,3.9,85,0,0,-0.03,15.3,42,6.7,2,0.93,25.2,24,0,0,90,26.1
29,19.7,0,-40,3.915,0,0,0,0,0,20.6,0,0,0,0,0,54.9,16.7,20.3,3.946,93,0,0,0,15.5,24.4,0,-6,0,21.7,21.1,0,0,90,20.7
29,27.7,0,-14.9,3.842,2.12,0,0,-0.1,0.6,24,0,5.07,0,0,0,54,17.7,28.3,3.87,80,0,0,2.58,16.4,36.5,0.2,-3,2.44,25.8,25.1,0,0,90,25.2
29,24.4,3.8,-13.5,3.821,0.03,0,0,0.4,0,22.9,0,0.08,0,0.01,0,53.7,18.1,24.4,3.847,78,0,0,0.03,17.1,31.1,0.3,-1,0.35,24.4,23.9,0,0,90,22.9
29,19.1,0,-7.1,4.022,0,0,0,0,-0.1,12.5,0,-0.01,0,0,0,56.6,14,16.2,4.047,100,0,0,-0.01,11.2,27.2,0,1,0,15.6,11.8,0,0,90,14.2
29,15.4,0,-3.2,3.904,0,0,0,0,0,15.2,0,0,0,0,0,54.9,13.8,20.3,3.933,84,0,0,0,11.7,20.3,0,0,0,18.9,14.8,0,0,90,15.7
29,10.2,20,-40,4.105,0,758,-4,0,0,11.5,0.04,0,0.36,0,0,57.8,11.3,11.6,4.133,100,0,0,0,8.8,9.3,0,0,0,13.4,11.3,0,0,90,11.2
29,,,,,,,,,,,,,,,,,,,,,,,,,,,,,,,,,,
29,10.6,0,-40,4.105,0,0,0,0,0,11.6,0,0,0,0,0,57.8,11.4,12,4.132,100,0,0,0,8.8,10.6,0,0,0,13.4,11.3,0,0,90,11.2
29,24,0,-39.5,3.996,0,7,0,0,0,18.7,0,0,0,0,0,56.2,12.7,20.3,4.024,98,0,0,0,10.1,31.3,0,-1,0,20.4,17.3,0,0,90,20.2
29,24,0,-39.5,4.002,0,-3,0,0,0,18.7,0,0,0,0,0,56.3,12.8,20.3,4.03,98,0,0,0,10.2,30.3,0,-1,0,20.4,17.3,0,0,90,20.2
29,13.9,0,0,4.02,0,0,0,0,0,14.8,0,0,0,0,0,56.6,11.1,14.8,4.047,100,0,0,0,0,17.5,0,7,0,14.8,14.1,0,7,90,15.2
29,15.7,-0.1,-4.5,4.045,-0.03,0,0,0,-0.1,12.2,0,-0.01,0,0,0,56.9,9.1,12,4.072,100,0,0,-0.02,6.8,20.3,-0.1,3,0,13.4,11.7,0,0,-6,13.5
29,11.1,0,0,4.06,0,3,0,0,0,12.3,0,0,0,0,0,57.2,8.2,12,4.087,100,0,0,0,0,12,0,-6,0,13.3,11.6,0,-6,90,11.8
29,15,0,-0.6,4.071,0,0,0,0,0,13.3,0,0,0,0,0,57.3,15.7,16,4.096,100,0,0,0,13.1,20.4,0,-1,0,16.1,12.8,0,0,90,14.4
29,15.6,-0.1,-40,4.065,0,0,-23,0,0,13.5,0,0,0,0,0,57.2,15.7,15.1,4.091,100,0,0,0,13.1,20.5,0,0,2.22,16.1,12.9,0,16,90,14.4
29,,,,,,,,,,,,,,,,,,,,,,,,,,,,,,,,,,
39,8.9,0,6.6,3.621,0,815,-8,0,0,-1.9,0.03,0,0.27,0,0,50.8,1.8,-2.5,3.643,18,0,0,0,-0.5,-4.2,0,0,0,12.4,4.4,0,0,0,5.8
39,0.2,-0.1,6.9,3.625,0,0,0,0,0,-1.9,0,0,0,0,0,50.9,1.8,-1.8,3.647,18,0,0,0,-0.4,-3.2,0,0,0,3.7,-1.2,0,0,0,-1.5
39,0.2,-0.1,6.9,3.625,0,0,0,0,0,-1.9,0,0,0,0,0,50.9,1.8,-1.8,3.647,18,0,0,0,-0.4,-3.2,0,0,0,3.7,-1.2,0,0,0,-1.5
39,2.3,4.9,7.8,3.611,0,798,-7,0,0,-1.7,0.03,0,0.25,0,0,50.7,1.8,-1.8,3.632,17,0,0,0,-0.4,-0.4,0,0,0.31,3.7,-1,0,0,4,-0.8
39,3.5,5.9,7.7,3.608,0,799,-6,0,0,-1.3,0.02,0,0.27,0,0,50.7,1.8,-1.8,3.629,16,0,0,0,-0.4,1.1,0,0,0.31,3.7,-0.7,0,0,5,-0.2
39,4,0,1.9,3.86,0,0,0,0,0,-1.3,0,0,0,0,0,54.2,4.4,-5.8,3.881,69,0,0,0,0.8,-8.6,0,0,0,0.9,-2.6,0,-5,4,-0.1
39,-0.9,4.6,1.9,3.852,0,796,-7,0,0,-1.3,0.04,0,0.31,0,0,54.1,4.4,-5.8,3.874,69,0,0,0,0.8,-8.6,0,0,0,0.9,-2.6,0,1,5,-0.1
39,-1,22.1,1.3,3.838,0,724,0,0,0,-0.2,0.02,0,0.02,0,0,53.9,4,-5.7,3.864,69,0,0,0,0.5,-7.3,0,1,0,1,-2.3,0,-1,5,-0.6
39,1.7,0,2.4,3.833,0,7,0,0,0,0,0,0,0,0,0,53.8,4.1,-4.5,3.855,69,0,0,0,0.6,-4.5,0,0,-0.01,1.1,-2.1,0,0,4,-0.2
17,,,,,,,,,,,,,,,,,,,,,,,,,,,,,,,,,,
17,12.2,4.9,21.5,4.049,-1.59,436,-12,1.7,1.7,11.2,0.03,0.85,0.51,-0.35,0,56.7,17.5,12.5,4.065,100,0.05,0.03,-1.52,13.7,10.6,0,-268,0.51,17.4,10.9,0.05,-108,-1,11.6
29,,,,,,,,,,,,,,,,,,,,,,,,,,,,,,,,,,
41,13.1,0,17.8,3.951,0,7,0,0,0,12,0,0,0,0,0,55.4,11.8,12,3.97,86,0,0,0,10.6,7.9,0,0,0,17.6,12.7,0,0,-11,12.4
41,13.7,0,17.5,3.95,0,0,0,0,0,12.8,0,0,0,0,0,55.5,11.8,12,3.971,86,0,0,0,0,9.3,0,0,0,18.9,13.3,0,6,-12,13.2
92,14.7,-0.1,6.4,3.665,0,-2,-51,0,0,13.2,0.01,0,0.13,0,0,51.5,10.2,,3.678,56,0,0,0,9.2,8,0,-1,-0.01,,12.3,0,0,87,13.6
92,14.4,0,7.4,3.695,0,0,0,0,0,13.7,0,0,0,0,0,51.8,10.2,11.6,3.707,56,0,0,0,9.3,10.5,0,0,0,9.3,12.7,0,0,-4,14.1
92,14.8,0,7.9,3.694,0,0,0,0,0,14.1,0,0,0,0,0,51.8,10.2,12,3.707,56,0,0,0,9.3,10.6,0,3,0,9.7,13.2,0,0,-3,14.7
92,15.2,0,7.9,3.694,0,0,0,0,0,14.7,0,0,0,0,0,51.8,10.2,12,3.706,56,0,0,0,9.3,10.6,0,-2,0,10.4,13.6,0,0,-3,15.2
92,15.6,0,7.9,3.693,0,0,0,0,0,15,0,0,0,0,0,51.8,10.2,12,3.706,56,0,0,0,9.4,10.6,0,-2,0,10.4,14,0,1,-3,15.6
92,15.9,0,7.9,3.693,0,0,0,0,0,15.4,0,0,0,0,0,51.8,10.4,12,3.706,56,0,0,0,9.5,10.6,0,0,0,10.5,14.4,0,0,-3,16.1
92,16.4,0,8,3.692,0,0,0,0,0,15.8,0,0,0,0,0,51.8,10.5,12,3.705,56,0,0,0,9.5,10.6,0,3,0,10.6,14.8,0,0,-3,16.5
92,16.6,0,7.9,3.691,0,0,0,0,0,16.2,0,0,0,0,0,51.8,10.7,12,3.705,56,0,0,0,9.5,10.6,0,0,0,10.6,15,0,0,-3,16.9
92,17,0,7.9,3.692,0,0,0,0,0,16.5,0,0,0,0,0,51.8,10.8,12,3.704,56,0,0,0,9.6,10.6,0,0,0,10.6,15.3,0,0,-3,17.3
92,17.3,0,8,3.691,0,0,0,0,0,16.9,0,0,0,0,0,51.8,11,12,3.704,56,0,0,0,9.6,10.6,0,3,0,10.6,15.6,0,0,-3,17.5
92,17.7,0,7.9,3.691,0,0,0,0,0,17.2,0,0,0,0,0,51.8,11.1,12,3.703,55,0,0,0,9.7,10.6,0,3,0,10.6,15.9,0,0,-3,17.9
92,17.9,0,8,3.69,0,0,0,0,0,17.4,0,0,0,0,0,51.8,11.3,12,3.703,55,0,0,0,9.7,10.6,0,3,0,10.6,16.1,0,0,-3,18.2
92,18.3,0,8.1,3.69,0,0,0,0,0,17.7,0,0,0,0,0,51.8,11.4,12,3.703,55,0,0,0,9.8,10.7,0,2,0,10.6,16.4,0,0,-3,18.6
92,18.6,0,8.4,3.689,0,0,0,0,0,17.9,0,0,0,0,0,51.8,11.5,12,3.702,58,0,0,0,9.8,10.6,0,-2,0,10.6,16.6,0,0,-3,18.7
92,18.9,0,8.7,3.689,0,0,0,0,0,18.1,0,0,0,0,0,51.7,11.7,12.1,3.702,58,0,0,0,9.9,10.7,0,3,0,10.6,16.9,0,0,-3,19.1
92,19.1,0,8.9,3.688,0,0,0,0,0,18.3,0,0,0,0,0,51.7,11.8,12,3.701,58,0,0,0,9.9,10.9,0,-2,0,10.6,17.2,0,0,-3,19.4
92,19.4,0,9.2,3.688,0,0,0,0,0,18.6,0,0,0,0,0,51.7,11.9,12.1,3.701,58,0,0,0,10,11.4,0,3,0,10.6,17.3,0,1,-3,19.6
92,19.7,0,9.2,3.688,0,6,0,0,0,18.7,0,0,0,0,0,51.7,12,12.3,3.701,57,0,0,0,10,11.7,0,-2,0,10.7,17.5,0,0,-3,19.8
92,19.9,0,9.3,3.688,0,0,0,0,0,19,0,0,0,0,0,51.7,12.1,12.8,3.7,57,0,0,0,10.1,11.9,0,3,0,10.8,17.7,0,0,-3,20
92,20.2,0,9.3,3.687,0,0,0,0,0,19.2,0,0,0,0,0,51.7,12.2,13.1,3.7,57,0,0,0,10.1,12,0,3,0,10.8,17.9,0,0,-3,20.3
92,23.1,0,13.6,3.642,0,0,0,0,0,21.8,0,0,0,0,0,51.1,17.4,17.5,3.656,48,0,0,0,15.5,14.9,0,-2,0,15.4,21.4,0,0,-9,23.1
92,23.1,0,13.5,3.642,0,0,0,0,0,21.8,0,0,0,0,0,51.1,17.4,17.5,3.656,48,0,0,0,15.5,14.8,0,-2,0,15.4,21.5,0,0,-9,23.2
92,23.1,0,13.6,3.642,0,0,0,0,0,21.8,0,0,0,0,0,51.1,17.5,17.5,3.656,48,0,0,0,15.5,14.8,0,0,0,15.4,21.5,0,0,-9,23.2
92,23.2,0,13.5,3.642,0,0,0,0,0,22,0,0,0,0,0,51.1,17.5,17.5,3.656,48,0,0,0,15.6,14.9,0,2,0,15.5,21.6,0,0,-9,23.3
92,23.2,0,13.9,3.642,0,-3,0,0,0,22,0,0,0,0,0,51.1,17.5,17.5,3.656,48,0,0,0,15.6,15.1,0,2,0,15.4,21.6,0,0,-9,23.3
92,23.3,0,14,3.642,0,-6,0,0,0,22.1,0,0,0,0,0,51.1,17.6,17.5,3.656,48,0,0,0,15.6,15,0,-2,0,15.7,21.7,0,0,-9,23.4
92,23.3,0,14,3.642,0,-3,0,0,0,22.1,0,0,0,0,0,51.1,17.6,17.5,3.655,47,0,0,0,15.6,15,0,-3,0,15.7,21.7,0,0,-9,23.4
92,23.4,0,14.2,3.641,0,0,0,0,0,22.2,0,0,0,0,0,51.1,17.7,17.5,3.655,48,0,0,0,15.6,15.2,0,1,0,15.8,21.8,0,0,-9,23.5
92,23.5,0,14.5,3.641,0,0,0,0,0,22.3,0,0,0,0,0,51.1,17.7,17.5,3.655,48,0,0,0,15.6,15.2,0,2,0,15.7,22,0,0,-9,23.5
92,23.5,0,14.5,3.641,0,0,0,0,0,22.3,0,0,0,0,0,51.1,17.7,17.5,3.655,47,0,0,0,15.6,15.7,0,1,0,16,22,0,0,-9,23.6
92,23.6,0,14.7,3.641,0,0,0,0,0,22.4,0,0,0,0,0,51.1,17.8,17.5,3.655,47,0,0,0,15.7,15.6,0,-3,0,15.9,22.1,0,0,-9,23.8
92,23.6,0,14.7,3.641,0,7,0,0,0,22.5,0,0,0,0,0,51.1,17.8,17.5,3.655,47,0,0,0,15.7,15.8,0,1,0,16.1,22.2,0,1,-9,23.8
92,23.8,0,14.7,3.64,0,0,0,0,0,22.5,0,0,0,0,0,51.1,17.8,17.5,3.655,47,0,0,0,15.7,15.9,0,2,0,16.2,22.3,0,0,-9,23.9
92,23.8,0,14.7,3.641,0,0,0,0,0,22.6,0,0,0,0,0,51.1,17.9,17.5,3.655,47,0,0,0,15.7,16.2,0,-4,0,16.2,22.3,0,0,-9,24
92,23.9,0,14.7,3.64,0,0,0,0,0,22.6,0,0,0,0,0,51.1,17.9,17.5,3.655,47,0,0,0,15.7,16.1,0,-3,0,16.2,22.4,0,0,-9,24
92,24,0,14.8,3.64,0,0,0,0,0,22.7,0,0,0,0,0,51.1,17.9,17.5,3.655,47,0,0,0,15.7,16.2,0,2,0,16.1,22.4,0,0,-9,24.1
92,24,0,14.8,3.64,0,0,0,0,0,22.9,0,0,0,0,0,51.1,18,17.5,3.654,47,0,0,0,15.8,16.2,0,-3,0,16.2,22.5,0,0,-9,24.1
92,24.1,0,14.7,3.64,0,0,0,0,0,22.9,0,0,0,0,0,51.1,18,17.5,3.654,47,0,0,0,15.8,16.2,0,-3,0,16.2,22.5,0,0,-9,24.2
92,24.2,0,14.7,3.64,0,0,0,0,0,23,0,0,0,0,0,51.1,18,17.5,3.654,47,0,0,0,15.8,16.1,0,2,0,16.1,22.6,0,0,-9,24.2
92,24.2,0,14.8,3.64,0,0,0,0,0,23.1,0,0,0,0,0,51.1,18.1,17.5,3.654,47,0,0,0,15.8,16.2,0,2,0,16.2,22.7,0,0,-9,24.3
92,24.3,0,14.8,3.64,0,0,0,0,0,23.1,0,0,0,0,0,51.1,18.1,17.5,3.654,47,0,0,0,15.8,16.2,0,0,0,16.1,22.7,0,0,-9,24.3
92,24.3,0,14.8,3.639,0,-3,0,0,0,23.1,0,0,0,0,0,51.1,18.1,17.5,3.654,47,0,0,0,15.9,16.2,0,1,0,16.2,22.9,0,0,-9,24.4
92,24.4,0,14.8,3.64,0,-3,0,0,0,23.2,0,0,0,0,0,51.1,18.2,17.5,3.654,47,0,0,0,15.9,16.2,0,0,0,16.2,22.9,0,0,-9,24.5
92,18.5,0,9.5,3.63,0,0,0,0,0,17.4,0,0,0,0,0,50.9,11.9,13.4,3.643,43,0,0,0,10.5,10.6,0,0,0,12,16.9,0,0,90,18.6
92,18.5,0,9.3,3.63,0,0,0,0,0,17.5,0,0,0,0,0,50.9,11.9,13.4,3.643,43,0,0,0,10.5,10.6,0,-1,0,12,16.9,0,0,90,18.7
92,18.7,0,9.3,3.63,0,0,0,0,0,17.7,0,0,0,0,0,50.9,12,13.4,3.643,43,0,0,0,10.5,10.6,0,-1,0,12,17.2,0,0,90,18.9
92,19,0,9.4,3.63,0,0,0,0,0,17.8,0,0,0,0,0,50.9,12.1,13.4,3.642,43,0,0,0,10.5,10.6,0,-1,0,12,17.3,0,0,90,19.1
24,16.5,27.5,11.5,3.9,-0.09,804,-130,14.4,63.9,15.3,0.13,0.97,0.38,4.15,-0.01,55.2,11.3,15.6,3.979,100,4.14,0.37,0.79,10.6,11.9,90.4,4728,0.49,13.3,13.9,-0.54,4715,-3,15.4
24,12.5,27.5,12.2,3.981,-0.93,812,-123,-6.3,14.2,12.4,0.03,1.21,0.38,-1.11,-0.06,56.3,16,15.3,4.067,100,-4.61,0.56,0.93,13.7,8.7,85.9,3872,0.5,11.9,13.2,-2.07,4861,-1,13.6
58,,,,,,,,,,,,,,,,,,,,,,,,,,,,,,,,,,
"56,66",,,,,,,,,,,,,,,,,,,,,,,,,,,,,,,,,,
"56,66",,,,,,,,,,,,,,,,,,,,,,,,,,,,,,,,,,
"56,66",,,,,,,,,,,,,,,,,,,,,,,,,,,,,,,,,,
"56,66",,,,,,,,,,,,,,,,,,,,,,,,,,,,,,,,,,
"56,66",,,,,,,,,,,,,,,,,,,,,,,,,,,,,,,,,,
"56,66",,,,,,,,,,,,,,,,,,,,,,,,,,,,,,,,,,
"56,66",,,,,,,,,,,,,,,,,,,,,,,,,,,,,,,,,,
"56,66",,,,,,,,,,,,,,,,,,,,,,,,,,,,,,,,,,
"56,66",,,,,,,,,,,,,,,,,,,,,,,,,,,,,,,,,,
"56,66",,,,,,,,,,,,,,,,,,,,,,,,,,,,,,,,,,
"56,66",,,,,,,,,,,,,,,,,,,,,,,,,,,,,,,,,,
"56,66",,,,,,,,,,,,,,,,,,,,,,,,,,,,,,,,,,
"56,66",,,,,,,,,,,,,,,,,,,,,,,,,,,,,,,,,,
"56,66",,,,,,,,,,,,,,,,,,,,,,,,,,,,,,,,,,
"56,66",,,,,,,,,,,,,,,,,,,,,,,,,,,,,,,,,,
"56,66",,,,,,,,,,,,,,,,,,,,,,,,,,,,,,,,,,
"56,66",,,,,,,,,,,,,,,,,,,,,,,,,,,,,,,,,,
"56,66",,,,,,,,,,,,,,,,,,,,,,,,,,,,,,,,,,
"56,66",,,,,,,,,,,,,,,,,,,,,,,,,,,,,,,,,,
"56,66",,,,,,,,,,,,,,,,,,,,,,,,,,,,,,,,,,
"56,66",,,,,,,,,,,,,,,,,,,,,,,,,,,,,,,,,,
"56,66",,,,,,,,,,,,,,,,,,,,,,,,,,,,,,,,,,
"56,66",,,,,,,,,,,,,,,,,,,,,,,,,,,,,,,,,,
"56,66",,,,,,,,,,,,,,,,,,,,,,,,,,,,,,,,,,
"56,66",,,,,,,,,,,,,,,,,,,,,,,,,,,,,,,,,,
"56,66",,,,,,,,,,,,,,,,,,,,,,,,,,,,,,,,,,
"56,66",,,,,,,,,,,,,,,,,,,,,,,,,,,,,,,,,,
"56,66",,,,,,,,,,,,,,,,,,,,,,,,,,,,,,,,,,
"56,66",,,,,,,,,,,,,,,,,,,,,,,,,,,,,,,,,,
"56,66",,,,,,,,,,,,,,,,,,,,,,,,,,,,,,,,,,
"56,66",,,,,,,,,,,,,,,,,,,,,,,,,,,,,,,,,,
"56,66",,,,,,,,,,,,,,,,,,,,,,,,,,,,,,,,,,
"56,66",,,,,,,,,,,,,,,,,,,,,,,,,,,,,,,,,,
"56,66",,,,,,,,,,,,,,,,,,,,,,,,,,,,,,,,,,
"56,66",,,,,,,,,,,,,,,,,,,,,,,,,,,,,,,,,,
"56,66",,,,,,,,,,,,,,,,,,,,,,,,,,,,,,,,,,
"56,66",,,,,,,,,,,,,,,,,,,,,,,,,,,,,,,,,,
"56,66",,,,,,,,,,,,,,,,,,,,,,,,,,,,,,,,,,
"56,66",,,,,,,,,,,,,,,,,,,,,,,,,,,,,,,,,,
"56,66",,,,,,,,,,,,,,,,,,,,,,,,,,,,,,,,,,
"56,66",,,,,,,,,,,,,,,,,,,,,,,,,,,,,,,,,,
"56,66",,,,,,,,,,,,,,,,,,,,,,,,,,,,,,,,,,
"56,66",,,,,,,,,,,,,,,,,,,,,,,,,,,,,,,,,,
"56,66",,,,,,,,,,,,,,,,,,,,,,,,,,,,,,,,,,
"56,66",,,,,,,,,,,,,,,,,,,,,,,,,,,,,,,,,,
"56,66",,,,,,,,,,,,,,,,,,,,,,,,,,,,,,,,,,
"56,66",,,,,,,,,,,,,,,,,,,,,,,,,,,,,,,,,,
"56,66",,,,,,,,,,,,,,,,,,,,,,,,,,,,,,,,,,
"56,66",,,,,,,,,,,,,,,,,,,,,,,,,,,,,,,,,,
"56,66",,,,,,,,,,,,,,,,,,,,,,,,,,,,,,,,,,
"56,66",,,,,,,,,,,,,,,,,,,,,,,,,,,,,,,,,,
"56,66",,,,,,,,,,,,,,,,,,,,,,,,,,,,,,,,,,
"56,66",,,,,,,,,,,,,,,,,,,,,,,,,,,,,,,,,,
"56,66",,,,,,,,,,,,,,,,,,,,,,,,,,,,,,,,,,
"56,66",,,,,,,,,,,,,,,,,,,,,,,,,,,,,,,,,,
"56,66",,,,,,,,,,,,,,,,,,,,,,,,,,,,,,,,,,
"56,66",,,,,,,,,,,,,,,,,,,,,,,,,,,,,,,,,,